vacancy_id,title,salary,city,job,publish_date,requirements,responsibilities,experience,employment,url,Job,text,skills,skill_count
1,Big Data аналитик (Junior),,Алматы,"Beeline, ТМ",19-07-2023,"Отличные знания высшей математики, теории вероятности и математической статистики. Желание решать аналитические задачи для получения практически полезных выводов.","Проведение аналитических работ в своем направлении. Построение прогнозов и прогнозных моделей. Выявлять проблемы и находить узкие места, с которыми сталкивается...",От 1 года до 3 лет,Полная занятость,https://hh.ru/vacancy/83688314,Data Analyst,"Big Data аналитик (Junior). Отличные знания высшей математики, теории вероятности и математической статистики. Желание решать аналитические задачи для получения практически полезных выводов. Проведение аналитических работ в своем направлении. Построение прогнозов и прогнозных моделей. Выявлять проблемы и находить узкие места, с которыми сталкивается...",big data,1
2,Data аналитик,,Алматы,"Центр развития города Алматы, АО",29-06-2023,Обязательное высшее техническое образование. Опыт работы в области аналитики данных от 3-х лет. Опыт работы с SQL (мы используем...,"Автоматизация и разработка алгоритмов для сбора и обработки (очистки и верификации) данных. Формирование скриптов загрузки, парсеров. Работа с SQL.",От 3 до 6 лет,Полная занятость,https://hh.ru/vacancy/82757292,Data Analyst,"Data аналитик. Обязательное высшее техническое образование. Опыт работы в области аналитики данных от 3-х лет. Опыт работы с SQL (мы используем... Автоматизация и разработка алгоритмов для сбора и обработки (очистки и верификации) данных. Формирование скриптов загрузки, парсеров. Работа с SQL.",sql,1
3,Data Analyst,,Алматы,Казахстанско - Британский технический университет,20-07-2023,"Высшее образование в области компьютерных наук, математики, физики, эконометрики или смежных областях. Более 2 лет профессионального опыта в технической роли...","Проектирование и разработка автоматизированных решений для обработки данных (прием, обработка, аналитика и вся необходимая логика для создания высококачественных продуктов).",От 3 до 6 лет,Полная занятость,https://hh.ru/vacancy/83728215,Data Analyst,"Data Analyst. Высшее образование в области компьютерных наук, математики, физики, эконометрики или смежных областях. Более 2 лет профессионального опыта в технической роли... Проектирование и разработка автоматизированных решений для обработки данных (прием, обработка, аналитика и вся необходимая логика для создания высококачественных продуктов).",,0
4,Data Engineer,,Алматы,Мобайл Телеком-Сервис (Объединенная Компания Tele2/ALTEL),13-07-2023,Уверенное владение SQL и PL/SQL. Чтение и понимание плана запроса. Чтение и понимание чужих скриптов. Опыт оптимизации запросов на...,Разработка и поддержка витрин данных в интересах аналитиков /datascience. Обеспечение доступности данных в регламентные сроки. Оптимизация SQL запросов.,Нет опыта,Полная занятость,https://hh.ru/vacancy/83364726,Data Analyst,Data Engineer. Уверенное владение SQL и PL/SQL. Чтение и понимание плана запроса. Чтение и понимание чужих скриптов. Опыт оптимизации запросов на... Разработка и поддержка витрин данных в интересах аналитиков /datascience. Обеспечение доступности данных в регламентные сроки. Оптимизация SQL запросов.,sql,1
5,Game Data Analyst,,Астана,G5EN KAZ,20-07-2023,Knowledge of SQL basics. Work experience as an analyst in the gaming or IT industry. Experience in hands-on application...,Interact directly with the project producer and company’s lead analyst . Analyze financial and game indicators of the project.,От 1 года до 3 лет,Полная занятость,https://hh.ru/vacancy/83781624,Data Analyst,Game Data Analyst. Knowledge of SQL basics. Work experience as an analyst in the gaming or IT industry. Experience in hands-on application... Interact directly with the project producer and company’s lead analyst . Analyze financial and game indicators of the project.,sql,1
6,Data Analyst,,Алматы,1Fit,22-07-2023,"Релевантный опыт не менее 1-го года. — Отличная математическая база, знание статистики и обширный опыт применения этого на практике. —",Погружение в поведенческий паттерн сегментов клиентов по занятию спортом для поиска точных ответов по различным бизнес-задачам. — Проведение AB-тестов...,От 1 года до 3 лет,Полная занятость,https://hh.ru/vacancy/83367749,Data Analyst,"Data Analyst. Релевантный опыт не менее 1-го года. — Отличная математическая база, знание статистики и обширный опыт применения этого на практике. — Погружение в поведенческий паттерн сегментов клиентов по занятию спортом для поиска точных ответов по различным бизнес-задачам. — Проведение AB-тестов...",,0
7,Data - инженер,,Алматы,TECHNODOM Operator (Технодом Оператор),20-07-2023,Опыт работы с потоковой аналитикой данных. Опыт в оптимизация больших запросов. Хорошее знание реляционных и не реляционных баз данных.,"Строить потоковую аналитику . Разработка и поддержка витрин данных в интересах аналитиков /datascience. Организация мониторинга качества данных, выявление и устранение ошибок...",От 1 года до 3 лет,Полная занятость,https://hh.ru/vacancy/83755956,Data Analyst,"Data - инженер. Опыт работы с потоковой аналитикой данных. Опыт в оптимизация больших запросов. Хорошее знание реляционных и не реляционных баз данных. Строить потоковую аналитику . Разработка и поддержка витрин данных в интересах аналитиков /datascience. Организация мониторинга качества данных, выявление и устранение ошибок...",,0
8,Middle data analyst,,Алматы,Микрофинансовая организация KMF(КМФ),24-07-2023,,"Проведение аналитических исследований, анализа конкурентов Консультирование пользователей дата-продуктов и хранилищ данных. Дата аналитика : Анализ и профилирование данных на источниках...",От 3 до 6 лет,Полная занятость,https://hh.ru/vacancy/83930213,Data Analyst,"Middle data analyst.  Проведение аналитических исследований, анализа конкурентов Консультирование пользователей дата-продуктов и хранилищ данных. Дата аналитика : Анализ и профилирование данных на источниках...",,0
9,Data Engineer,700000 KZT,Астана,Datanomix.pro,03-07-2023,"Опыт работы не менее 2-3 лет в области данных и интеграции, с акцентом на работу с хранилищами данных.","Взаимодействие с бизнес-пользователями, аналитиками данных и другими участниками проекта для понимания их требований, обсуждения проблем и предоставления соответствующих решений.",От 3 до 6 лет,Полная занятость,https://hh.ru/vacancy/82919678,Data Analyst,"Data Engineer. Опыт работы не менее 2-3 лет в области данных и интеграции, с акцентом на работу с хранилищами данных. Взаимодействие с бизнес-пользователями, аналитиками данных и другими участниками проекта для понимания их требований, обсуждения проблем и предоставления соответствующих решений.",,0
10,Data analyst,,Алматы,Банк ЦентрКредит,17-07-2023,"Опыт работы с финансовыми данными. Знание SQL, Python (pandas, numpy). Опыт применения статистических инструментов исследований. Аналитическое мышление.","Проводить Ad-Hoc исследования, находить инсайты. Выявлять закономерности в поведении клиентов и использовании продуктов, моделировать и интерпретировать их влияние на...",От 1 года до 3 лет,Полная занятость,https://hh.ru/vacancy/82226186,Data Analyst,"Data analyst. Опыт работы с финансовыми данными. Знание SQL, Python (pandas, numpy). Опыт применения статистических инструментов исследований. Аналитическое мышление. Проводить Ad-Hoc исследования, находить инсайты. Выявлять закономерности в поведении клиентов и использовании продуктов, моделировать и интерпретировать их влияние на...","numpy, pandas, python, sql",4
11,Middle Data Engineer,,Алматы,Prime Source,19-07-2023,"Опыт работы с отчетами и пакетами бизнес- аналитики , например: Tableau, QlikView, SAP BO и т.д.. Опыт работы с языками...",Построение потоков данных для хранилища. Оптимизация выгрузок данных из систем источников. Реализация трансформаций в целевые модели данных хранилища.,От 3 до 6 лет,Полная занятость,https://hh.ru/vacancy/83661007,Data Analyst,"Middle Data Engineer. Опыт работы с отчетами и пакетами бизнес- аналитики , например: Tableau, QlikView, SAP BO и т.д.. Опыт работы с языками... Построение потоков данных для хранилища. Оптимизация выгрузок данных из систем источников. Реализация трансформаций в целевые модели данных хранилища.","sap, tableau",2
12,Data engineer,,Астана,DOCUMENTOLOG CREATIVE STUDIO,18-07-2023,"Опыт работы и уверенные навыки в ClickHouse, SQL, python, BI, docker, git обязательно. Базовые знания в DataScience (на уровне TF...","Разработка и реализация стратегии сбора, хранения и обработки данных. Совместно с аналитиками поиск и реализация оптимальных и автоматизированных пайплайнов обработки...",От 3 до 6 лет,Полная занятость,https://hh.ru/vacancy/83591920,Data Analyst,"Data engineer. Опыт работы и уверенные навыки в ClickHouse, SQL, python, BI, docker, git обязательно. Базовые знания в DataScience (на уровне TF... Разработка и реализация стратегии сбора, хранения и обработки данных. Совместно с аналитиками поиск и реализация оптимальных и автоматизированных пайплайнов обработки...","clickhouse, docker, git, python, sql",5
13,Data аналитик,,Алматы,Микрофинансовая организация KMF(КМФ),12-07-2023,"Опыт выгрузки данных из CBS Colvir, Oracle. Опыт написания скриптов на PL/TL SQL. Опыт работы с регуляторной отчетностью.",Анализ и консолидирование требований (в т.ч. не функциональных) к составу и формату данных/отчетов от бизнеса. Внесение изменений в...,От 1 года до 3 лет,Полная занятость,https://hh.ru/vacancy/83362698,Data Analyst,"Data аналитик. Опыт выгрузки данных из CBS Colvir, Oracle. Опыт написания скриптов на PL/TL SQL. Опыт работы с регуляторной отчетностью. Анализ и консолидирование требований (в т.ч. не функциональных) к составу и формату данных/отчетов от бизнеса. Внесение изменений в...","oracle, sql",2
14,Data Engineer,,Алматы,Народный банк Казахстана,03-07-2023,,Разработка и поддержка витрин данных в интересах аналитиков /datascience. Обеспечение доступности данных в регламентные сроки. Оптимизация SQL запросов.,От 1 года до 3 лет,Полная занятость,https://hh.ru/vacancy/80232911,Data Analyst,Data Engineer.  Разработка и поддержка витрин данных в интересах аналитиков /datascience. Обеспечение доступности данных в регламентные сроки. Оптимизация SQL запросов.,sql,1
15,Lead Data Analyst,,Алматы,Connectivity Solutions (Коннективити Солюшнз),17-07-2023,At least 5 years of previous working experience as a Data analyst or a similar role. Knowledge of and comfort...,"Conduct extensive research using numerous internal databases and the Internet. - Translate detailed, broad reporting data sets into highly summarized and...",Более 6 лет,Полная занятость,https://hh.ru/vacancy/83582418,Data Analyst,"Lead Data Analyst. At least 5 years of previous working experience as a Data analyst or a similar role. Knowledge of and comfort... Conduct extensive research using numerous internal databases and the Internet. - Translate detailed, broad reporting data sets into highly summarized and...",,0
16,"Data Analyst (Кипр, Лимассол)",,Алматы,Alex Staff Agency,05-07-2023,3+ года опыта работы на должности Data Analyst . Глубокие знания DBT. Обширные знания SQL. Опыт работы с Big Data.,"Обучение команды аналитиков работе с DBT, курирование и поддержка на всех этапах. Построение процесса создания и преобразования моделей данных.",От 3 до 6 лет,Полная занятость,https://hh.ru/vacancy/81237667,Data Analyst,"Data Analyst (Кипр, Лимассол). 3+ года опыта работы на должности Data Analyst . Глубокие знания DBT. Обширные знания SQL. Опыт работы с Big Data. Обучение команды аналитиков работе с DBT, курирование и поддержка на всех этапах. Построение процесса создания и преобразования моделей данных.","big data, sql",2
17,Data Engineer / Аналитик,,Астана,ЧУ «Центр информационных технологий и сервиса NIS»,03-07-2023,Опыт работы в области IT- аналитики от 2 лет. Понимание основ статистики и математических методов анализа данных. Опыт работы с...,Предоставление структурированных и нормализованных данных для команды аналитиков . Декомпозиция сложных задач и нахождение эффективных решений. Написание сложных запросов используя SQL...,От 3 до 6 лет,Полная занятость,https://hh.ru/vacancy/81583544,Data Analyst,Data Engineer / Аналитик. Опыт работы в области IT- аналитики от 2 лет. Понимание основ статистики и математических методов анализа данных. Опыт работы с... Предоставление структурированных и нормализованных данных для команды аналитиков . Декомпозиция сложных задач и нахождение эффективных решений. Написание сложных запросов используя SQL...,sql,1
18,Data Engineer,,Астана,Казах Софт Девелопмент,13-07-2023,Знание SQL. Опыт работы с ETL инструментом. Практические навыки работы с Python. Опыт администрирование СУБД (желательно). Ключевые навыки: SQL.,"Разработка совместно с системными аналитиками алгоритмов регламентной инкрементальной загрузки. Отладка регламентных загрузок, разбор ошибок. Мониторинг исторической загрузки, разбор ошибок.",От 1 года до 3 лет,Полная занятость,https://hh.ru/vacancy/83373628,Data Analyst,"Data Engineer. Знание SQL. Опыт работы с ETL инструментом. Практические навыки работы с Python. Опыт администрирование СУБД (желательно). Ключевые навыки: SQL. Разработка совместно с системными аналитиками алгоритмов регламентной инкрементальной загрузки. Отладка регламентных загрузок, разбор ошибок. Мониторинг исторической загрузки, разбор ошибок.","etl, python, sql",3
19,Data engineer,,Алматы,ECOMMPAY IT,14-07-2023,"Питон на хорошем уровне (пишешь код не стеной, разбиваешь на разные классы/файлики/конфиги). Хороший SQL (мы используем Vertica, MySQL...",...и настройка пайплайнов обработки данных. Интеграция новых источников данных. Построение витрин данных. Реализация алгоритмов проверки качества данных совместно с аналитиками .,От 3 до 6 лет,Полная занятость,https://hh.ru/vacancy/83439561,Data Analyst,"Data engineer. Питон на хорошем уровне (пишешь код не стеной, разбиваешь на разные классы/файлики/конфиги). Хороший SQL (мы используем Vertica, MySQL... ...и настройка пайплайнов обработки данных. Интеграция новых источников данных. Построение витрин данных. Реализация алгоритмов проверки качества данных совместно с аналитиками .","mysql, python, sql",3
20,Business Data Engineer,,Алматы,Тинькофф,16-07-2023,Высшее техническое образование. Опыт работы с базами данных в качестве разработчика от 3 лет. Свободное владение SQL. Опыт проектирования объектов...,"Быть экспертом по данным: помогать аналитикам в решении вопросов с источниками данных, моделью данных DWH. Разрабатывать витрины в помощь аналитикам .",От 3 до 6 лет,Полная занятость,https://hh.ru/vacancy/82050378,Data Analyst,"Business Data Engineer. Высшее техническое образование. Опыт работы с базами данных в качестве разработчика от 3 лет. Свободное владение SQL. Опыт проектирования объектов... Быть экспертом по данным: помогать аналитикам в решении вопросов с источниками данных, моделью данных DWH. Разрабатывать витрины в помощь аналитикам .","data warehouse, sql",2
21,Lead Data Scientist в R&D-команду логистики Маркета,400000 - 650000 RUR,Алматы,Яндекс,14-07-2023,"От двух лет работали с алгоритмами CV и ML. Знакомы и работали с ML-библиотеками и инструментами (TensorFlow, PyTorch, scikit...","Разрабатывать и внедрять алгоритмы CV и ML, чтобы определять местоположение людей по видеокамерам. Работать над распознаванием паллет и других объектов...",От 3 до 6 лет,Полная занятость,https://hh.ru/vacancy/83442004,Data Analyst,"Lead Data Scientist в R&D-команду логистики Маркета. От двух лет работали с алгоритмами CV и ML. Знакомы и работали с ML-библиотеками и инструментами (TensorFlow, PyTorch, scikit... Разрабатывать и внедрять алгоритмы CV и ML, чтобы определять местоположение людей по видеокамерам. Работать над распознаванием паллет и других объектов...","data science, pytorch, tensorflow",3
22,Главный Data аналитик,,Алматы,Aitas KZ,19-07-2023,"Знание продуктов 1С (ERP, УПП, ЗУП и т.п.). Опыт разработки/доработки и сопровождения типовых конфигураций 1С.","Сбор и анализ данных из разных источников. Участие в проектах по автоматизации процессов, проработке хранилища данных. Разработка требований к качеству...",От 3 до 6 лет,Полная занятость,https://hh.ru/vacancy/83720408,Data Analyst,"Главный Data аналитик. Знание продуктов 1С (ERP, УПП, ЗУП и т.п.). Опыт разработки/доработки и сопровождения типовых конфигураций 1С. Сбор и анализ данных из разных источников. Участие в проектах по автоматизации процессов, проработке хранилища данных. Разработка требований к качеству...","1c, 1c zup, erp",3
23,Начальник отдела Big Data аналитики и Data Science,,Алматы,"Beeline, ТМ",11-07-2023,"Высшее Data Science, Computer Sceince, IT. Опыт управления командой Data science от 1 года. Прикладной опыт в Data science/AI...","Управление Data Science командой – подбор персонала, развитие и менторинг. Формирование потребностей в обучении, управление процессом грейдирования. Формализация и стандартизация процесса...",От 3 до 6 лет,Полная занятость,https://hh.ru/vacancy/83256860,Data Analyst,"Начальник отдела Big Data аналитики и Data Science. Высшее Data Science, Computer Sceince, IT. Опыт управления командой Data science от 1 года. Прикладной опыт в Data science/AI... Управление Data Science командой – подбор персонала, развитие и менторинг. Формирование потребностей в обучении, управление процессом грейдирования. Формализация и стандартизация процесса...","big data, data science",2
24,"Financial data analyst, remote",,Алматы,Xometry Europe GmbH,29-06-2023,"You have gained initial experience in Finance with Big 4, management consulting or a start-up and have a university...","Using your skills, you analyze financial data and prepare it for management use. Provide standard reports and analyses as well...",От 3 до 6 лет,Полная занятость,https://hh.ru/vacancy/82749502,Data Analyst,"Financial data analyst, remote. You have gained initial experience in Finance with Big 4, management consulting or a start-up and have a university... Using your skills, you analyze financial data and prepare it for management use. Provide standard reports and analyses as well...",,0
25,"Financial data analyst, remote",,Астана,Xometry Europe GmbH,09-07-2023,"You have gained initial experience in Finance with Big 4, management consulting or a start-up and have a university...","Using your skills, you analyze financial data and prepare it for management use. Provide standard reports and analyses as well...",От 3 до 6 лет,Полная занятость,https://hh.ru/vacancy/83181686,Data Analyst,"Financial data analyst, remote. You have gained initial experience in Finance with Big 4, management consulting or a start-up and have a university... Using your skills, you analyze financial data and prepare it for management use. Provide standard reports and analyses as well...",,0
26,Data-engineer/Python developer,,Алматы,ASTER AUTO,05-07-2023,Опыт работы с реляционным базами данных: Должны быть уверенные навыки работы с SQL (PLSQL или MySQL). Опыт в разработке\поддержании...,Поддержка и мониторинг существующей инфраструктуры данных. Участие в совместной разработке витрин для аналитиков и сервисов. Поиск и получение доступов к...,От 3 до 6 лет,Полная занятость,https://hh.ru/vacancy/81511067,Data Analyst,Data-engineer/Python developer. Опыт работы с реляционным базами данных: Должны быть уверенные навыки работы с SQL (PLSQL или MySQL). Опыт в разработке\поддержании... Поддержка и мониторинг существующей инфраструктуры данных. Участие в совместной разработке витрин для аналитиков и сервисов. Поиск и получение доступов к...,"mysql, python, sql",3
27,Business Data Engineer,,Астана,Тинькофф,16-07-2023,Высшее техническое образование. Опыт работы с базами данных в качестве разработчика от 3 лет. Свободное владение SQL. Опыт проектирования объектов...,"Быть экспертом по данным: помогать аналитикам в решении вопросов с источниками данных, моделью данных DWH. Разрабатывать витрины в помощь аналитикам .",От 3 до 6 лет,Полная занятость,https://hh.ru/vacancy/82050410,Data Analyst,"Business Data Engineer. Высшее техническое образование. Опыт работы с базами данных в качестве разработчика от 3 лет. Свободное владение SQL. Опыт проектирования объектов... Быть экспертом по данным: помогать аналитикам в решении вопросов с источниками данных, моделью данных DWH. Разрабатывать витрины в помощь аналитикам .","data warehouse, sql",2
28,Manager / Senior Manager to Data & Analytics department,,Алматы,PricewaterhouseCoopers,27-06-2023,"...a managerial or leadership role to lead a team of analysts and data scientists, set goals, and establish priorities.","Experience in managing multiple projects, setting timelines and budgets, and overseeing project execution to ensure the timely delivery of results.",Более 6 лет,Полная занятость,https://hh.ru/vacancy/82489414,Data Analyst,"Manager / Senior Manager to Data & Analytics department. ...a managerial or leadership role to lead a team of analysts and data scientists, set goals, and establish priorities. Experience in managing multiple projects, setting timelines and budgets, and overseeing project execution to ensure the timely delivery of results.",,0
29,Senior Data Engineer,,Алматы,Prime Source,19-07-2023,"Опыт работы с отчетами и пакетами бизнес- аналитики , например: Tableau, QlikView, SAP BO и т.д.. Опыт работы с языками...",Построение потоков данных для хранилища. Оптимизация выгрузок данных из систем источников. Реализация трансформаций в целевые модели данных хранилища.,От 3 до 6 лет,Полная занятость,https://hh.ru/vacancy/83660508,Data Analyst,"Senior Data Engineer. Опыт работы с отчетами и пакетами бизнес- аналитики , например: Tableau, QlikView, SAP BO и т.д.. Опыт работы с языками... Построение потоков данных для хранилища. Оптимизация выгрузок данных из систем источников. Реализация трансформаций в целевые модели данных хранилища.","sap, tableau",2
30,Senior Data Engineer,,Алматы,Мобайл Телеком-Сервис (Объединенная Компания Tele2/ALTEL),11-07-2023,"Опыт самостоятельной разработки ELT процессов на PL/SQL и в промышленных системах ETL/ELT (Oracle Data Intergrator, Informatica, Talend).",Обеспечение разработки и поддержки витрин данных в интересах аналитиков /datascience. Оптимизация архитектуры и структуры данных. Обеспечение актуальности документации по процессам...,Нет опыта,Полная занятость,https://hh.ru/vacancy/83268394,Data Analyst,"Senior Data Engineer. Опыт самостоятельной разработки ELT процессов на PL/SQL и в промышленных системах ETL/ELT (Oracle Data Intergrator, Informatica, Talend). Обеспечение разработки и поддержки витрин данных в интересах аналитиков /datascience. Оптимизация архитектуры и структуры данных. Обеспечение актуальности документации по процессам...","etl, oracle, sql",3
31,MDM Data Architect,,Алматы,Prime Source,19-07-2023,"...лет, методологии хранения данных, качества данных, моделирования данных, управления данными, аналитики . Опыт работы с реляционными СУБД ( Oracle, MS SQL Server...",Проектирование структуры золотой записи клиента. Настройка и поддержание потоков данных из систем источников. Разработка внутренних процессов средвствами системы MDM.,От 3 до 6 лет,Полная занятость,https://hh.ru/vacancy/83661316,Data Analyst,"MDM Data Architect. ...лет, методологии хранения данных, качества данных, моделирования данных, управления данными, аналитики . Опыт работы с реляционными СУБД ( Oracle, MS SQL Server... Проектирование структуры золотой записи клиента. Настройка и поддержание потоков данных из систем источников. Разработка внутренних процессов средвствами системы MDM.","mssql, oracle, sql",3
32,Data Scientist,,Алматы,Kaspi.kz,21-07-2023,"Образование высшее, желательно математическое/ ИТ / экономика / статистика. Опыт работы от 2 лет. Знание: SQL (Oracle syntax), Machine Learning (Supervised) Python...","Анализ клиентской базы. Оценка эффективности кампаний. Проведение кластеризации, сегментации клиентской базы. Построение прогнозных моделей. Внесение предложений по улучшению бизнес-процессов.",От 1 года до 3 лет,Полная занятость,https://hh.ru/vacancy/83811252,Data Scientist,"Data Scientist. Образование высшее, желательно математическое/ ИТ / экономика / статистика. Опыт работы от 2 лет. Знание: SQL (Oracle syntax), Machine Learning (Supervised) Python... Анализ клиентской базы. Оценка эффективности кампаний. Проведение кластеризации, сегментации клиентской базы. Построение прогнозных моделей. Внесение предложений по улучшению бизнес-процессов.","data science, machine learning, oracle, python, sql",5
33,Middle Data scientist,,Алматы,Страховая компания Freedom Finance Insurance,04-07-2023,"Высшее образование в области: математика, прикладная физика, ИТ. Опыт анализа больших массивов структурированных и неструктурированных данных. Опыт построения моделей и...","Сбор, обработка, анализ и интерпретация больших данных. Строить и совершенствовать модели машинного обучения. Разрабатывать и оптимизировать систему автоматизированного принятия решений.",От 1 года до 3 лет,Полная занятость,https://hh.ru/vacancy/82975766,Data Scientist,"Middle Data scientist. Высшее образование в области: математика, прикладная физика, ИТ. Опыт анализа больших массивов структурированных и неструктурированных данных. Опыт построения моделей и... Сбор, обработка, анализ и интерпретация больших данных. Строить и совершенствовать модели машинного обучения. Разрабатывать и оптимизировать систему автоматизированного принятия решений.",data science,1
34,Data Scientist CVM,,Алматы,Банк ЦентрКредит,10-07-2023,"Мы рассчитываем, что у Вас есть опыт и знания для этой позиции: Уверенное владение Python и основными библиотеками анализа данных...","Решать бизнес-задачи с помощью анализа данных и машинного обучения. Проводить поиск, выгрузку, статистический анализ и обработку данных.",От 1 года до 3 лет,Полная занятость,https://hh.ru/vacancy/81878002,Data Scientist,"Data Scientist CVM. Мы рассчитываем, что у Вас есть опыт и знания для этой позиции: Уверенное владение Python и основными библиотеками анализа данных... Решать бизнес-задачи с помощью анализа данных и машинного обучения. Проводить поиск, выгрузку, статистический анализ и обработку данных.","data science, python",2
35,Lead AI Data Scientist,,Алматы,Compound Solutions SL,23-07-2023,2 years of machine learning engineering experience. 3 years of AI data science experience. At least 1 year of management...,,От 3 до 6 лет,Частичная занятость,https://hh.ru/vacancy/83296188,Data Scientist,Lead AI Data Scientist. 2 years of machine learning engineering experience. 3 years of AI data science experience. At least 1 year of management...,"data science, machine learning",2
36,Senior Data Scientist,,Алматы,Мобайл Телеком-Сервис (Объединенная Компания Tele2/ALTEL),11-07-2023,"Бакалавр или магистр в области компьютерных наук, статистики, математики или смежной области. Минимум 2 лет опыта работы в области Data...",Разработка и реализация сложных алгоритмов машинного обучения для улучшения наших продуктов и услуг. Анализ больших объемов данных и создание прогнозных...,Нет опыта,Полная занятость,https://hh.ru/vacancy/83254957,Data Scientist,"Senior Data Scientist. Бакалавр или магистр в области компьютерных наук, статистики, математики или смежной области. Минимум 2 лет опыта работы в области Data... Разработка и реализация сложных алгоритмов машинного обучения для улучшения наших продуктов и услуг. Анализ больших объемов данных и создание прогнозных...",data science,1
37,"Senior Consultant, Data Scientist, Technology Group",,Алматы,KPMG,04-07-2023,"Completed university degree in Computer Science, Statistics, Engineering or similar technical field. A combination of one or more of the...","Build data science assets (aka ‘accelerators’), in line with our global strategy, to ensure we have the platforms and core...",От 3 до 6 лет,Полная занятость,https://hh.ru/vacancy/52581749,Data Scientist,"Senior Consultant, Data Scientist, Technology Group. Completed university degree in Computer Science, Statistics, Engineering or similar technical field. A combination of one or more of the... Build data science assets (aka ‘accelerators’), in line with our global strategy, to ensure we have the platforms and core...",data science,1
38,Графический и UI/UX Junior web-дизайнер,100000 KZT,Алматы,GoodViz,20-07-2023,"Любой опыт работы на аналогичной позиции. Знание и опыт работы с инструментами: Figma, Adobe Photoshop и Adobe Illustrator.","Разработка и создание сайтов, включая дизайн и UX. Разработка и внедрение брендбуков и логобуков. Создание графических материалов для рекламы и...",От 1 года до 3 лет,Полная занятость,https://hh.ru/vacancy/83780079,Designer,"Графический и UI/UX Junior web-дизайнер. Любой опыт работы на аналогичной позиции. Знание и опыт работы с инструментами: Figma, Adobe Photoshop и Adobe Illustrator. Разработка и создание сайтов, включая дизайн и UX. Разработка и внедрение брендбуков и логобуков. Создание графических материалов для рекламы и...","adobe illustrator, adobe photoshop, figma, ui/ux",4
39,UX/UI дизайнер (Удаленно),,Алматы,NCRM GROUP,23-07-2023,Свободное владение Figma. Владение основами типографики и композиции. Способность к генерации и визуализации интерфейсных решений. Понимание принципов usability и адаптивности...,Работать над внутренними проектами по веб направлению и мобильной разработке. Развивать дизайн-систему. Взаимодействовать с разработчиками и сопровождать процесс реализации...,От 1 года до 3 лет,Проектная работа,https://hh.ru/vacancy/83901897,Designer,UX/UI дизайнер (Удаленно). Свободное владение Figma. Владение основами типографики и композиции. Способность к генерации и визуализации интерфейсных решений. Понимание принципов usability и адаптивности... Работать над внутренними проектами по веб направлению и мобильной разработке. Развивать дизайн-систему. Взаимодействовать с разработчиками и сопровождать процесс реализации...,"figma, ui/ux",2
40,UX/UI Дизайнер,150000 - 200000 KZT,Актобе,eDauir,19-07-2023,Быстрая обучаемость и желание развиваться.,"Работа в Актобе. Разработка UI/UX дизайна сайта, платформы.",От 1 года до 3 лет,Полная занятость,https://hh.ru/vacancy/83703079,Designer,"UX/UI Дизайнер. Быстрая обучаемость и желание развиваться. Работа в Актобе. Разработка UI/UX дизайна сайта, платформы.",ui/ux,1
41,UI/UX Веб-дизайнер,300000 - 500000 KZT,Алматы,Keip Tech,23-07-2023,"Опыт работы в области UI/UX дизайна от 3 лет. Владение инструментами Figma, включая создание и использование динамических компонентов, прототипирование...","Разработка и реализация дизайна пользовательского интерфейса веб-приложений. Проведение исследований пользовательского опыта, внедрение полученных знаний в дизайн. Работа над улучшением...",От 3 до 6 лет,Полная занятость,https://hh.ru/vacancy/83539016,Designer,"UI/UX Веб-дизайнер. Опыт работы в области UI/UX дизайна от 3 лет. Владение инструментами Figma, включая создание и использование динамических компонентов, прототипирование... Разработка и реализация дизайна пользовательского интерфейса веб-приложений. Проведение исследований пользовательского опыта, внедрение полученных знаний в дизайн. Работа над улучшением...","figma, ui/ux",2
42,UX-UI дизайнер мобильного приложения,,Астана,Locagroup,18-07-2023,"Опыт работы в области графического дизайна и UI/UX дизайна. Уверенное владение инструментами дизайна, такими как Adobe Creative Suite (Photoshop...","Разработка пользовательских интерфейсов (UI) мобильных приложений и других цифровых продуктов, с учетом современных трендов и лучших практик UX/UI дизайна.",От 1 года до 3 лет,Полная занятость,https://hh.ru/vacancy/83632017,Designer,"UX-UI дизайнер мобильного приложения. Опыт работы в области графического дизайна и UI/UX дизайна. Уверенное владение инструментами дизайна, такими как Adobe Creative Suite (Photoshop... Разработка пользовательских интерфейсов (UI) мобильных приложений и других цифровых продуктов, с учетом современных трендов и лучших практик UX/UI дизайна.","adobe photoshop, ui/ux",2
43,UX/UI дизайнер,,Алматы,Golden Bridge Partners,22-07-2023,"Опыт работы UX/ UI дизайнером с реализованными проектами (сложные интерфейсы взаимодействия web/mobile будет плюсом). Умение доносить идею, отстаивать свою...",Adobe Photoshop. Adobe Illustrator. Figma. Usability. Графический дизайн. Проектирование пользовательских интерфейсов. Дизайн интерфейсов. Web-дизайн. UX/UI.,От 1 года до 3 лет,Полная занятость,https://hh.ru/vacancy/83675607,Designer,"UX/UI дизайнер. Опыт работы UX/ UI дизайнером с реализованными проектами (сложные интерфейсы взаимодействия web/mobile будет плюсом). Умение доносить идею, отстаивать свою... Adobe Photoshop. Adobe Illustrator. Figma. Usability. Графический дизайн. Проектирование пользовательских интерфейсов. Дизайн интерфейсов. Web-дизайн. UX/UI.","adobe illustrator, adobe photoshop, figma, ui/ux",4
44,UX/UI-дизайнер,,Астана,Апару,05-07-2023,,"Разработка интерфейсов, которые превосходят все ожидания пользователей. До встречи!",От 1 года до 3 лет,Полная занятость,https://hh.ru/vacancy/83007226,Designer,"UX/UI-дизайнер.  Разработка интерфейсов, которые превосходят все ожидания пользователей. До встречи!",ui/ux,1
45,UX/UI Дизайнер,350000 - 500000 KZT,Алматы,ТРАНСЛАЙН,24-07-2023,"Портфолио. Опыт от 1-го года. Figma, Photoshop. Понимание работы Front-End части. Будет плюсом: Профильное образование в части дизайна...",Разработка макетов на Figma. Улучшение user experience от наших услуг. Разработка дизайн кода. Создание UI Kit. Обсуждение юзабилити сайта и...,От 1 года до 3 лет,Полная занятость,https://hh.ru/vacancy/83935220,Designer,"UX/UI Дизайнер. Портфолио. Опыт от 1-го года. Figma, Photoshop. Понимание работы Front-End части. Будет плюсом: Профильное образование в части дизайна... Разработка макетов на Figma. Улучшение user experience от наших услуг. Разработка дизайн кода. Создание UI Kit. Обсуждение юзабилити сайта и...","adobe photoshop, figma, ui/ux",3
46,UX/UI designer,,Алматы,Международная беттинг компания Parimatch (ТОО БК PM Бет),24-07-2023,Релевантный коммерческий опыт от 2-х лет. Свободное владение Figma. Знание принципов Usability. Реальный опыт разработки адаптивного дизайна.,Дизайн сайтов под различные проекты компании. Дизайн промо-лендингов. Разработка дизайна пользовательских интерфейсов в соответствии с дизайн-системой для продукта...,От 1 года до 3 лет,Полная занятость,https://hh.ru/vacancy/83616464,Designer,UX/UI designer. Релевантный коммерческий опыт от 2-х лет. Свободное владение Figma. Знание принципов Usability. Реальный опыт разработки адаптивного дизайна. Дизайн сайтов под различные проекты компании. Дизайн промо-лендингов. Разработка дизайна пользовательских интерфейсов в соответствии с дизайн-системой для продукта...,"figma, ui/ux",2
47,UI/UX Дизайнер,,Алматы,IDOCSKZ,12-07-2023,Уверенное владение Figma. Опыт работы в команде с разработчиками. Опыт в дизайне мобильных приложений. Знания в Google material и Apple...,"Отвечать за пользовательский интерфейс и его архитектуру. Взаимодействие, исследования пользователей и визуальный дизайн на разных платформах. Определение целевой аудитории продукта...",От 1 года до 3 лет,Полная занятость,https://hh.ru/vacancy/83334148,Designer,"UI/UX Дизайнер. Уверенное владение Figma. Опыт работы в команде с разработчиками. Опыт в дизайне мобильных приложений. Знания в Google material и Apple... Отвечать за пользовательский интерфейс и его архитектуру. Взаимодействие, исследования пользователей и визуальный дизайн на разных платформах. Определение целевой аудитории продукта...","figma, ui/ux",2
48,UI/UX desıgner,,Астана,АДмастерс,19-07-2023,"Опыт проектирования мобильных приложений и сайтов. - Уверенное использование Figma. - Понимание концепции Pixel Perfect, основ HTML / CSS. - Знание гайдлайнов iOS и...",Экосистема TrustMe находится в поиске Frontend-разработчика. - Анализ целевой аудитории платформы и мобильного приложения. - Выработка рекомендаций к UX на основании...,От 3 до 6 лет,Полная занятость,https://hh.ru/vacancy/83659598,Designer,"UI/UX desıgner. Опыт проектирования мобильных приложений и сайтов. - Уверенное использование Figma. - Понимание концепции Pixel Perfect, основ HTML / CSS. - Знание гайдлайнов iOS и... Экосистема TrustMe находится в поиске Frontend-разработчика. - Анализ целевой аудитории платформы и мобильного приложения. - Выработка рекомендаций к UX на основании...","css, figma, html, ios, ui/ux",5
49,Дизайнер UI/UX,,Алматы,"Bank RBK, АО",30-06-2023,"Понимание принципов UI/UX. Опыт работы не менее 1 года в должности дизайнера UI/UX с портфолио, демонстрирующим реализованные проекты.","Разработка концепций UI/UX в соответствии с бизнес-требованиями. Дизайн и планирование разделов, функций и отдельных экранов для приложений и...",От 3 до 6 лет,Полная занятость,https://hh.ru/vacancy/82821055,Designer,"Дизайнер UI/UX. Понимание принципов UI/UX. Опыт работы не менее 1 года в должности дизайнера UI/UX с портфолио, демонстрирующим реализованные проекты. Разработка концепций UI/UX в соответствии с бизнес-требованиями. Дизайн и планирование разделов, функций и отдельных экранов для приложений и...",ui/ux,1
50,Ux/ui дизайнер,300000 KZT,Алматы,PAYDA Accounting Development (ПАЙДА Аккаунтинг Девелопмент),24-07-2023,Опыт проектирования мобильных приложений и сайтов. Уверенное использование Figma. Знание гайдлайнов iOS и Android. Понимание принципов адаптивного дизайна.,Анализ целевой аудитории платформы и мобильного приложения. Выработка рекомендаций к UX на основании построенных CJM c последующей доработкой.,От 1 года до 3 лет,Полная занятость,https://hh.ru/vacancy/83312622,Designer,Ux/ui дизайнер. Опыт проектирования мобильных приложений и сайтов. Уверенное использование Figma. Знание гайдлайнов iOS и Android. Понимание принципов адаптивного дизайна. Анализ целевой аудитории платформы и мобильного приложения. Выработка рекомендаций к UX на основании построенных CJM c последующей доработкой.,"android, figma, ios, ui/ux",4
51,UX/UI Designer в SuperApp,,Алматы,Kcell,01-07-2023,Высшее образование. Знание принципов веб-дизайна и гайдлайнов для Apple и Google. Уверенное владение инструментами Figma / Sketch. Прототипирование и использование...,"Тесно работать вместе с разработчиками и Product Owner-ами. Создавать решения для сложных пользовательских сценариев, продумывать состояния. Отстаивать интересы пользователя...",От 1 года до 3 лет,Полная занятость,https://hh.ru/vacancy/81388274,Designer,"UX/UI Designer в SuperApp. Высшее образование. Знание принципов веб-дизайна и гайдлайнов для Apple и Google. Уверенное владение инструментами Figma / Sketch. Прототипирование и использование... Тесно работать вместе с разработчиками и Product Owner-ами. Создавать решения для сложных пользовательских сценариев, продумывать состояния. Отстаивать интересы пользователя...","figma, ui/ux",2
52,UI/UX Дизайнер,300000 - 500000 KZT,Алматы,Зина Групп,24-07-2023,Исследование опыта пользователя на основе данных аналитики или данных фокус групп. Обладаешь твердыми знаниями лучших практик UX и системным мышлением.,"Создания концептов дизайна, и участие в создании процессов использования продукта пользователями. Составлять и документировать guidelines на UI/UX для команд...",От 1 года до 3 лет,Полная занятость,https://hh.ru/vacancy/82511718,Designer,"UI/UX Дизайнер. Исследование опыта пользователя на основе данных аналитики или данных фокус групп. Обладаешь твердыми знаниями лучших практик UX и системным мышлением. Создания концептов дизайна, и участие в создании процессов использования продукта пользователями. Составлять и документировать guidelines на UI/UX для команд...",ui/ux,1
53,Дизайнер UI/UX (Middle/Senior),,Алматы,Банк ЦентрКредит,11-07-2023,Опыт работы UX/ UI дизайнером в продуктовой команде с реализованными проектами (сложные интерфейсы взаимодействия web/mobile будет плюсом).,Проектировать опыт взаимодействия пользователей с продуктами и процессами в наших цифровых каналах. Проверять и улучшать дизайн-решения на основе пользовательских...,От 3 до 6 лет,Полная занятость,https://hh.ru/vacancy/83290935,Designer,Дизайнер UI/UX (Middle/Senior). Опыт работы UX/ UI дизайнером в продуктовой команде с реализованными проектами (сложные интерфейсы взаимодействия web/mobile будет плюсом). Проектировать опыт взаимодействия пользователей с продуктами и процессами в наших цифровых каналах. Проверять и улучшать дизайн-решения на основе пользовательских...,ui/ux,1
54,UI/UX Designer (remote),,Алматы,Zoftify Eesti OÜ,27-06-2023,"Experience leading in product design workshops. Experience designing products from A to Z (product design , wireframing, prototyping, UI ).","Work on international projects (Germany, Switzerland, UK, US). Design beautiful mobile and web apps in Figma. Participate in product design...",От 3 до 6 лет,Полная занятость,https://hh.ru/vacancy/82558053,Designer,"UI/UX Designer (remote). Experience leading in product design workshops. Experience designing products from A to Z (product design , wireframing, prototyping, UI ). Work on international projects (Germany, Switzerland, UK, US). Design beautiful mobile and web apps in Figma. Participate in product design...","figma, ui/ux",2
55,Дизайнер UI/UX (веб-сайт и мобильные приложения),,Алматы,ALLUR AUTO,20-07-2023,"Инструменты дизайна: Уверенное владение инструментами дизайна, такими как Sketch, Adobe XD, Figma или аналогичными. Прототипирование: Опыт работы с инструментами прототипирования...",Определение пользовательских требований и целей: Сбор и анализ пользовательских требований и определение ключевых метрик успеха. Создание концепций и прототипов: Разработка...,От 3 до 6 лет,Полная занятость,https://hh.ru/vacancy/82190545,Designer,"Дизайнер UI/UX (веб-сайт и мобильные приложения). Инструменты дизайна: Уверенное владение инструментами дизайна, такими как Sketch, Adobe XD, Figma или аналогичными. Прототипирование: Опыт работы с инструментами прототипирования... Определение пользовательских требований и целей: Сбор и анализ пользовательских требований и определение ключевых метрик успеха. Создание концепций и прототипов: Разработка...","figma, ui/ux",2
56,Senior/Team Lead UX/UI дизайнер,,Алматы,Airba Fresh,13-07-2023,"Опыт работы в UX/UI дизайне не менее 3 лет, включая опыт работы в роли лидера команды. Опыт работы в...","Руководство командой UX/ UI дизайнеров , включая постановку целей, распределение задач и обеспечение выполнения проектов в срок. Разработка пользовательских интерфейсов мобильных...",От 3 до 6 лет,Полная занятость,https://hh.ru/vacancy/83383546,Designer,"Senior/Team Lead UX/UI дизайнер. Опыт работы в UX/UI дизайне не менее 3 лет, включая опыт работы в роли лидера команды. Опыт работы в... Руководство командой UX/ UI дизайнеров , включая постановку целей, распределение задач и обеспечение выполнения проектов в срок. Разработка пользовательских интерфейсов мобильных...",ui/ux,1
57,UI/UX дизайнер,,Алматы,Fntastic» (Фнтастик),22-07-2023,Применять творческое и креативное мышление для решения нестандартных задач. Наличие актуального портфолио с примерами работ. Уверенное владение графическими редакторами Adobe...,Fntastic — международная организация со штаб-квартирой в Сингапуре. Создавать дизайны многофункциональных пользовательских интерфейсов для игровых проектов. Сопровождать интеграцию созданных пользовательских...,От 1 года до 3 лет,Полная занятость,https://hh.ru/vacancy/83189131,Designer,UI/UX дизайнер. Применять творческое и креативное мышление для решения нестандартных задач. Наличие актуального портфолио с примерами работ. Уверенное владение графическими редакторами Adobe... Fntastic — международная организация со штаб-квартирой в Сингапуре. Создавать дизайны многофункциональных пользовательских интерфейсов для игровых проектов. Сопровождать интеграцию созданных пользовательских...,ui/ux,1
58,UI/UX дизайнер,,Астана,Fntastic» (Фнтастик),22-07-2023,Применять творческое и креативное мышление для решения нестандартных задач. Наличие актуального портфолио с примерами работ. Уверенное владение графическими редакторами Adobe...,Fntastic — международная организация со штаб-квартирой в Сингапуре. Создавать дизайны многофункциональных пользовательских интерфейсов для игровых проектов. Сопровождать интеграцию созданных пользовательских...,От 1 года до 3 лет,Полная занятость,https://hh.ru/vacancy/83189132,Designer,UI/UX дизайнер. Применять творческое и креативное мышление для решения нестандартных задач. Наличие актуального портфолио с примерами работ. Уверенное владение графическими редакторами Adobe... Fntastic — международная организация со штаб-квартирой в Сингапуре. Создавать дизайны многофункциональных пользовательских интерфейсов для игровых проектов. Сопровождать интеграцию созданных пользовательских...,ui/ux,1
59,Преподаватель курса UI/UX дизайн,120000 - 360000 KZT,Астана,MyFreedom Education,18-07-2023,"Знание Figma, Photoshop. Грамотная речь. Умение работать в команде. Умение общаться и объяснять.",Преподавание по готовой методике. Проверка домашних заданий. Составление отчетов о посещаемости и успеваемости студентов.,От 3 до 6 лет,Частичная занятость,https://hh.ru/vacancy/83590063,Designer,"Преподаватель курса UI/UX дизайн. Знание Figma, Photoshop. Грамотная речь. Умение работать в команде. Умение общаться и объяснять. Преподавание по готовой методике. Проверка домашних заданий. Составление отчетов о посещаемости и успеваемости студентов.","adobe photoshop, figma, ui/ux",3
60,Web UI/UX Designer,,Астана,G5EN KAZ,22-07-2023,"Опыт разработки интерфейсов для веб-сайтов или приложений от 2-х лет. Знание общих принципов UI/UX, основ композиции и...","Дизайн интерфейсов для веб-сайтов и веб-приложений. Работа в тесном контакте с менеджерами по продукту, разработчиками и тестировщиками.",От 3 до 6 лет,Полная занятость,https://hh.ru/vacancy/83675914,Designer,"Web UI/UX Designer. Опыт разработки интерфейсов для веб-сайтов или приложений от 2-х лет. Знание общих принципов UI/UX, основ композиции и... Дизайн интерфейсов для веб-сайтов и веб-приложений. Работа в тесном контакте с менеджерами по продукту, разработчиками и тестировщиками.",ui/ux,1
61,3D Designer with UX/UI Experience,,Астана,Ramotion,27-06-2023,"The opportunity to collaborate with innovative startups and fast-growing SMBs in sectors like SAAS, Fintech, Edtech, Healthcare, Green Energy...","A stable stream of diverse projects in various formats, including AR/VR, mobile apps, and web apps. Clear and structured...",От 3 до 6 лет,Полная занятость,https://hh.ru/vacancy/82572021,Designer,"3D Designer with UX/UI Experience. The opportunity to collaborate with innovative startups and fast-growing SMBs in sectors like SAAS, Fintech, Edtech, Healthcare, Green Energy... A stable stream of diverse projects in various formats, including AR/VR, mobile apps, and web apps. Clear and structured...",ui/ux,1
62,"UX/UI product дизайнер (Senior, Fintech)",,Алматы,Финансовые Платформы,22-07-2023,Опыт работы на должности UI/UX-проектировщика с аналогичными функциями от 5 лет в финтех-проектах (обязательно). Английский язык C...,Исследование задач и предметной области. Сбор и анализ требований к новому и существующему функционалу. Проработка пользовательских сценариев. Разработка макетов дизайна...,Более 6 лет,Полная занятость,https://hh.ru/vacancy/82685447,Designer,"UX/UI product дизайнер (Senior, Fintech). Опыт работы на должности UI/UX-проектировщика с аналогичными функциями от 5 лет в финтех-проектах (обязательно). Английский язык C... Исследование задач и предметной области. Сбор и анализ требований к новому и существующему функционалу. Проработка пользовательских сценариев. Разработка макетов дизайна...",ui/ux,1
63,UI Director,,Алматы,G5EN KAZ,22-07-2023,"Портфолио реализованных проектов. Опыт управления отделом/командой UI - дизайнеров . Эффективные коммуникативные и организаторские способности. Сильный визуализатор, способный преобразовывать игровой дизайн...",Ответственность за создание и внедрение пользовательского интерфейса в проекты компании. Обучение UI - дизайнеров принципам юзабилити и дизайна интерфейсов.,От 3 до 6 лет,Полная занятость,https://hh.ru/vacancy/82976209,Designer,"UI Director. Портфолио реализованных проектов. Опыт управления отделом/командой UI - дизайнеров . Эффективные коммуникативные и организаторские способности. Сильный визуализатор, способный преобразовывать игровой дизайн... Ответственность за создание и внедрение пользовательского интерфейса в проекты компании. Обучение UI - дизайнеров принципам юзабилити и дизайна интерфейсов.",,0
64,Middle UI Artist,,Астана,Playrix,13-07-2023,Опыт создания интерфейсов для мобильных игр от двух лет (преимущественно в казуальной стилистике). Портфолио с примерами работ по UI.,Поиск интересных и уникальных интерфейсных решений для новых фич. Отрисовка сложных окон и всех их элементов. Взаимодействие с другими участниками...,От 1 года до 3 лет,Полная занятость,https://hh.ru/vacancy/81890352,Designer,Middle UI Artist. Опыт создания интерфейсов для мобильных игр от двух лет (преимущественно в казуальной стилистике). Портфолио с примерами работ по UI. Поиск интересных и уникальных интерфейсных решений для новых фич. Отрисовка сложных окон и всех их элементов. Взаимодействие с другими участниками...,,0
65,UI Director,,Астана,G5EN KAZ,22-07-2023,"Портфолио реализованных проектов. Опыт управления отделом/командой UI - дизайнеров . Эффективные коммуникативные и организаторские способности. Сильный визуализатор, способный преобразовывать игровой дизайн...",Ответственность за создание и внедрение пользовательского интерфейса в проекты компании. Обучение UI - дизайнеров принципам юзабилити и дизайна интерфейсов.,От 3 до 6 лет,Полная занятость,https://hh.ru/vacancy/82976208,Designer,"UI Director. Портфолио реализованных проектов. Опыт управления отделом/командой UI - дизайнеров . Эффективные коммуникативные и организаторские способности. Сильный визуализатор, способный преобразовывать игровой дизайн... Ответственность за создание и внедрение пользовательского интерфейса в проекты компании. Обучение UI - дизайнеров принципам юзабилити и дизайна интерфейсов.",,0
66,Веб-разработчик,180000 KZT,Астана,Кан О.В.,23-07-2023,Опыт работы в разработке веб-сайтов с использованием Tilda. Знание основных принципов и возможностей платформы Tilda. Умение создавать адаптивные и...,Разработка веб сайтов. Настройка контекстной рекламы.,От 1 года до 3 лет,Частичная занятость,https://hh.ru/vacancy/83900661,Developer,Веб-разработчик. Опыт работы в разработке веб-сайтов с использованием Tilda. Знание основных принципов и возможностей платформы Tilda. Умение создавать адаптивные и... Разработка веб сайтов. Настройка контекстной рекламы.,,0
67,Программист (Удаленно),300 - 300 USD,Костанай,Ингстем-Казахстан,18-07-2023,"Вы не имеете коммерческого опыта в разработке, но программируете для себя и/или имеете учебный опыт в языке С.","Отладка и исправление багов серверного сетевого программного обеспечения (tcpdump, ss, анализ дампа ядра). Разработка и поддержка программного обеспечения, использующего сетевые...",Нет опыта,Стажировка,https://hh.ru/vacancy/83641570,Developer,"Программист (Удаленно). Вы не имеете коммерческого опыта в разработке, но программируете для себя и/или имеете учебный опыт в языке С. Отладка и исправление багов серверного сетевого программного обеспечения (tcpdump, ss, анализ дампа ядра). Разработка и поддержка программного обеспечения, использующего сетевые...",,0
68,Программист-разработчик (на практику и трудоустройство),,Костанай,Бақ-ЛИЧ,18-07-2023,"Обзорное понимание объектно-ориентированных языков программирования (любого). Рассмотрим варианты, для адаптации ваших знаний под наши проекты.",,Нет опыта,Полная занятость,https://hh.ru/vacancy/83585367,Developer,"Программист-разработчик (на практику и трудоустройство). Обзорное понимание объектно-ориентированных языков программирования (любого). Рассмотрим варианты, для адаптации ваших знаний под наши проекты.",,0
69,Java Junior Developer,,Алматы,Kcell,24-07-2023,"Опыт разработки на Java не менее 1 года, опыт работы со Spring обязателен. Знание принципов ООП, SOLID, паттернов проектирования.",Разработка и настройка ПО для интеграционных сервисов на основе микросервисной архитектуры. Создание новых систем и рефакторинг существующих систем.,От 1 года до 3 лет,Полная занятость,https://hh.ru/vacancy/83910044,Developer,"Java Junior Developer. Опыт разработки на Java не менее 1 года, опыт работы со Spring обязателен. Знание принципов ООП, SOLID, паттернов проектирования. Разработка и настройка ПО для интеграционных сервисов на основе микросервисной архитектуры. Создание новых систем и рефакторинг существующих систем.","java, spring",2
70,Web-программист - стажер,,Алматы,Autodata,11-07-2023,Основы программирования HTML&CSS. Базовые понимания в javascript. Теорию работы больших систем. Как поменять значения двух переменных не используя третью...,"Разрабатывать фронтенд веб приложений на ReactJs, React Native и VueJs. Понимать, как устроен RESTfull API, его правильное проектирование и разработка.",Нет опыта,Стажировка,https://hh.ru/vacancy/83285184,Developer,"Web-программист - стажер. Основы программирования HTML&CSS. Базовые понимания в javascript. Теорию работы больших систем. Как поменять значения двух переменных не используя третью... Разрабатывать фронтенд веб приложений на ReactJs, React Native и VueJs. Понимать, как устроен RESTfull API, его правильное проектирование и разработка.","css, html, javascript, react, react native, vue.js",6
71,Frontend-разработчик (React),220000 - 300000 KZT,Караганда,КОЛБОТ,19-07-2023,Отличные знания JavaScript. Опыт работы с React. Понимание современного стека web-разработки. Готовность работать в распределенной команде.,Разрабатывать клиентские и внутренние интерфейсы. Участвовать в командной разработке.,От 1 года до 3 лет,Полная занятость,https://hh.ru/vacancy/83675185,Developer,Frontend-разработчик (React). Отличные знания JavaScript. Опыт работы с React. Понимание современного стека web-разработки. Готовность работать в распределенной команде. Разрабатывать клиентские и внутренние интерфейсы. Участвовать в командной разработке.,"javascript, react",2
72,"Frontend разработчик, React, Flutter",,Алматы,СК Jusan Garant,24-07-2023,Опыт работы в качестве Frontend-разработчика от 2-х лет. Отличные знания JavaScript / TypeScript / HTML / CSS / Dart. Опыт работы с...,"Поддержка работы сайта и мобильного приложения. Разработка нового функционала, доработки имеющегося. Анализ кода и рефакторинг. Сотрудничество с подразделениями.",От 1 года до 3 лет,Полная занятость,https://hh.ru/vacancy/83912456,Developer,"Frontend разработчик, React, Flutter. Опыт работы в качестве Frontend-разработчика от 2-х лет. Отличные знания JavaScript / TypeScript / HTML / CSS / Dart. Опыт работы с... Поддержка работы сайта и мобильного приложения. Разработка нового функционала, доработки имеющегося. Анализ кода и рефакторинг. Сотрудничество с подразделениями.","css, dart, flutter, html, javascript, react, typescript",7
73,Инженер-программист (системный администратор),290000 - 290000 RUR,Петропавловск,ЛПДС «Петропавловск» филиал АО «Транснефть-Урал»,19-07-2023,Высшее профессиональное образование в области IT и связи или среднее профессиональное со стажем работы не менее 3-х лет. Исполнительность.,"Внедрение, сопровождение и сервисное обслуживание вычислительной техники. Контроль за работоспособностью подсистем ЛВС и средств копировальной техники, в случае выхода из...",От 3 до 6 лет,Полная занятость,https://hh.ru/vacancy/83658641,Developer,"Инженер-программист (системный администратор). Высшее профессиональное образование в области IT и связи или среднее профессиональное со стажем работы не менее 3-х лет. Исполнительность. Внедрение, сопровождение и сервисное обслуживание вычислительной техники. Контроль за работоспособностью подсистем ЛВС и средств копировальной техники, в случае выхода из...",,0
74,Frontend-разработчик,100000 - 300000 KZT,Алматы,MBS Trade,20-07-2023,"Знание HTML5, CSS, TypeScript, TailwindCSS. Опыт работы с Rest API. Знание фреймворка Vue3.js.",Верстка по макету Figma. Участия в обсуждении процессов разработки. Оптимизация и расширение функционала имеющегося кода.,От 1 года до 3 лет,Частичная занятость,https://hh.ru/vacancy/83759646,Developer,"Frontend-разработчик. Знание HTML5, CSS, TypeScript, TailwindCSS. Опыт работы с Rest API. Знание фреймворка Vue3.js. Верстка по макету Figma. Участия в обсуждении процессов разработки. Оптимизация и расширение функционала имеющегося кода.","css, figma, html, javascript, rest api, typescript",6
75,Веб-разработчик/Web-программист/Front End developer,100000 - 250000 KZT,Астана,ABC Design,19-07-2023,"Обязательное знание: HTML, CSS, JS, PHP. Обязательное знание CMS: October Cms, OpenCart, Joomla, Bitrix CMS. Обязательное framework: Laravel.",,От 1 года до 3 лет,Полная занятость,https://hh.ru/vacancy/83657720,Developer,"Веб-разработчик/Web-программист/Front End developer. Обязательное знание: HTML, CSS, JS, PHP. Обязательное знание CMS: October Cms, OpenCart, Joomla, Bitrix CMS. Обязательное framework: Laravel.","css, html, javascript, laravel, php",5
76,Верстальщик (Фронтенд) разработчик,150000 - 500000 KZT,Алматы,Roboto,06-07-2023,Умение создавать адаптивную верстку. Взаимодействие с UI/UX-дизайнерами. Умение работать в команде. Ответственный за свою работу. Писать читабельный и...,Верстка макета по дизайну.,Нет опыта,Полная занятость,https://hh.ru/vacancy/83065525,Developer,Верстальщик (Фронтенд) разработчик. Умение создавать адаптивную верстку. Взаимодействие с UI/UX-дизайнерами. Умение работать в команде. Ответственный за свою работу. Писать читабельный и... Верстка макета по дизайну.,ui/ux,1
77,Junior Frontend Developer,200000 KZT,Караганда,WOOPPAY,20-07-2023,"Свободное владение HTML/CSS. Владение инструментами контроля версий Git, GitLab. Знание адаптивной вёрстки. Уверенное владение Javascript и jQuery.",Разработка веб-приложений. Исправление багов. Сопровождение и рефакторинг существующих проектов. Написание авто тестов.,От 1 года до 3 лет,Полная занятость,https://hh.ru/vacancy/83768656,Developer,"Junior Frontend Developer. Свободное владение HTML/CSS. Владение инструментами контроля версий Git, GitLab. Знание адаптивной вёрстки. Уверенное владение Javascript и jQuery. Разработка веб-приложений. Исправление багов. Сопровождение и рефакторинг существующих проектов. Написание авто тестов.","css, git, gitlab, html, javascript, jquery",6
78,Backend-разработчик,200000 - 300000 KZT,Алматы,Qamqor Kazakhstan,20-07-2023,Самостоятельная разработка любого сервиса или приложения с нуля. Знание технических рисков и умение заранее их прогнозировать и снижать.,Разработка новых микросервисов (приложений) и развитие/рефакторинг существующих на Spring Boot. Конфигурирование баз данных под потребности проекта. Написание чистого и...,От 1 года до 3 лет,Полная занятость,https://hh.ru/vacancy/83740113,Developer,Backend-разработчик. Самостоятельная разработка любого сервиса или приложения с нуля. Знание технических рисков и умение заранее их прогнозировать и снижать. Разработка новых микросервисов (приложений) и развитие/рефакторинг существующих на Spring Boot. Конфигурирование баз данных под потребности проекта. Написание чистого и...,spring,1
79,Веб-разработчик,,Алматы,Точка.KZ,20-07-2023,"Хорошее знание HTML/CSS. Опыт работы с CMS. Приветствуется знание/понимание PHP, MYSQL, Framework, JS. Пунктуальность. Ответственность. Внимательность.","Установка и настройка различных CMS. Написание/доработка кода. Создание, сопровождение интернет-сайтов.",От 1 года до 3 лет,Полная занятость,https://hh.ru/vacancy/83740413,Developer,"Веб-разработчик. Хорошее знание HTML/CSS. Опыт работы с CMS. Приветствуется знание/понимание PHP, MYSQL, Framework, JS. Пунктуальность. Ответственность. Внимательность. Установка и настройка различных CMS. Написание/доработка кода. Создание, сопровождение интернет-сайтов.","css, html, javascript, mysql, php",5
80,Разработчик Java/kotlin,,Астана,GeneralTrade,22-07-2023,Высшее техническое образование. Опыт работы в своей сфере от 2х лет. Знание технического английского. Владение ООП и шаблонов проектирования.,"Участие в проектировании, разработке дополнительного функционала в онлайн сервисах работающих в сфере финтех. Поддержка существующего функционала. Backend разработка на kotlin...",От 3 до 6 лет,Частичная занятость,https://hh.ru/vacancy/83839784,Developer,"Разработчик Java/kotlin. Высшее техническое образование. Опыт работы в своей сфере от 2х лет. Знание технического английского. Владение ООП и шаблонов проектирования. Участие в проектировании, разработке дополнительного функционала в онлайн сервисах работающих в сфере финтех. Поддержка существующего функционала. Backend разработка на kotlin...","java, kotlin",2
81,Junior Python Developer,,Алматы,Improvado KZ,17-07-2023,"Законченное техническое высшее образование в сфере IT, Сomputer Science или смежных областях (студентов 3-4 курсов рассматриваем также).",Improvado стремится увеличить доходы маркетинговых команд для принятия бизнес-решений за счет упрощения работы с данными. Сегодня данные хранятся во...,От 1 года до 3 лет,Полная занятость,https://hh.ru/vacancy/83548117,Developer,"Junior Python Developer. Законченное техническое высшее образование в сфере IT, Сomputer Science или смежных областях (студентов 3-4 курсов рассматриваем также). Improvado стремится увеличить доходы маркетинговых команд для принятия бизнес-решений за счет упрощения работы с данными. Сегодня данные хранятся во...",python,1
82,Frontend разработчик Vue.js (Junior / Middle),,Астана,"МЕЧТА, ТМ (Мечта Маркет, ТОО)",20-07-2023,Отличное знание HTML5/CSS3. Знание современных ревизий JS (ES2015/ES2016). Знание CSS препроцессоров (SASS).,"Оптимизация производительности, поиск узких мест. Работа в команде. Умение разбираться в чужом коде и грамотно оформлять свой. Поддержка существующего кода.",От 1 года до 3 лет,Полная занятость,https://hh.ru/vacancy/83763254,Developer,"Frontend разработчик Vue.js (Junior / Middle). Отличное знание HTML5/CSS3. Знание современных ревизий JS (ES2015/ES2016). Знание CSS препроцессоров (SASS). Оптимизация производительности, поиск узких мест. Работа в команде. Умение разбираться в чужом коде и грамотно оформлять свой. Поддержка существующего кода.","css, html, javascript, sass, vue.js",5
83,Frontend-разработчик,,Алматы,ALSER (Gulser Computers),19-07-2023,"Уверенное владение Javascript. Опыт работы с Vue.js, Angular. Опыт кросс-браузерной разработки. Хорошее знание HTML и CSS. Знакомство с js...",Разработка веб-приложений на современном стеке. Участие в обсуждении и принятии архитектурных решений. Участие в code review. Мобильная верстка.,От 1 года до 3 лет,Полная занятость,https://hh.ru/vacancy/83677598,Developer,"Frontend-разработчик. Уверенное владение Javascript. Опыт работы с Vue.js, Angular. Опыт кросс-браузерной разработки. Хорошее знание HTML и CSS. Знакомство с js... Разработка веб-приложений на современном стеке. Участие в обсуждении и принятии архитектурных решений. Участие в code review. Мобильная верстка.","angular, css, html, javascript, vue.js",5
84,Junior Frontend-разработчик (React),,Алматы,ICEBERG-Service,06-07-2023,От тебя потребуется: React. Соблюдение принципов DRY и KISS. Плюсом будет знание: Node.JS. Основные принципы работы с Docker.,"Интересный в реализации и идее продукт, участие в обсуждении архитектурных решений, выборе технологий; современный стек технологий.",Нет опыта,Полная занятость,https://hh.ru/vacancy/83063710,Developer,"Junior Frontend-разработчик (React). От тебя потребуется: React. Соблюдение принципов DRY и KISS. Плюсом будет знание: Node.JS. Основные принципы работы с Docker. Интересный в реализации и идее продукт, участие в обсуждении архитектурных решений, выборе технологий; современный стек технологий.","docker, javascript, node.js, react",4
85,Frontend-разработчик,500000 KZT,Астана,АДмастерс,20-07-2023,Новые знания и сильное окружение. Опыт коммерческой frontend разработки от 2-х лет. Знание современных стандартов и методов разработки веб...,Экосистема TrustMe находится в поиске Frontend-разработчика. Поддерживать и развивать архитектуру проекта. Поднимать новый проект для переноса сайта на новые...,От 1 года до 3 лет,Полная занятость,https://hh.ru/vacancy/83741301,Developer,Frontend-разработчик. Новые знания и сильное окружение. Опыт коммерческой frontend разработки от 2-х лет. Знание современных стандартов и методов разработки веб... Экосистема TrustMe находится в поиске Frontend-разработчика. Поддерживать и развивать архитектуру проекта. Поднимать новый проект для переноса сайта на новые...,,0
86,Стажер\Data engineer\Python developer,,Алматы,ASTER AUTO,26-06-2023,Опыт работы с реляционным базами данных: Должны быть базовые навыки работы с SQL (PLSQL или MySQL). Базовые навыки программирования на...,"Разработка и методики ETL процессов и архитектуры. Разработка хранилища DWH и Data Lake. Разработка различных парсеров (web, логи, excel и...",Нет опыта,Стажировка,https://hh.ru/vacancy/82440351,Developer,"Стажер\Data engineer\Python developer. Опыт работы с реляционным базами данных: Должны быть базовые навыки работы с SQL (PLSQL или MySQL). Базовые навыки программирования на... Разработка и методики ETL процессов и архитектуры. Разработка хранилища DWH и Data Lake. Разработка различных парсеров (web, логи, excel и...","data warehouse, etl, excel, mysql, python, sql",6
87,Frontend-разработчик сайтов на WordPress / верстальщик сайтов,,Алматы,Сова-принт,23-07-2023,Опыт вёрстки сайтов с нуля с Figma или PSD макета. Наличие выполненных работ (действующие сайты выложенные в интернет).,Разработка сайтов на WordPress. Вёрстка сайтов без использования конструкторов.,От 1 года до 3 лет,Полная занятость,https://hh.ru/vacancy/83903620,Developer,Frontend-разработчик сайтов на WordPress / верстальщик сайтов. Опыт вёрстки сайтов с нуля с Figma или PSD макета. Наличие выполненных работ (действующие сайты выложенные в интернет). Разработка сайтов на WordPress. Вёрстка сайтов без использования конструкторов.,figma,1
88,Верстальщик / Front end разработчик сайтов в Digital Agency,200000 - 300000 KZT,Алматы,GB Travel,22-07-2023,"Опыт работы более 2 лет. Знание html, css, javascript, php, python, react, Wordpress. Оперативность и ответственность. Обязательно Портфолио ( без портфолио...","Верстка сайтов в основном лендинги, корпоративные сайты, интернет магазины ( верстка с прототипов сайтов в Figma). Посадка сайта на домен и...",От 1 года до 3 лет,Частичная занятость,https://hh.ru/vacancy/83834723,Developer,"Верстальщик / Front end разработчик сайтов в Digital Agency. Опыт работы более 2 лет. Знание html, css, javascript, php, python, react, Wordpress. Оперативность и ответственность. Обязательно Портфолио ( без портфолио... Верстка сайтов в основном лендинги, корпоративные сайты, интернет магазины ( верстка с прототипов сайтов в Figma). Посадка сайта на домен и...","css, figma, html, javascript, php, python, react",7
89,Junior C# Developer,150000 - 180000 KZT,Алматы,FinTechPro,19-07-2023,"C# - знания синтаксиса языка, умение написания методов, понимание принципа написания кода, на уровне теории в том числе. Знание базовых алгоритмов.","T-SQL - написание простых\сложных запросов, написание хранимых функций\процедур.",Нет опыта,Полная занятость,https://hh.ru/vacancy/83693915,Developer,"Junior C# Developer. C# - знания синтаксиса языка, умение написания методов, понимание принципа написания кода, на уровне теории в том числе. Знание базовых алгоритмов. T-SQL - написание простых\сложных запросов, написание хранимых функций\процедур.","c#, sql",2
90,Junior/Middle Java-разработчик,200000 - 800000 KZT,Алматы,Crystal Spring,20-07-2023,Высшее образование в области технических наук и технологий (компьютерная инженерия/ информационные системы/ вычислительная техника и программное обеспечение/ прикладная математика).,"Разработка и поддержка логики серверной части (back-end) с использованием Java, Spring Boot, Node JS, Play, MySql, Gradle.",От 1 года до 3 лет,Полная занятость,https://hh.ru/vacancy/83724828,Developer,"Junior/Middle Java-разработчик. Высшее образование в области технических наук и технологий (компьютерная инженерия/ информационные системы/ вычислительная техника и программное обеспечение/ прикладная математика). Разработка и поддержка логики серверной части (back-end) с использованием Java, Spring Boot, Node JS, Play, MySql, Gradle.","java, javascript, mysql, node.js, spring",5
91,Middle Java Developer / Разработчик на Java Middle,,Алматы,Khan Group,18-07-2023,"Знание и умение работать с Linux, Java, JavaEE, Spring, Spring Boot, MySQL на уровне Middle+. Знание и умение использовать различные...","Разработка веб-приложения с микросервисной архитектурой на Java 11 - 17 (Java EE, Spring, Spring Boot). Создание микросервисов и библиотек.",От 1 года до 3 лет,Полная занятость,https://hh.ru/vacancy/83588071,Developer,"Middle Java Developer / Разработчик на Java Middle. Знание и умение работать с Linux, Java, JavaEE, Spring, Spring Boot, MySQL на уровне Middle+. Знание и умение использовать различные... Разработка веб-приложения с микросервисной архитектурой на Java 11 - 17 (Java EE, Spring, Spring Boot). Создание микросервисов и библиотек.","java, linux, mysql, spring",4
92,Web front-end developer,,Астана,iDala,12-07-2023,"JavaScript, CSS, HTML, желательно знание JS фреймворков, умение работы с GIT. Желательно понимать: Vue/ Vuex; или React. Опыт коммерческой разработки...","В 2020 году была основана фирма iDala (Астана, Казахстан) по разработке и созданию оригинальных IT решений (стартапов) преимущественно в области...",От 1 года до 3 лет,Полная занятость,https://hh.ru/vacancy/83332273,Developer,"Web front-end developer. JavaScript, CSS, HTML, желательно знание JS фреймворков, умение работы с GIT. Желательно понимать: Vue/ Vuex; или React. Опыт коммерческой разработки... В 2020 году была основана фирма iDala (Астана, Казахстан) по разработке и созданию оригинальных IT решений (стартапов) преимущественно в области...","css, git, html, javascript, react, vue.js",6
93,Middle python developer,,Актобе,Омас Интегрейтед,18-07-2023,"Опыт работы с веб не менее 3 лет. Основы Web HTML/CSS. Python 3, Flask, Django REST Framework.","Разработка новых и сопровождение существующих проектов компании. Разработка серверной части веб-приложения, разработка API (Django Framework). Docker, Gitlab CI.",От 3 до 6 лет,Полная занятость,https://hh.ru/vacancy/83622444,Developer,"Middle python developer. Опыт работы с веб не менее 3 лет. Основы Web HTML/CSS. Python 3, Flask, Django REST Framework. Разработка новых и сопровождение существующих проектов компании. Разработка серверной части веб-приложения, разработка API (Django Framework). Docker, Gitlab CI.","css, django, docker, flask, gitlab, html, python",7
94,Java разработчик,,Алматы,"Bank RBK, АО",26-06-2023,"Обязательно: - Опыт разработки web приложений от 2 лет. Язык опыта не важен, главное чтобы на данный момент человек знал как...",,От 1 года до 3 лет,Полная занятость,https://hh.ru/vacancy/82440804,Developer,"Java разработчик. Обязательно: - Опыт разработки web приложений от 2 лет. Язык опыта не важен, главное чтобы на данный момент человек знал как...",java,1
95,Программист АСУТП,950000 - 1000000 KZT,Алматы,TAPC Group,18-07-2023,Знание и практический опыт работы со SCADA-системами. Знание и практический опыт работы с ПЛК. Знание основ построения АСУТП.,Участие в разработке проектов АСУ ТП объектов нефтяной и газовой промышленности. Разработка и отладка программного обеспечения систем SCADA.,Более 6 лет,Полная занятость,https://hh.ru/vacancy/83621370,Developer,Программист АСУТП. Знание и практический опыт работы со SCADA-системами. Знание и практический опыт работы с ПЛК. Знание основ построения АСУТП. Участие в разработке проектов АСУ ТП объектов нефтяной и газовой промышленности. Разработка и отладка программного обеспечения систем SCADA.,,0
96,"Front-end разработчик (Vue.js, Nuxt.js)",300000 - 500000 KZT,Актау,bytech,21-07-2023,"Опыт работы с Vue.js,Nuxt.js, Composition API. Современный HTML, CSS и SCSS. Уметь кроссбраузерно верстать используя гриды и флексы, не...",Участие в разработке проекта с 0 (Ecommerce). Разработка кастомных компонентов. Верстка интерфейсов по дизайну из Figma. Разработка взаимодействия с API.,От 1 года до 3 лет,Полная занятость,https://hh.ru/vacancy/83817184,Developer,"Front-end разработчик (Vue.js, Nuxt.js). Опыт работы с Vue.js,Nuxt.js, Composition API. Современный HTML, CSS и SCSS. Уметь кроссбраузерно верстать используя гриды и флексы, не... Участие в разработке проекта с 0 (Ecommerce). Разработка кастомных компонентов. Верстка интерфейсов по дизайну из Figma. Разработка взаимодействия с API.","css, figma, html, javascript, sass, vue.js",6
97,Разработчик программного обеспечения Java,,Алматы,"Филиал Nuctech Co.,Ltd in the AIFC",17-07-2023,"Общие навыки: 1. Иметь хорошие навыки кодирования, иметь навыки написании документов по функциям модульного проектирования, владеть инструментами контроля (SVN, Git...","Дорогой соискатель. 1. Сотрудничать с китайскими инженерами-программистами в разработке программного обеспечения. 2. Отвечать за разработку, отладку и тестирование программного...",Нет опыта,Полная занятость,https://hh.ru/vacancy/83518409,Developer,"Разработчик программного обеспечения Java. Общие навыки: 1. Иметь хорошие навыки кодирования, иметь навыки написании документов по функциям модульного проектирования, владеть инструментами контроля (SVN, Git... Дорогой соискатель. 1. Сотрудничать с китайскими инженерами-программистами в разработке программного обеспечения. 2. Отвечать за разработку, отладку и тестирование программного...","git, java",2
98,IOS - программист,,Алматы,АО «Bank Freedom Finance Kazakhstan»,17-07-2023,Знание Swift и Objective C. Желание развиваться в сфере iOS разработки. Наличие высшего образования.,Разработка мобильного приложения Банка.,От 1 года до 3 лет,Полная занятость,https://hh.ru/vacancy/83523268,Developer,IOS - программист. Знание Swift и Objective C. Желание развиваться в сфере iOS разработки. Наличие высшего образования. Разработка мобильного приложения Банка.,"ios, swift",2
99,Разработчик баз данных SQL,,Астана,Холдинг Самгау,24-07-2023,"Активно растущие проекты и амбициозные планы их развития. Логическое мышление. Отличное знание SQL. Умение писать запросы в базах PostgreSQL, Oracle...","Слаженная и ответственная команда разработки. Множество выстроенных процессов - работаем по спринтам, задачи ведём в JIRA, код храним в GitLab, документацию...",От 1 года до 3 лет,Полная занятость,https://hh.ru/vacancy/83909883,Developer,"Разработчик баз данных SQL. Активно растущие проекты и амбициозные планы их развития. Логическое мышление. Отличное знание SQL. Умение писать запросы в базах PostgreSQL, Oracle... Слаженная и ответственная команда разработки. Множество выстроенных процессов - работаем по спринтам, задачи ведём в JIRA, код храним в GitLab, документацию...","gitlab, jira, oracle, postgresql, sql",5
100,Веб разработчик,300000 KZT,Астана,Standart Mittal,18-07-2023,"опыт работы в веб разработке. — понимание ООП, принципов SOLID. — базовое понимание архитектурных паттернов. Что будет плюсом: — умение разбираться в чужом...",реализовывать серверное веб решение. — участвовать в обсуждении вектора развития проекта. — работать с чужим кодом.,От 3 до 6 лет,Полная занятость,https://hh.ru/vacancy/83624535,Developer,"Веб разработчик. опыт работы в веб разработке. — понимание ООП, принципов SOLID. — базовое понимание архитектурных паттернов. Что будет плюсом: — умение разбираться в чужом... реализовывать серверное веб решение. — участвовать в обсуждении вектора развития проекта. — работать с чужим кодом.",,0
101,Junior Java developer,,Алматы,InnoForce Group,04-07-2023,"Опыт разработки на Java не менее 1 года, опыт работы со Spring обязателен. Знание принципов ООП, SOLID, паттернов проектирования.",Разработка и настройка ПО для интеграционных сервисов на основе микросервисной архитектуры. Создание новых систем и рефакторинг существующих систем.,От 1 года до 3 лет,Полная занятость,https://hh.ru/vacancy/82978913,Developer,"Junior Java developer. Опыт разработки на Java не менее 1 года, опыт работы со Spring обязателен. Знание принципов ООП, SOLID, паттернов проектирования. Разработка и настройка ПО для интеграционных сервисов на основе микросервисной архитектуры. Создание новых систем и рефакторинг существующих систем.","java, spring",2
102,Сотрудник по поддержке сайта (Web разработчик) в Университет КАЗГЮУ,,Астана,"КазГЮУ, АО",17-07-2023,"Умение писать скрипты JS + PHP. Требования: - Знания языков программирование HTML, CSS, PHP, mySQL. - Высокая скорость работы без потери качества...",Разработка и настройка веб-сайтов: CMS WordPress разработчик отвечает за создание и настройку веб-сайтов на базе платформы WordPress.,От 1 года до 3 лет,Полная занятость,https://hh.ru/vacancy/83516684,Developer,"Сотрудник по поддержке сайта (Web разработчик) в Университет КАЗГЮУ. Умение писать скрипты JS + PHP. Требования: - Знания языков программирование HTML, CSS, PHP, mySQL. - Высокая скорость работы без потери качества... Разработка и настройка веб-сайтов: CMS WordPress разработчик отвечает за создание и настройку веб-сайтов на базе платформы WordPress.","css, html, javascript, mysql, php",5
103,Frontend-разработчик,400000 - 600000 KZT,Алматы,Фабрика проектов,12-07-2023,Навыки: JS. Vue.js. Nuxt.js. Клиенты из разных сфер [хорошо развивает кругозов].,Разработка новых проектов. Поддержка запущенных проектов. Обсуждение новых проектов от клиентов и предложение решений. Принимать решение по архитектуре разработки.,От 1 года до 3 лет,Полная занятость,https://hh.ru/vacancy/83351608,Developer,Frontend-разработчик. Навыки: JS. Vue.js. Nuxt.js. Клиенты из разных сфер [хорошо развивает кругозов]. Разработка новых проектов. Поддержка запущенных проектов. Обсуждение новых проектов от клиентов и предложение решений. Принимать решение по архитектуре разработки.,"javascript, vue.js",2
104,Middle IOS-разработчик,,Алматы,Khan Group,18-07-2023,"Уверенное знание Swift, алгоритмов и структур данных. Знание ООП, паттернов. Опыт работы с API(Client-Server, REST). Опыт работы с...",Верстка UI под iOS (Autolayout). Moya для сетевых запросов.,От 1 года до 3 лет,Полная занятость,https://hh.ru/vacancy/83588263,Developer,"Middle IOS-разработчик. Уверенное знание Swift, алгоритмов и структур данных. Знание ООП, паттернов. Опыт работы с API(Client-Server, REST). Опыт работы с... Верстка UI под iOS (Autolayout). Moya для сетевых запросов.","ios, swift",2
105,"Программист .net (C#, ASP.NET Core, MSSQL, Javascript)",,Астана,findexIT,19-07-2023,Знание .NET Framework (C#). Знание принципов объектно-ориентированного программирования. Базовые знания JavaScript. Опыт работы с СУБД MS SQL Server 2012...,"Поддержка ранее разработанного ПО (доработка, исправление ошибок). Разработка бизнес-приложений и систем различного уровня сложности. Отладка и исправление программного кода.",От 1 года до 3 лет,Полная занятость,https://hh.ru/vacancy/83657890,Developer,"Программист .net (C#, ASP.NET Core, MSSQL, Javascript). Знание .NET Framework (C#). Знание принципов объектно-ориентированного программирования. Базовые знания JavaScript. Опыт работы с СУБД MS SQL Server 2012... Поддержка ранее разработанного ПО (доработка, исправление ошибок). Разработка бизнес-приложений и систем различного уровня сложности. Отладка и исправление программного кода.",".net, c#, javascript, mssql, sql",5
106,Стажер-программист в отдел технической поддержки,100000 KZT,Алматы,Prime Source,05-07-2023,Базовые навыки программирования. Знание алгоритмов и структур данных. Логическое и критическое мышление. Базовые знания программирования на PHP/Python/Java.,"Закрытие заявок по технической поддержке (инциденты, доработки функционала).",Нет опыта,Стажировка,https://hh.ru/vacancy/83003932,Developer,"Стажер-программист в отдел технической поддержки. Базовые навыки программирования. Знание алгоритмов и структур данных. Логическое и критическое мышление. Базовые знания программирования на PHP/Python/Java. Закрытие заявок по технической поддержке (инциденты, доработки функционала).","java, php, python, technical support",4
107,Инженер-программист,10000 - 200000 KZT,Костанай,TDK,20-07-2023,Навыки в программировании и алгоритмике. Знание модулей Ардуино.,Настройка звуков для игры. Сборка и подключение схемы.,От 1 года до 3 лет,Проектная работа,https://hh.ru/vacancy/83760400,Developer,Инженер-программист. Навыки в программировании и алгоритмике. Знание модулей Ардуино. Настройка звуков для игры. Сборка и подключение схемы.,,0
108,"Junior+/Middle Программист C#, Unity",700 - 1000 USD,Алматы,Pimpochka Games,21-07-2023,2+ года опыта работы в Unity (Если уверены в своих способностях то 1+). - Опыт коммерческой разработки. -,"Портирование игр под Яндекс. - Реализация игровых механик. - Имплементация всех необходимых элементов – анимацией, моделей, эффектов – в игру. Перед собеседованием обязательное выполнение...",От 1 года до 3 лет,Полная занятость,https://hh.ru/vacancy/83810742,Developer,"Junior+/Middle Программист C#, Unity. 2+ года опыта работы в Unity (Если уверены в своих способностях то 1+). - Опыт коммерческой разработки. - Портирование игр под Яндекс. - Реализация игровых механик. - Имплементация всех необходимых элементов – анимацией, моделей, эффектов – в игру. Перед собеседованием обязательное выполнение...",c#,1
109,Стажер-программист 1С,80000 - 300000 KZT,Атырау,PROFF TIME,21-07-2023,"У тебя законченное высшее или средне-специальное образование в сфере программирования (it) ! ! ! -Ты ответственный, целеустремлённый и исполнительный.",Бесплатное обучение работе в программе 1С от администрирования до программирования.,Нет опыта,Стажировка,https://hh.ru/vacancy/83794262,Developer,"Стажер-программист 1С. У тебя законченное высшее или средне-специальное образование в сфере программирования (it) ! ! ! -Ты ответственный, целеустремлённый и исполнительный. Бесплатное обучение работе в программе 1С от администрирования до программирования.",1c,1
110,Java-разработчик,,Алматы,АО «Bank Freedom Finance Kazakhstan»,17-07-2023,"Java SE - обязательно наличие опыта*. SOAP, Rest API - обязательно наличие опыта*. Знание основ СУБД - обязательно наличие опыта*. HTML, CSS, Javascript...",Автоматизация бизнес-процессов. Разработка микросервисов. Оптимизация и модернизация существующих систем. Поддержка.,От 1 года до 3 лет,Полная занятость,https://hh.ru/vacancy/83523968,Developer,"Java-разработчик. Java SE - обязательно наличие опыта*. SOAP, Rest API - обязательно наличие опыта*. Знание основ СУБД - обязательно наличие опыта*. HTML, CSS, Javascript... Автоматизация бизнес-процессов. Разработка микросервисов. Оптимизация и модернизация существующих систем. Поддержка.","css, html, java, javascript, rest api, soap",6
111,Middle frontend разработчик,,Астана,SAM Project,18-07-2023,"1. HTML. 4. React/Redux Thunk/React Query/ Strapi / I18n. 1. знание принципов построения пользовательских интерфейсов, UI/UX.",1. проектирование архитектуры модулей/веб-приложений. 2. разработка и сопровождение веб приложений и сервисов. 3. оптимизация веб приложений. 4.,От 3 до 6 лет,Полная занятость,https://hh.ru/vacancy/83588294,Developer,"Middle frontend разработчик. 1. HTML. 4. React/Redux Thunk/React Query/ Strapi / I18n. 1. знание принципов построения пользовательских интерфейсов, UI/UX. 1. проектирование архитектуры модулей/веб-приложений. 2. разработка и сопровождение веб приложений и сервисов. 3. оптимизация веб приложений. 4.","html, react, ui/ux",3
112,Программист-разработчик,,Шымкент,HITECH INC,08-07-2023,"уверенное владение php 7, php 8. - отличное знание JS. - опыт работы с VueJS, React JS. - опыт работы с laravel. -",,Более 6 лет,Полная занятость,https://hh.ru/vacancy/83175492,Developer,"Программист-разработчик. уверенное владение php 7, php 8. - отличное знание JS. - опыт работы с VueJS, React JS. - опыт работы с laravel. -","javascript, laravel, php, react, vue.js",5
113,Android Developer,,Алматы,Tredo,13-07-2023,"высокая степень вовлеченности. - управление знаниями: техническая документация, распространение знаний. - опыт разработки приложений под Android от 1.5 года. -","правильное обеспечение качества продукта: работа с багами, код ревью. - обеспечение технического качества: чистый код, рефакторинг. - инъекция зависимостей при помощи Dagger...",От 1 года до 3 лет,Полная занятость,https://hh.ru/vacancy/83396542,Developer,"Android Developer. высокая степень вовлеченности. - управление знаниями: техническая документация, распространение знаний. - опыт разработки приложений под Android от 1.5 года. - правильное обеспечение качества продукта: работа с багами, код ревью. - обеспечение технического качества: чистый код, рефакторинг. - инъекция зависимостей при помощи Dagger...",android,1
114,Middle PHP Developer,600000 - 700000 KZT,Алматы,ЧК SMART GAS GLOBAL LTD.,18-07-2023,"Опыт работы не менее 3 лет в разработке на PHP с использованием фреймворка Laravel. Опыт работы над проектами самостоятельно, без...",Разработка и поддержка программного обеспечения на PHP Laravel. Самостоятельное выполнение поставленных задач в срок. Оптимизация и улучшение существующего кода.,От 3 до 6 лет,Полная занятость,https://hh.ru/vacancy/83609310,Developer,"Middle PHP Developer. Опыт работы не менее 3 лет в разработке на PHP с использованием фреймворка Laravel. Опыт работы над проектами самостоятельно, без... Разработка и поддержка программного обеспечения на PHP Laravel. Самостоятельное выполнение поставленных задач в срок. Оптимизация и улучшение существующего кода.","laravel, php",2
115,Web-программист в страховую компанию,,Алматы,СК Виктория,14-07-2023,"высшее профессиональное образование, опыт работы не менее 3-х лет. Знания: операционных систем семейства Windows и Linux. WordPress.","осуществление поддержки и доработка веб-сайта. доработка имеющихся и разработка новых модулей системы онлайн-страхования, исходные коды в наличии.",Нет опыта,Полная занятость,https://hh.ru/vacancy/83438377,Developer,"Web-программист в страховую компанию. высшее профессиональное образование, опыт работы не менее 3-х лет. Знания: операционных систем семейства Windows и Linux. WordPress. осуществление поддержки и доработка веб-сайта. доработка имеющихся и разработка новых модулей системы онлайн-страхования, исходные коды в наличии.",linux,1
116,Golang Developer,4800 - 6000 USD,Астана,inDrive,21-07-2023,"У вас есть опыт разработки и проектирования приложений на микросервисной архитектуре, и вы знаете, как организовать взаимодействие микросервисов.",Оптимизировать хранилище данных и процесс формирования отчетов для больших объёмов. Модифицировать использование очередей. Разрабатывать инструменты для экономии расходов на внешние...,От 3 до 6 лет,Полная занятость,https://hh.ru/vacancy/83826909,Developer,"Golang Developer. У вас есть опыт разработки и проектирования приложений на микросервисной архитектуре, и вы знаете, как организовать взаимодействие микросервисов. Оптимизировать хранилище данных и процесс формирования отчетов для больших объёмов. Модифицировать использование очередей. Разрабатывать инструменты для экономии расходов на внешние...","data warehouse, go",2
117,Backend Developer,500000 - 700000 KZT,Алматы,NLS Kazakhstan,24-07-2023,"Уверенное владение языками программирования PHP. Опыт работы с фреймворками Laravel, Yii 2, Vue.js (React Native будет плюсом). Знание СУБД MySQL...",Разработка новых и доработка существующих приложений компании. Разработка API для мобильных приложений компании. Интеграция со внешними системами Битрикс24.,От 1 года до 3 лет,Полная занятость,https://hh.ru/vacancy/83921353,Developer,"Backend Developer. Уверенное владение языками программирования PHP. Опыт работы с фреймворками Laravel, Yii 2, Vue.js (React Native будет плюсом). Знание СУБД MySQL... Разработка новых и доработка существующих приложений компании. Разработка API для мобильных приложений компании. Интеграция со внешними системами Битрикс24.","javascript, laravel, mysql, php, react, react native, vue.js",7
118,Java-разработчик,700000 KZT,Астана,IT Invest Group,19-07-2023,"Опыт работы разработчиком Java не менее 2-3 лет (JEE, JSE). Опыт работы с java фреймворком spring boot.",Разработка и сопровождение исходных кодов высоконагруженных систем. Работа с чужим кодом. Сборка и обновление высоконагруженных систем. Оценка трудоемкости задач и...,От 3 до 6 лет,Полная занятость,https://hh.ru/vacancy/83689052,Developer,"Java-разработчик. Опыт работы разработчиком Java не менее 2-3 лет (JEE, JSE). Опыт работы с java фреймворком spring boot. Разработка и сопровождение исходных кодов высоконагруженных систем. Работа с чужим кодом. Сборка и обновление высоконагруженных систем. Оценка трудоемкости задач и...","java, spring",2
119,Frontend-разработчик (react),,Алматы,InterPress - International House,21-07-2023,"Опыт коммерческой разработки от 3 лет. Отличное владение JavaScript (ES 5-7, Promises). Опыт использования React + MobX, Sass/Less...","Проектирование и разработка интерфейсов для различных сервисов: дашборды, сайты, базы знаний, интерфейсы для железных устройств. Модернизация существующих интерфейсов.",От 3 до 6 лет,Полная занятость,https://hh.ru/vacancy/83786034,Developer,"Frontend-разработчик (react). Опыт коммерческой разработки от 3 лет. Отличное владение JavaScript (ES 5-7, Promises). Опыт использования React + MobX, Sass/Less... Проектирование и разработка интерфейсов для различных сервисов: дашборды, сайты, базы знаний, интерфейсы для железных устройств. Модернизация существующих интерфейсов.","javascript, react, sass",3
120,Frontend-разработчик,,Алматы,RAMS QAZAQSTAN,10-07-2023,"Уверенное владение Javascript. Опыт работы с Vue.js, Vuex, приветствуется опыт работы с Nuxt. Свободное владение HTML и CSS.",Разработка нового функционала. Написание frontend части программного обеспечения. Сопровождение и доработка существующего функционала. Интеграция с различными сервисами посредством Rest API.,От 1 года до 3 лет,Полная занятость,https://hh.ru/vacancy/83218538,Developer,"Frontend-разработчик. Уверенное владение Javascript. Опыт работы с Vue.js, Vuex, приветствуется опыт работы с Nuxt. Свободное владение HTML и CSS. Разработка нового функционала. Написание frontend части программного обеспечения. Сопровождение и доработка существующего функционала. Интеграция с различными сервисами посредством Rest API.","css, html, javascript, rest api, vue.js",5
121,Business Development Manager,700000 KZT,Алматы,Levels,24-07-2023,"Опыт работы в области бизнес-развития или продаж, предпочтительно в IT-секторе, Банковском секторе. Глубокое понимание рынка и тенденций в...",Исследование рынка и анализ потенциальных клиентов для определения новых возможностей и рыночных тенденций. Разработка и реализация стратегии по привлечению новых...,От 3 до 6 лет,Полная занятость,https://hh.ru/vacancy/83352067,Developer,"Business Development Manager. Опыт работы в области бизнес-развития или продаж, предпочтительно в IT-секторе, Банковском секторе. Глубокое понимание рынка и тенденций в... Исследование рынка и анализ потенциальных клиентов для определения новых возможностей и рыночных тенденций. Разработка и реализация стратегии по привлечению новых...",,0
122,Java-разработчик,,Алматы,Частная Компания S1LK PAY Ltd,17-07-2023,"Отличные знания Java Core. Отличные знания PostgreSQL (Indexes, High Load, Optimization). Отличные знания Spring Boot (Actuator, Cacheable, Transaction).",Поддержка WEB сервисов на платформе SoftwareAG webMethods. Преобразование монолитной архитектуры WebMethods в Микросервисную архитектуру на основе Spring Boot.,От 3 до 6 лет,Полная занятость,https://hh.ru/vacancy/83527074,Developer,"Java-разработчик. Отличные знания Java Core. Отличные знания PostgreSQL (Indexes, High Load, Optimization). Отличные знания Spring Boot (Actuator, Cacheable, Transaction). Поддержка WEB сервисов на платформе SoftwareAG webMethods. Преобразование монолитной архитектуры WebMethods в Микросервисную архитектуру на основе Spring Boot.","java, postgresql, spring",3
123,Frontend-разработчик (react),,Астана,InterPress - International House,21-07-2023,"Опыт коммерческой разработки от 3 лет. Отличное владение JavaScript (ES 5-7, Promises). Опыт использования React + MobX, Sass/Less...","Проектирование и разработка интерфейсов для различных сервисов: дашборды, сайты, базы знаний, интерфейсы для железных устройств. Модернизация существующих интерфейсов.",От 3 до 6 лет,Полная занятость,https://hh.ru/vacancy/83786035,Developer,"Frontend-разработчик (react). Опыт коммерческой разработки от 3 лет. Отличное владение JavaScript (ES 5-7, Promises). Опыт использования React + MobX, Sass/Less... Проектирование и разработка интерфейсов для различных сервисов: дашборды, сайты, базы знаний, интерфейсы для железных устройств. Модернизация существующих интерфейсов.","javascript, react, sass",3
124,Backend .NET разработчик,500000 KZT,Алматы,"Халык-Life, АО",30-06-2023,"Опыт разработки программного кода на C#,.NET Core/Java EE. Опыт разработки программного кода на SQL, PL/SQL.",Разработка новых и доработка существующих web-проектов. Участие в разработке и сопровождении интеграционных сервисов. Участие в проектировании архитектуры информационных систем...,От 3 до 6 лет,Полная занятость,https://hh.ru/vacancy/81361660,Developer,"Backend .NET разработчик. Опыт разработки программного кода на C#,.NET Core/Java EE. Опыт разработки программного кода на SQL, PL/SQL. Разработка новых и доработка существующих web-проектов. Участие в разработке и сопровождении интеграционных сервисов. Участие в проектировании архитектуры информационных систем...",".net, c#, java, sql",4
125,Frontend developer (React),,Алматы,Банк ЦентрКредит,21-07-2023,"Отличное знание JavaScript/TypeScript/HTML/CSS. Умение работать с СУБД ORACLE, PostgreSQL, языки СУБД SQL, PL/SQL. Опыт работы с...",Разработка нового функционала по кредитованию физических лиц.,От 3 до 6 лет,Полная занятость,https://hh.ru/vacancy/83809009,Developer,"Frontend developer (React). Отличное знание JavaScript/TypeScript/HTML/CSS. Умение работать с СУБД ORACLE, PostgreSQL, языки СУБД SQL, PL/SQL. Опыт работы с... Разработка нового функционала по кредитованию физических лиц.","css, html, javascript, oracle, postgresql, react, sql, typescript",8
126,Программист-разработчик,450000 - 450000 KZT,Астана,НЕКОММЕРЧЕСКОЕ АКЦИОНЕРНОЕ ОБЩЕСТВО TALAP,20-07-2023,,"Разработка программного обеспечения: Отвечает за создание нового программного кода, модулей, функций или компонентов на языке Java. Разработка приложений, веб-сайтов...",От 3 до 6 лет,Полная занятость,https://hh.ru/vacancy/83750476,Developer,"Программист-разработчик.  Разработка программного обеспечения: Отвечает за создание нового программного кода, модулей, функций или компонентов на языке Java. Разработка приложений, веб-сайтов...",java,1
127,Backend Golang Developer (Junior),250000 - 350000 KZT,Астана,Центр анализа и расследования кибер атак,11-07-2023,"Опыт разработки на Golang с использованием стандартных модулей. Базовые навыки работы в операционной системе Linux, в том числе с командной...",Разработка с использованием концепций конкурентного выполнения и механизмов синхронизации.,От 1 года до 3 лет,Полная занятость,https://hh.ru/vacancy/83291313,Developer,"Backend Golang Developer (Junior). Опыт разработки на Golang с использованием стандартных модулей. Базовые навыки работы в операционной системе Linux, в том числе с командной... Разработка с использованием концепций конкурентного выполнения и механизмов синхронизации.","go, linux",2
128,Django developer,500000 - 1300000 KZT,Астана,SilkwayTransit,17-07-2023,Опыт работы с фреймворком Django и языком Python. Понимание принципов разработки веб-приложений и опыт работы с MVC-архитектурой.,"Разработка и поддержка веб-приложений на базе Django, включая проектирование, разработку, тестирование и оптимизацию. Участие в обсуждении требований, анализе и...",Более 6 лет,Полная занятость,https://hh.ru/vacancy/83516049,Developer,"Django developer. Опыт работы с фреймворком Django и языком Python. Понимание принципов разработки веб-приложений и опыт работы с MVC-архитектурой. Разработка и поддержка веб-приложений на базе Django, включая проектирование, разработку, тестирование и оптимизацию. Участие в обсуждении требований, анализе и...","django, python",2
129,"Flutter разработчик (участие в разработке, поддержке)",400000 - 600000 KZT,Алматы,ATBPOS,17-07-2023,"Опыт разработки на Flutter от 1 года. Опыт работы с REST API, базами данных. Уверенное знание разработки на Dart.",,От 1 года до 3 лет,Полная занятость,https://hh.ru/vacancy/83575385,Developer,"Flutter разработчик (участие в разработке, поддержке). Опыт разработки на Flutter от 1 года. Опыт работы с REST API, базами данных. Уверенное знание разработки на Dart.","dart, flutter, rest api",3
130,Frontend-разработчик,,Алматы,Банк ЦентрКредит,10-07-2023,"Опыт разработки Web-приложений и UI компонентов. Знание современного JavaScript. Опыт разработки на Node.js (express.js), React.js (Redux), WebPack.",Разработка и развитие новых и существующих продуктов. Оптимизация производительности приложения. Взаимодействие с внешними API. Тестирование и документирование кода.,От 1 года до 3 лет,Полная занятость,https://hh.ru/vacancy/81892138,Developer,"Frontend-разработчик. Опыт разработки Web-приложений и UI компонентов. Знание современного JavaScript. Опыт разработки на Node.js (express.js), React.js (Redux), WebPack. Разработка и развитие новых и существующих продуктов. Оптимизация производительности приложения. Взаимодействие с внешними API. Тестирование и документирование кода.","express.js, javascript, node.js, react",4
131,Android-разработчик,,Караганда,IT Analytics,10-07-2023,Уметь работать с Android Studio и активно использовали Kotlin. Уметь проектировать клиент-серверное взаимодействие. Знать ООП и структуры данных.,Разрабатывать и поддерживать новый функционал продукта. Вместе с командой развивать архитектуру проекта. Автоматизировать разработку и тестирование. Создавать мобильные приложения.,От 1 года до 3 лет,Полная занятость,https://hh.ru/vacancy/83215366,Developer,Android-разработчик. Уметь работать с Android Studio и активно использовали Kotlin. Уметь проектировать клиент-серверное взаимодействие. Знать ООП и структуры данных. Разрабатывать и поддерживать новый функционал продукта. Вместе с командой развивать архитектуру проекта. Автоматизировать разработку и тестирование. Создавать мобильные приложения.,"android, kotlin",2
132,TeamLead Frontend Developer,800000 KZT,Караганда,SimpleCode,18-07-2023,Опыт работы в качестве Frontend разработчика не менее 3 лет. Отличные коммуникативные и лидерские навыки. Опыт управления командой разработчиков.,"Руководство, координация и развитие отдела Frontend разработки. Определение и установление передовых практик разработки. Участие в обеспечении соблюдения сроков и качества...",От 3 до 6 лет,Полная занятость,https://hh.ru/vacancy/83620099,Developer,"TeamLead Frontend Developer. Опыт работы в качестве Frontend разработчика не менее 3 лет. Отличные коммуникативные и лидерские навыки. Опыт управления командой разработчиков. Руководство, координация и развитие отдела Frontend разработки. Определение и установление передовых практик разработки. Участие в обеспечении соблюдения сроков и качества...",,0
133,Vue Frontend Developer,,Караганда,SimpleCode,27-06-2023,"Требуемый уровень - junior +, middle. Опыт использования современного стека для Vue3 - (Nuxt3,Pinia/VueQuery/TailwindCSS). Высокий уровень самоорганизованности...",Поэтапная разработка MVP проекта веб-витрины. Решение проблем кросс-браузерности. Оптимизация метрик под WebVitals. Оптимизация кода от топ-OWASP проблем.,От 1 года до 3 лет,Полная занятость,https://hh.ru/vacancy/82526900,Developer,"Vue Frontend Developer. Требуемый уровень - junior +, middle. Опыт использования современного стека для Vue3 - (Nuxt3,Pinia/VueQuery/TailwindCSS). Высокий уровень самоорганизованности... Поэтапная разработка MVP проекта веб-витрины. Решение проблем кросс-браузерности. Оптимизация метрик под WebVitals. Оптимизация кода от топ-OWASP проблем.",vue.js,1
134,1С программист,800000 - 1000000 KZT,Алматы,Компания по страхованию жизни Евразия,26-06-2023,Опыт разработки на платформе 1С: Предприятие 8.2-8.3. Знание языка запросов и встроенного языка программирования 1С.,"Доработка и сопровождение подсистем и модулей существующей конфигурации на базе платформы 1С8 (УПП, Страхование). Составление техзаданий совместно с...",От 3 до 6 лет,Полная занятость,https://hh.ru/vacancy/81813368,Developer,"1С программист. Опыт разработки на платформе 1С: Предприятие 8.2-8.3. Знание языка запросов и встроенного языка программирования 1С. Доработка и сопровождение подсистем и модулей существующей конфигурации на базе платформы 1С8 (УПП, Страхование). Составление техзаданий совместно с...",1c,1
135,Разработчик .NET (Middle),800000 - 1300000 KZT,Алматы,Geek Partners LTD,17-07-2023,"Уверенное знание языков программирования: C#, JavaScript, знание React будет плюсом. Уверенное знание следующих технологий: .NET Framework 6/7, .NET Core.","Разработка и поддержка нового и текущего функционала систем. Разработка back-end, front-end. Создание и описание сервисов. Написание unit тестов.",От 3 до 6 лет,Полная занятость,https://hh.ru/vacancy/83547198,Developer,"Разработчик .NET (Middle). Уверенное знание языков программирования: C#, JavaScript, знание React будет плюсом. Уверенное знание следующих технологий: .NET Framework 6/7, .NET Core. Разработка и поддержка нового и текущего функционала систем. Разработка back-end, front-end. Создание и описание сервисов. Написание unit тестов.",".net, c#, javascript, react",4
136,Web-разработчик,,Алматы,INVISION Group,26-06-2023,"Стек технологий: - PHP. - Mysql. - HTML, CSS, JavaScript. - Apache, nginx. - Понимание принципов работы CRUD, MVC. - Опыт работы с популярными CMS обязателен...","CMS 1С-Bitrix: Управление сайтом. - Поддержка, разработка и доработка сайтов на CMS 1С-Bitrix: Управление сайтом. -",От 1 года до 3 лет,Полная занятость,https://hh.ru/vacancy/82435948,Developer,"Web-разработчик. Стек технологий: - PHP. - Mysql. - HTML, CSS, JavaScript. - Apache, nginx. - Понимание принципов работы CRUD, MVC. - Опыт работы с популярными CMS обязателен... CMS 1С-Bitrix: Управление сайтом. - Поддержка, разработка и доработка сайтов на CMS 1С-Bitrix: Управление сайтом. -","1c, apache, css, html, javascript, mysql, nginx, php",8
137,Веб-разработчик сайтов в рекламное агентство,350000 - 450000 KZT,Алматы,INSIGHTMEDIA,14-07-2023,"знание CMS Drupal и другие (WordPress, Joomla, OpenCart, 1C-Битрикс, MODx). - Знание и опыт работы с конструкторами сайтов Craftum...",верстка шаблонов и страниц сайтов (включая мобильные версии). - наполнение контентом страниц сайтов. - SEO-оптимизация сайтов. - проведение ручных тестов на различных...,От 1 года до 3 лет,Полная занятость,https://hh.ru/vacancy/83442168,Developer,"Веб-разработчик сайтов в рекламное агентство. знание CMS Drupal и другие (WordPress, Joomla, OpenCart, 1C-Битрикс, MODx). - Знание и опыт работы с конструкторами сайтов Craftum... верстка шаблонов и страниц сайтов (включая мобильные версии). - наполнение контентом страниц сайтов. - SEO-оптимизация сайтов. - проведение ручных тестов на различных...",1c,1
138,Python Developer,,Алматы,Wanted,21-07-2023,"Опыт работы с Python от 2-х лет. -Опыт работы с OpenStack. -Опыт работы с реляционными базами данных, знание SQL.","Выдача техники. -Разработать новый драйвер для Cinder Backup создания, хранения и управления бэкапами блочных устройств любого типа в бакетах S...",От 3 до 6 лет,Полная занятость,https://hh.ru/vacancy/83821545,Developer,"Python Developer. Опыт работы с Python от 2-х лет. -Опыт работы с OpenStack. -Опыт работы с реляционными базами данных, знание SQL. Выдача техники. -Разработать новый драйвер для Cinder Backup создания, хранения и управления бэкапами блочных устройств любого типа в бакетах S...","python, sql",2
139,Front end / full stack разработчик в диджитал агентство,300000 - 500000 KZT,Алматы,Галцэн,21-07-2023,"Опыт работы более 2 лет. Обязательно портфолио. Знание html,css,php,react,bootstrap, wordpress.","Верстка и разработка сайтов(landing page, корпоративных сайтов, интернет магазинов, cайтов каталогов) с макетов figma. Посадка сайтов и подключение на...",От 1 года до 3 лет,Частичная занятость,https://hh.ru/vacancy/83790158,Developer,"Front end / full stack разработчик в диджитал агентство. Опыт работы более 2 лет. Обязательно портфолио. Знание html,css,php,react,bootstrap, wordpress. Верстка и разработка сайтов(landing page, корпоративных сайтов, интернет магазинов, cайтов каталогов) с макетов figma. Посадка сайтов и подключение на...","bootstrap, css, figma, html, php, react",6
140,Программист-разработчик,500000 - 800000 KZT,Караганда,Фирма Пласт,19-07-2023,"Высшее техническое образование. Хорошее знание типовых решений «1С», опыт практической работы. Аккуратность, дисциплинированность.",Разработка и доработка заказных решений на платформе 1С:Предприятие. Поддержка типовых решений на платформе 1С:Предприятие.,Более 6 лет,Полная занятость,https://hh.ru/vacancy/82091185,Developer,"Программист-разработчик. Высшее техническое образование. Хорошее знание типовых решений «1С», опыт практической работы. Аккуратность, дисциплинированность. Разработка и доработка заказных решений на платформе 1С:Предприятие. Поддержка типовых решений на платформе 1С:Предприятие.",1c,1
141,Frontend-разработчик middle,2000 - 2500 USD,Алматы,Updevision (Апдэвэжн),26-06-2023,"От тебя потребуется: - Опыт в web разработке от 3 лет. - Уверенное владение русским языком. - Уверенное владение разговорным английским языком, уровень...","CI/CD. Зона ответственности: Анализ требований, оценка и декомпозиция задач. Разработка нового функционала, поддержка существующего. Участие в проектировании архитектуры.",От 3 до 6 лет,Полная занятость,https://hh.ru/vacancy/82387714,Developer,"Frontend-разработчик middle. От тебя потребуется: - Опыт в web разработке от 3 лет. - Уверенное владение русским языком. - Уверенное владение разговорным английским языком, уровень... CI/CD. Зона ответственности: Анализ требований, оценка и декомпозиция задач. Разработка нового функционала, поддержка существующего. Участие в проектировании архитектуры.",ci/cd,1
142,Front-end разработчик,30000 RUR,Астана,Галиуллин Айдар Маратович,10-07-2023,"Отличные знания PHP 7. Знание Wordpress woocommerce, bitrix. Опыт работы с ajax и javascript — желателен. Умение самостоятельно и быстро находить...","Разработка сайта на bitrix,wordpress. Разработка и модификация шаблонов и компонентов. Верстать проекта.",От 1 года до 3 лет,Полная занятость,https://hh.ru/vacancy/83226150,Developer,"Front-end разработчик. Отличные знания PHP 7. Знание Wordpress woocommerce, bitrix. Опыт работы с ajax и javascript — желателен. Умение самостоятельно и быстро находить... Разработка сайта на bitrix,wordpress. Разработка и модификация шаблонов и компонентов. Верстать проекта.","javascript, php",2
143,Middle/Senior Backend разработчик (C#),400000 KZT,Астана,TEQ World,03-07-2023,"Высшее или средне специальное образование в области ИТ. Знание ООП, SOLID, CQRS. Знание основных паттернов проектирования. Умение работать в команде.",Проектирование архитектуры модулей/веб-приложений. Разработка и доработка веб-приложений и сервисов. Оптимизация веб-приложений. Автоматизация и развитие процесса разработки.,От 3 до 6 лет,Полная занятость,https://hh.ru/vacancy/82889971,Developer,"Middle/Senior Backend разработчик (C#). Высшее или средне специальное образование в области ИТ. Знание ООП, SOLID, CQRS. Знание основных паттернов проектирования. Умение работать в команде. Проектирование архитектуры модулей/веб-приложений. Разработка и доработка веб-приложений и сервисов. Оптимизация веб-приложений. Автоматизация и развитие процесса разработки.",c#,1
144,Программист 1C,400000 - 1200000 KZT,Алматы,Optimal Course,17-07-2023,"Аналитический склад ума. Умение работать в команде. Желание повышать квалификацию. Желание делиться опытом. Ответственность, дисциплиннированность. Опыт разработки продуктов на платформе...","Программирование, разработка в среде 1С. Разработка дополнительно функционала (от печатных форм, отчетов, обработок, до интеграции с внешними системами и...",От 1 года до 3 лет,Полная занятость,https://hh.ru/vacancy/83524020,Developer,"Программист 1C. Аналитический склад ума. Умение работать в команде. Желание повышать квалификацию. Желание делиться опытом. Ответственность, дисциплиннированность. Опыт разработки продуктов на платформе... Программирование, разработка в среде 1С. Разработка дополнительно функционала (от печатных форм, отчетов, обработок, до интеграции с внешними системами и...",1c,1
145,Frontend Developer (Junior+),50000 - 85000 RUR,Павлодар,Cybernetically Inc.,24-07-2023,"Опыт работы в разработке проектов (Angular или React). Отличные знания Javascript, Typescript. Понимание принципов ООП, Design Patterns. Хорошее знание HTML...","Разработка веб-приложений на Angular или React. Разработка и верстка ""дружелюбных"" интерфейсов.",От 1 года до 3 лет,Полная занятость,https://hh.ru/vacancy/83311879,Developer,"Frontend Developer (Junior+). Опыт работы в разработке проектов (Angular или React). Отличные знания Javascript, Typescript. Понимание принципов ООП, Design Patterns. Хорошее знание HTML... Разработка веб-приложений на Angular или React. Разработка и верстка ""дружелюбных"" интерфейсов.","angular, html, javascript, react, typescript",5
146,Backend разработчик PHP/Laravel,,Алматы,"EUROPHARMA, ТМ (ТОО AK NIET GROUP)",20-07-2023,"Знание Laravel, MySQL, JavaScript/jQuery. Понимание принципов и работы HTML, CSS (блочная, кросс-браузерная верстка). Опыт работы с Docker и...",Разработка проектов на Laravel/MySQL. Подключение готовой верстки.,От 1 года до 3 лет,Полная занятость,https://hh.ru/vacancy/83731492,Developer,"Backend разработчик PHP/Laravel. Знание Laravel, MySQL, JavaScript/jQuery. Понимание принципов и работы HTML, CSS (блочная, кросс-браузерная верстка). Опыт работы с Docker и... Разработка проектов на Laravel/MySQL. Подключение готовой верстки.","css, docker, html, javascript, jquery, laravel, mysql, php",8
147,Инженер-программист,210000 - 220000 KZT,Семей,Семей Инжиниринг,24-07-2023,"На должность инженера-программиста ОИТиС назначается лицо, имеющее высшее (или послевузовское) профессиональное образование в области информатики, математики, информационных систем, автоматизации...","настройку, обслуживание и мелкий ремонт различных компонентов и периферии (мониторы, видеоадаптеры, накопители на магнитных дисках, накопители на лазерных дисках, оперативная...",От 1 года до 3 лет,Полная занятость,https://hh.ru/vacancy/83927618,Developer,"Инженер-программист. На должность инженера-программиста ОИТиС назначается лицо, имеющее высшее (или послевузовское) профессиональное образование в области информатики, математики, информационных систем, автоматизации... настройку, обслуживание и мелкий ремонт различных компонентов и периферии (мониторы, видеоадаптеры, накопители на магнитных дисках, накопители на лазерных дисках, оперативная...",,0
148,Frontend-разработчик,,Алматы,Аврора Холдинг,21-07-2023,"Отличные знания и опыт работы с JavaScript, HTML, CSS, SCSS, ES6+. Хорошее понимание Vue 2 (будет плюсом если...","Разработка веб-приложений на Vue.js или Nuxt.js. Написание юнит-тестов. Участие в обсуждении и принятии архитектурных решений. Доработка, поддержка существующих...",От 1 года до 3 лет,Полная занятость,https://hh.ru/vacancy/78648246,Developer,"Frontend-разработчик. Отличные знания и опыт работы с JavaScript, HTML, CSS, SCSS, ES6+. Хорошее понимание Vue 2 (будет плюсом если... Разработка веб-приложений на Vue.js или Nuxt.js. Написание юнит-тестов. Участие в обсуждении и принятии архитектурных решений. Доработка, поддержка существующих...","css, html, javascript, sass, vue.js",5
149,Python middle-developer,600000 KZT,Астана,Кадровые решения,01-07-2023,"Знание архитектурных шаблонов, Unit-testing обязательно,. Опыт работы с Odoo большой плюс. Стек для инфо: k8s, docker, postgresql...",,От 1 года до 3 лет,Полная занятость,https://hh.ru/vacancy/82870104,Developer,"Python middle-developer. Знание архитектурных шаблонов, Unit-testing обязательно,. Опыт работы с Odoo большой плюс. Стек для инфо: k8s, docker, postgresql...","docker, kubernetes, postgresql, python",4
150,Программист,250000 - 300000 KZT,Павлодар,Соловьев А.И,26-06-2023,"Опыт работы с Laravel и фреймворками фронтенда (например, React, Vue.js). Знание PHP, MySQL, JavaScript, HTML и CSS. Опыт интеграции с...","Разработка и поддержка back-end функционала сайта на основе Laravel. Разработка и поддержка пользовательского интерфейса на фронтенде, используя HTML, CSS...",От 1 года до 3 лет,Частичная занятость,https://hh.ru/vacancy/82383512,Developer,"Программист. Опыт работы с Laravel и фреймворками фронтенда (например, React, Vue.js). Знание PHP, MySQL, JavaScript, HTML и CSS. Опыт интеграции с... Разработка и поддержка back-end функционала сайта на основе Laravel. Разработка и поддержка пользовательского интерфейса на фронтенде, используя HTML, CSS...","css, html, javascript, laravel, mysql, php, react, vue.js",8
151,Frontend-разработчик (Vue.js),,Алматы,Спортематика,18-07-2023,"Мы ищем в свою команду Frontend-разработчика на долгосрочную перспективу, который готов работать в команде, умеет мыслить системно, и самое...","Продукция компании: GNSS трекеры, LPS (система мониторинга спортсменов в закрытом помещении), EMG / ECG девайсы, умные перчатки для бокса, IMU трекеры...",Более 6 лет,Полная занятость,https://hh.ru/vacancy/83651736,Developer,"Frontend-разработчик (Vue.js). Мы ищем в свою команду Frontend-разработчика на долгосрочную перспективу, который готов работать в команде, умеет мыслить системно, и самое... Продукция компании: GNSS трекеры, LPS (система мониторинга спортсменов в закрытом помещении), EMG / ECG девайсы, умные перчатки для бокса, IMU трекеры...","javascript, vue.js",2
152,Full Stack Developer,,Алматы,Бизнес Енд Маркетинг Солюшинс,18-07-2023,"Умение оптимизировать свою работу и быстро выполнять задачи. Опыт работы от года. Знание HTML, CSS, JavaScript. Умение работать в PS...","Работа с landing page (верстка, редактирование имеющихся, оптимизация). Создание лендингов и витрин с нуля по примерам с подробным ТЗ.",От 1 года до 3 лет,Полная занятость,https://hh.ru/vacancy/83638491,Developer,"Full Stack Developer. Умение оптимизировать свою работу и быстро выполнять задачи. Опыт работы от года. Знание HTML, CSS, JavaScript. Умение работать в PS... Работа с landing page (верстка, редактирование имеющихся, оптимизация). Создание лендингов и витрин с нуля по примерам с подробным ТЗ.","css, html, javascript",3
153,Разработчик Frontend,400000 KZT,Алматы,САДВАКАСОВ М. А,04-07-2023,"React, React Hooks, (effector). Имеешь коммерческий опыт разработки проектов от 1,5 лет. Любишь работать c React. Знаешь, как работать...",После проверки тестового задания:,От 1 года до 3 лет,Полная занятость,https://hh.ru/vacancy/82945087,Developer,"Разработчик Frontend. React, React Hooks, (effector). Имеешь коммерческий опыт разработки проектов от 1,5 лет. Любишь работать c React. Знаешь, как работать... После проверки тестового задания:",react,1
154,React JS Native разработчик,400000 KZT,Алматы,Paloma365,16-07-2023,"Нужен самостоятельный опытный разработчик, которому не нужно рассказывать как программировать и учить.","Разработка кроссплатформенного решения для рынка США и СНГ на React JS Native, SQLite. Для США нужна адаптация текущего решения и...",От 3 до 6 лет,Полная занятость,https://hh.ru/vacancy/83477660,Developer,"React JS Native разработчик. Нужен самостоятельный опытный разработчик, которому не нужно рассказывать как программировать и учить. Разработка кроссплатформенного решения для рынка США и СНГ на React JS Native, SQLite. Для США нужна адаптация текущего решения и...","javascript, react, sqlite",3
155,Junior Category Development Manager,,Алматы,PepsiCo Kazakhstan,21-07-2023,"Min. 1year of experience in related area (category development, trade marketing, marketing, sales, insight, commercial etc.). Excellent communication and...","Create & execute Trade Activation Calendar for the Category: trade marketing initiatives, promo strategies within the Activity Grid and platforms across...",От 1 года до 3 лет,Полная занятость,https://hh.ru/vacancy/83789673,Developer,"Junior Category Development Manager. Min. 1year of experience in related area (category development, trade marketing, marketing, sales, insight, commercial etc.). Excellent communication and... Create & execute Trade Activation Calendar for the Category: trade marketing initiatives, promo strategies within the Activity Grid and platforms across...",,0
156,Project manager (Business development manager) в международную компанию,,Алматы,International Drivers Association,24-07-2023,Английский язык - свободный разговорный. Успешный опыт в B2B. Коммуникативные навыки на высоком уровне. Навыки тайм-менеджмента.,Развитие проекта в новых регионах. Участие в международных конференциях и форумах. Налаживание связей с потенциальными партнерами. Развитие и ведение клиентской...,От 3 до 6 лет,Полная занятость,https://hh.ru/vacancy/83320612,Developer,Project manager (Business development manager) в международную компанию. Английский язык - свободный разговорный. Успешный опыт в B2B. Коммуникативные навыки на высоком уровне. Навыки тайм-менеджмента. Развитие проекта в новых регионах. Участие в международных конференциях и форумах. Налаживание связей с потенциальными партнерами. Развитие и ведение клиентской...,,0
157,Frontend-разработчик VUE.JS,400000 - 500000 KZT,Алматы,«DZHANDOSOV SOFT»,27-06-2023,"Уверенные знания HTML5, CSS, Java Script. Уверенные знания Vue.js. Умение разобраться в чужом коде и готовность работать уже с...",Поддержка существующего кода на vue.js. Написание нового кода на vue.js. Участие в полном цикле разработки (от проектирования до запуска).,От 3 до 6 лет,Полная занятость,https://hh.ru/vacancy/82508039,Developer,"Frontend-разработчик VUE.JS. Уверенные знания HTML5, CSS, Java Script. Уверенные знания Vue.js. Умение разобраться в чужом коде и готовность работать уже с... Поддержка существующего кода на vue.js. Написание нового кода на vue.js. Участие в полном цикле разработки (от проектирования до запуска).","css, html, java, javascript, vue.js",5
158,Веб-разработчик,,Павлодар,КМГ-Кумколь,05-07-2023,"Образование средне-специальное (техническое, информационные технологии). Опыт работы не менее 1 года.",Поддержка и разработка веб-приложений. Анализ ранее реализованных решений и проведение рефакторинга имеющегося кода. Ведение проектной и технической документации (инструкции...,От 1 года до 3 лет,Полная занятость,https://hh.ru/vacancy/83021479,Developer,"Веб-разработчик. Образование средне-специальное (техническое, информационные технологии). Опыт работы не менее 1 года. Поддержка и разработка веб-приложений. Анализ ранее реализованных решений и проведение рефакторинга имеющегося кода. Ведение проектной и технической документации (инструкции...",,0
159,Java-разработчик,250000 - 1000000 KZT,Астана,Центр электронного факторинга,17-07-2023,"Java 8; Spring Boot; PostgreSQL, React.Js. Хорошее знание основ ООП и принципов проектирования приложений. Опыт работы с любым из ORM...","Разработка, тестирование и поддержка веб-приложений с использованием Java. Участие во всех этапах разработки, включая проектирование, реализацию, тестирование и развертывание...",От 3 до 6 лет,Полная занятость,https://hh.ru/vacancy/83513195,Developer,"Java-разработчик. Java 8; Spring Boot; PostgreSQL, React.Js. Хорошее знание основ ООП и принципов проектирования приложений. Опыт работы с любым из ORM... Разработка, тестирование и поддержка веб-приложений с использованием Java. Участие во всех этапах разработки, включая проектирование, реализацию, тестирование и развертывание...","java, javascript, postgresql, react, spring",5
160,Программист 1С,1500 - 2500 EUR,Астана,Meta Sistem,07-07-2023,Знание встроенного языка программирования 1С:Предприятие 8. Знание методов программирования. Знание основ конфигурирования и администрирования 1С:Предприятие 8.,Программная доработка конфигураций 1С-Предприятие. Модификация и обновление существующих объектов оперативного и управленческого учета. Создание новых блоков учета.,От 1 года до 3 лет,Полная занятость,https://hh.ru/vacancy/82761977,Developer,Программист 1С. Знание встроенного языка программирования 1С:Предприятие 8. Знание методов программирования. Знание основ конфигурирования и администрирования 1С:Предприятие 8. Программная доработка конфигураций 1С-Предприятие. Модификация и обновление существующих объектов оперативного и управленческого учета. Создание новых блоков учета.,1c,1
161,Golang разработчик Middle,,Астана,"МЕЧТА, ТМ (Мечта Маркет, ТОО)",17-07-2023,"Хорошее знание Golang. Опыт не менее 2 лет. Умение писать тесты (юнит, интеграционные). Умение писать/настроить swagger документацию на API.","Разработка сервисов. Доработка существующих проектов. Принятие участия в формировании идей, обсуждения их реализации. Изучение новых технологий, возможности их использования в...",От 1 года до 3 лет,Полная занятость,https://hh.ru/vacancy/83542347,Developer,"Golang разработчик Middle. Хорошее знание Golang. Опыт не менее 2 лет. Умение писать тесты (юнит, интеграционные). Умение писать/настроить swagger документацию на API. Разработка сервисов. Доработка существующих проектов. Принятие участия в формировании идей, обсуждения их реализации. Изучение новых технологий, возможности их использования в...",go,1
162,"Программист (SMM, SEO)",200000 - 250000 KZT,Костанай,Гермес 4,30-06-2023,Опыт от 2х лет. Профессиональное владение пк.,"Ведение страниц компании в интернете. Заполнение рекламных площадок (olx, allbiz). Ведение рекламных компаний. Доработка и наполнение сайта.",От 3 до 6 лет,Полная занятость,https://hh.ru/vacancy/82837193,Developer,"Программист (SMM, SEO). Опыт от 2х лет. Профессиональное владение пк. Ведение страниц компании в интернете. Заполнение рекламных площадок (olx, allbiz). Ведение рекламных компаний. Доработка и наполнение сайта.",,0
163,PHP-разработчик,500000 - 1000000 KZT,Алматы,OneVision,05-07-2023,"Git. Php. Postgres. Clickhouse. Redis. Docker, docker-compose. Kubernetes - grpc.",Разработка информационных систем с нуля. Исправление багов. Разработка новый фич. Код ревью. Делиться опытом с командой. Писать dockerfile для образов...,От 1 года до 3 лет,Полная занятость,https://hh.ru/vacancy/82916033,Developer,"PHP-разработчик. Git. Php. Postgres. Clickhouse. Redis. Docker, docker-compose. Kubernetes - grpc. Разработка информационных систем с нуля. Исправление багов. Разработка новый фич. Код ревью. Делиться опытом с командой. Писать dockerfile для образов...","clickhouse, docker, git, grpc, kubernetes, php, postgresql, redis",8
164,Java Developer,,Алматы,Axenix (ранее Accenture),20-07-2023,"Применяешь на практике Spring Boot, Spring Data, Spring Security. Имеешь опыт создания распределённых систем с большой нагрузкой. На всю катушку...","Чувствуешь себя как рыба в воде в Spring и его экосистеме. Проводишь код ревью, быстро выявляешь типичные ошибки в коде.",От 3 до 6 лет,Полная занятость,https://hh.ru/vacancy/83759615,Developer,"Java Developer. Применяешь на практике Spring Boot, Spring Data, Spring Security. Имеешь опыт создания распределённых систем с большой нагрузкой. На всю катушку... Чувствуешь себя как рыба в воде в Spring и его экосистеме. Проводишь код ревью, быстро выявляешь типичные ошибки в коде.","java, spring",2
165,Помощник программиста,100000 KZT,Кокшетау,I.T.Expert,04-07-2023,Быстрая обучаемость. Умение разбираться в документации. Ответственность.,"Обслуживание клиентов. Различная работа по настройке ПО и оборудования. Поддержка и сопровождение 1С, кассовых аппаратов. Монтаж и обслуживание ЛВС...",Нет опыта,Полная занятость,https://hh.ru/vacancy/82967497,Developer,"Помощник программиста. Быстрая обучаемость. Умение разбираться в документации. Ответственность. Обслуживание клиентов. Различная работа по настройке ПО и оборудования. Поддержка и сопровождение 1С, кассовых аппаратов. Монтаж и обслуживание ЛВС...",1c,1
166,Python разработчик,,Алматы,Страховая компания Freedom Finance Insurance,17-07-2023,Backend Python (framework Django). Frontend ReactJS. Дополнительно C# ASP.Net Core > 6.0.,"Разработка, внедрение информационных систем компании. Разработка интеграционных сервисов. Поддержка и развитие проекта dtp.kz.",От 3 до 6 лет,Полная занятость,https://hh.ru/vacancy/83544553,Developer,"Python разработчик. Backend Python (framework Django). Frontend ReactJS. Дополнительно C# ASP.Net Core > 6.0. Разработка, внедрение информационных систем компании. Разработка интеграционных сервисов. Поддержка и развитие проекта dtp.kz.",".net, c#, django, python, react",5
167,Старший инженер-разработчик (Senior Reservoir Engineer),,Аксай (Казахстан),Карачаганак Петролиум Оперейтинг Б. В.(КПО),24-07-2023,"Высшее образование (нефтяная инженерия, геология, нефтегаз или смежной специальности) и стаж работы в должности инженера-разработчика не менее 4 лет.","Основные функции: Изучение симуляционной модели коллектора на основе данных гидродинамической и геологической моделей, используемых в КПО при оценке возможностей разработки...",Более 6 лет,Полная занятость,https://hh.ru/vacancy/83911368,Developer,"Старший инженер-разработчик (Senior Reservoir Engineer). Высшее образование (нефтяная инженерия, геология, нефтегаз или смежной специальности) и стаж работы в должности инженера-разработчика не менее 4 лет. Основные функции: Изучение симуляционной модели коллектора на основе данных гидродинамической и геологической моделей, используемых в КПО при оценке возможностей разработки...",,0
168,Разработчик 1С,500000 - 1000000 KZT,Астана,Маханова,19-07-2023,"Отличное знание платформы 1С:Предприятие 8: обычные и управляемые формы, язык запросов, СКД, БСП, расширения. Знание одной или нескольких...","Разработка нового функционала на платформе 1С (включая доработки, изменения, улучшения, проектные работы). Рефакторинг. Код-ревью. Отладка. Управление релизами/редакциями...",От 1 года до 3 лет,Полная занятость,https://hh.ru/vacancy/83677174,Developer,"Разработчик 1С. Отличное знание платформы 1С:Предприятие 8: обычные и управляемые формы, язык запросов, СКД, БСП, расширения. Знание одной или нескольких... Разработка нового функционала на платформе 1С (включая доработки, изменения, улучшения, проектные работы). Рефакторинг. Код-ревью. Отладка. Управление релизами/редакциями...","1c, 1c skd",2
169,Веб-разработчик,300000 KZT,Алматы,initkz,23-07-2023,"Уверенное знание JavaScript, HTML5, CSS. Уверенное знание и понимание принципов методологии БЭМ. Хорошее знание PHP, Git. Опыт работы с...","Оффлайн, в городе Алматы. Обзор достижений каждые 6 месяцев.",От 1 года до 3 лет,Полная занятость,https://hh.ru/vacancy/83250398,Developer,"Веб-разработчик. Уверенное знание JavaScript, HTML5, CSS. Уверенное знание и понимание принципов методологии БЭМ. Хорошее знание PHP, Git. Опыт работы с... Оффлайн, в городе Алматы. Обзор достижений каждые 6 месяцев.","css, git, html, javascript, php",5
170,Java разработчик,,Алматы,Народный банк Казахстана,13-07-2023,Знание языка программирования Java (Middle/Senior). Опыт разработки ETL/ELT процессов. Опыт работы с БД (Oracle / Greenplum или аналоги).,Разработка Spark приложений для обработки данных. Оптимизация существующих приложений. Активное участие в обсуждении архитектуры и концептов приложений. Разработка потоков NiFi.,От 1 года до 3 лет,Полная занятость,https://hh.ru/vacancy/83388912,Developer,Java разработчик. Знание языка программирования Java (Middle/Senior). Опыт разработки ETL/ELT процессов. Опыт работы с БД (Oracle / Greenplum или аналоги). Разработка Spark приложений для обработки данных. Оптимизация существующих приложений. Активное участие в обсуждении архитектуры и концептов приложений. Разработка потоков NiFi.,"etl, java, oracle, spark",4
171,Front-end разработчик (React/Vue),,Алматы,iBEC Systems,24-07-2023,"Честного, полного энтузиазма и лояльности к своей работе опытного Frontend-разработчика. Чего мы ждём от вас: Опыт работы в качестве...",Внешние и внутренние семинары или доклады.,От 1 года до 3 лет,Полная занятость,https://hh.ru/vacancy/82890784,Developer,"Front-end разработчик (React/Vue). Честного, полного энтузиазма и лояльности к своей работе опытного Frontend-разработчика. Чего мы ждём от вас: Опыт работы в качестве... Внешние и внутренние семинары или доклады.","react, vue.js",2
172,Инженер-программист АСУ ТП,600000 KZT,Караганда,АСЭП,24-07-2023,"Образование высшее техническое (автоматизация, системы управления и т.п.). Знание общих принципов построения автоматизированных систем и сетей связи.","Инженер решает задачи как в офисе: разработка и испытание программного обеспечения, разработка документации; так и на объектах Заказчика: сбор исходных...",От 3 до 6 лет,Полная занятость,https://hh.ru/vacancy/83587963,Developer,"Инженер-программист АСУ ТП. Образование высшее техническое (автоматизация, системы управления и т.п.). Знание общих принципов построения автоматизированных систем и сетей связи. Инженер решает задачи как в офисе: разработка и испытание программного обеспечения, разработка документации; так и на объектах Заказчика: сбор исходных...",,0
173,JavaScript Game Developer (Playable Ads),,Алматы,G5EN KAZ,18-07-2023,"Опыт программирования от 1 года. Уверенные знания JavaScript (ES6, ООП). Знание HTML5/CSS3. Опыт работы с Pixi.js...",Разработкой мини-игр с использованием Pixi.js для внутренней и внешних рекламных сетей.,От 1 года до 3 лет,Полная занятость,https://hh.ru/vacancy/83641349,Developer,"JavaScript Game Developer (Playable Ads). Опыт программирования от 1 года. Уверенные знания JavaScript (ES6, ООП). Знание HTML5/CSS3. Опыт работы с Pixi.js... Разработкой мини-игр с использованием Pixi.js для внутренней и внешних рекламных сетей.","css, html, javascript",3
174,.NET Senior developer(С#),1000000 - 1400000 KZT,Астана,Inter Solutions,20-07-2023,"Опыт работы в Software Development: 4 года. Уверенное знание .NET, C#. Владение SQL, EF. Понимание ООП/GoF/SOLID.","Разработка нового проекта. Работа с Tech Stack'ом: .NET, C#. SQL, EF. Docker, GitLab CI/CD. Code Review.",От 3 до 6 лет,Полная занятость,https://hh.ru/vacancy/83759056,Developer,".NET Senior developer(С#). Опыт работы в Software Development: 4 года. Уверенное знание .NET, C#. Владение SQL, EF. Понимание ООП/GoF/SOLID. Разработка нового проекта. Работа с Tech Stack'ом: .NET, C#. SQL, EF. Docker, GitLab CI/CD. Code Review.",".net, c#, ci/cd, docker, gitlab, sql",6
175,Информатик программист для работы в маркетплейсах,150000 - 200000 KZT,Алматы,Shynybayev&partners,27-06-2023,"Знание ПК, офисных программ и умение работать с электронными каталогами. Навыки информатика.","Поддержание работы маркетплейса Каспи, Вайлберс, Озон и т.д. Заполнение и контроль товаров на сайте. Ведение отчетности по работе.",Нет опыта,Полная занятость,https://hh.ru/vacancy/82529384,Developer,"Информатик программист для работы в маркетплейсах. Знание ПК, офисных программ и умение работать с электронными каталогами. Навыки информатика. Поддержание работы маркетплейса Каспи, Вайлберс, Озон и т.д. Заполнение и контроль товаров на сайте. Ведение отчетности по работе.",,0
176,Junior Frontend developer (Angular / Ionic),,Алматы,greetgo!,23-07-2023,"Знать три столпа ООП. Хорошее знание HTML5, CSS, JavaScript. Опыт работы с TypeScript. Опыт работы с Angular.",Разработка и развертывание web приложений на базе Angular/Ionic. Кроссбраузерная и кроссплатформенная адаптивная верстка. Работа в команде с бизнес-аналитиками...,От 1 года до 3 лет,Полная занятость,https://hh.ru/vacancy/83561669,Developer,"Junior Frontend developer (Angular / Ionic). Знать три столпа ООП. Хорошее знание HTML5, CSS, JavaScript. Опыт работы с TypeScript. Опыт работы с Angular. Разработка и развертывание web приложений на базе Angular/Ionic. Кроссбраузерная и кроссплатформенная адаптивная верстка. Работа в команде с бизнес-аналитиками...","angular, css, html, javascript, typescript",5
177,.NET разработчик,,Алматы,Страховая компания Freedom Finance Insurance,17-07-2023,"C#, ASP.NET, MVC, .NET Core, Visual Studio. Oracle PL/SQL, Postgre SQL. Javascript, bootstrap. Python, Django. Стаж от 3-х...","Разработка, внедрение информационных систем компании. Разработка интеграционных сервисов. Доработка и сопровождение программного обеспечения.",От 3 до 6 лет,Полная занятость,https://hh.ru/vacancy/83541048,Developer,".NET разработчик. C#, ASP.NET, MVC, .NET Core, Visual Studio. Oracle PL/SQL, Postgre SQL. Javascript, bootstrap. Python, Django. Стаж от 3-х... Разработка, внедрение информационных систем компании. Разработка интеграционных сервисов. Доработка и сопровождение программного обеспечения.",".net, bootstrap, c#, django, javascript, oracle, postgresql, python, sql",9
178,Инженер-программист,210000 - 273000 KZT,Павлодар,"Каустик, АО",01-07-2023,Требования: высшее образование по соответствующей специальности и стаж работы по специальности на должностях специалиста не менее 1 года или среднее...,"2.1. Заниматься разработкой, модификацией, оптимизацией проектов системы управления технологическим процессом производства хлора и соды каустической. 2.2.",От 1 года до 3 лет,Полная занятость,https://hh.ru/vacancy/82865496,Developer,"Инженер-программист. Требования: высшее образование по соответствующей специальности и стаж работы по специальности на должностях специалиста не менее 1 года или среднее... 2.1. Заниматься разработкой, модификацией, оптимизацией проектов системы управления технологическим процессом производства хлора и соды каустической. 2.2.",,0
179,Программист-разработчик (Strong Junior / Middle),350000 KZT,Алматы,DevCloud Solutions,24-07-2023,"Есть опыт в разработке проектов на .NET CORE, MVC. Уверенные знания C#: Синтаксис, ООП, Linq, async/await, работа с Json...",Web: Проектирование UI/UX. Вам интересен процесс разработки программного обеспечения.,От 1 года до 3 лет,Полная занятость,https://hh.ru/vacancy/83314691,Developer,"Программист-разработчик (Strong Junior / Middle). Есть опыт в разработке проектов на .NET CORE, MVC. Уверенные знания C#: Синтаксис, ООП, Linq, async/await, работа с Json... Web: Проектирование UI/UX. Вам интересен процесс разработки программного обеспечения.",".net, c#, ui/ux",3
180,"Монтажник-программист систем ""Умный дом"".",300000 KZT,Астана,Адилет Гасыр,23-07-2023,"5) Уверенный пользователь ПК. 6) Ежедневные отчёты. 7) Приветствуется наличие ноутбука. 8) Работать в команде лучших, соответствовать. Образование от средне...","1) Укладка кабеля. 2) Работа со специнструментами. 3) Монтаж, сборка щита, монтаж слаботочного оборудование. 4) Программирование (понимать логику).",Нет опыта,Полная занятость,https://hh.ru/vacancy/82432673,Developer,"Монтажник-программист систем ""Умный дом"".. 5) Уверенный пользователь ПК. 6) Ежедневные отчёты. 7) Приветствуется наличие ноутбука. 8) Работать в команде лучших, соответствовать. Образование от средне... 1) Укладка кабеля. 2) Работа со специнструментами. 3) Монтаж, сборка щита, монтаж слаботочного оборудование. 4) Программирование (понимать логику).",,0
181,Frontend Developer,,Алматы,ДОЧЕРНЯЯ ОРГАНИЗАЦИЯ НАРОДНОГО БАНКА КАЗАХСТАНА HALYK FINSERVICE,04-07-2023,"Знание и опыт работы с фреймворками Vue / Nuxt, TypeScript. Знание и опыт работы с JavaScript, HTML, CSS. Уметь читать и...",Проектирование и разработка функционала. Участие в обсуждении и принятии архитектурных решений. Оптимизация кодовой базы клиентской ( front - end) части платформы.,От 3 до 6 лет,Полная занятость,https://hh.ru/vacancy/82945631,Developer,"Frontend Developer. Знание и опыт работы с фреймворками Vue / Nuxt, TypeScript. Знание и опыт работы с JavaScript, HTML, CSS. Уметь читать и... Проектирование и разработка функционала. Участие в обсуждении и принятии архитектурных решений. Оптимизация кодовой базы клиентской ( front - end) части платформы.","css, html, javascript, typescript, vue.js",5
182,Программист,,Алматы,"ASTEL, АО",14-07-2023,Опыт работы от 3 лет и более.,"Написание приложений под Linux для встраиваемых систем и микроконтроллеров. Изменение и перекомпиляция ядра Linux, разработка модулей ядра. Портирование ядра Linux...",От 1 года до 3 лет,Полная занятость,https://hh.ru/vacancy/83415908,Developer,"Программист. Опыт работы от 3 лет и более. Написание приложений под Linux для встраиваемых систем и микроконтроллеров. Изменение и перекомпиляция ядра Linux, разработка модулей ядра. Портирование ядра Linux...",linux,1
183,Начинающий Программист 1С (Junior),200000 KZT,Алматы,СВБ Интеллект Технологии,23-07-2023,Умение программировать на 1С (попросим предоставить собственные наработки). Для начала подойдет и базовый уровень разработки в 1С.,Программирование на встроенном языке 1С: технические задания и требования будут предоставлены. Помощь сотрудникам отдела сервиса при поиске ошибок пользователей...,Нет опыта,Полная занятость,https://hh.ru/vacancy/83285442,Developer,Начинающий Программист 1С (Junior). Умение программировать на 1С (попросим предоставить собственные наработки). Для начала подойдет и базовый уровень разработки в 1С. Программирование на встроенном языке 1С: технические задания и требования будут предоставлены. Помощь сотрудникам отдела сервиса при поиске ошибок пользователей...,1c,1
184,Программист Moodle,500000 KZT,Астана,КМГ Инжиниринг,18-07-2023,Уверенные Знание программного языка PHP/HTML/MySQL/jQuery/JavaScript. Наличие опыта системного администрирования. Опыт работы программистом не менее 5 лет...,Разработка и доработка системы дистанционного обучения (СДО) на базе Moodle под требования нашей компании. Автоматизация СДО с разными информационными системами...,От 3 до 6 лет,Полная занятость,https://hh.ru/vacancy/83587666,Developer,Программист Moodle. Уверенные Знание программного языка PHP/HTML/MySQL/jQuery/JavaScript. Наличие опыта системного администрирования. Опыт работы программистом не менее 5 лет... Разработка и доработка системы дистанционного обучения (СДО) на базе Moodle под требования нашей компании. Автоматизация СДО с разными информационными системами...,"html, javascript, jquery, mysql, php",5
185,Senior Frontend WEB Developer/Designer,,Алматы,TaxyMatch,21-07-2023,"Предпочтения будут отданы специалистам, глубоко вовлеченным во Frontend разработку, имеющим опыт (не менее 5 лет) активной frontend разработки и проектирования...",Разработка новых персональных партнерских WEB-приложений. Разработка нового универсального партнерского WEB-приложения. Доработка и поддержка существующих персональных партнерских WEB-приложений.,Более 6 лет,Полная занятость,https://hh.ru/vacancy/83827992,Developer,"Senior Frontend WEB Developer/Designer. Предпочтения будут отданы специалистам, глубоко вовлеченным во Frontend разработку, имеющим опыт (не менее 5 лет) активной frontend разработки и проектирования... Разработка новых персональных партнерских WEB-приложений. Разработка нового универсального партнерского WEB-приложения. Доработка и поддержка существующих персональных партнерских WEB-приложений.",,0
186,Backend Node.js разработчик (Middle/Senior),800000 - 2000000 KZT,Алматы,ЧАСТНАЯ КОМПАНИЯ PALADIGM TECH LAB LIMITED,11-07-2023,"Опыт более 3 лет на JavaScript/TypeScript. Продвинутые навыки в Express, Fastify или NestJS framework. Знание event driven архитектуры.","Анализ требований и реализация задач, включая работа с REST API, PostgreSQL и т.д. Интеграция внешних сервисов и различных библиотек.",От 3 до 6 лет,Полная занятость,https://hh.ru/vacancy/83292317,Developer,"Backend Node.js разработчик (Middle/Senior). Опыт более 3 лет на JavaScript/TypeScript. Продвинутые навыки в Express, Fastify или NestJS framework. Знание event driven архитектуры. Анализ требований и реализация задач, включая работа с REST API, PostgreSQL и т.д. Интеграция внешних сервисов и различных библиотек.","javascript, node.js, postgresql, rest api, typescript",5
187,Менеджер по развитию бизнеса / Business Development Manager​​​​​​​,,Алматы,Нестле Фуд Казахстан,11-07-2023,1. Высшее образование. 2. Продвинутый уровень владения Excel и Power Point. 3. Развитые аналитические и переговорные навыки. 4.,"1. Достижение на территории Казахстана и экспортных рынков( Таджикистан​, Кыргызстан, Туркменистан​, Монголия​) ежегодных целей по развитию категории готовых завтраков, доли...",От 1 года до 3 лет,Полная занятость,https://hh.ru/vacancy/83252060,Developer,"Менеджер по развитию бизнеса / Business Development Manager​​​​​​​. 1. Высшее образование. 2. Продвинутый уровень владения Excel и Power Point. 3. Развитые аналитические и переговорные навыки. 4. 1. Достижение на территории Казахстана и экспортных рынков( Таджикистан​, Кыргызстан, Туркменистан​, Монголия​) ежегодных целей по развитию категории готовых завтраков, доли...",excel,1
188,Middle Developer,,Алматы,Prime Source,19-07-2023,"Опыт работы в разработке на Golang от 2 лет. Опыт работы с нереляционными, колоночными БД(Greenplum, Vertica, Векторные БД, Clichouse...","Разработка сервисов обработки потоковых данных. Интеграция с облачными сервисами AWS, Azure, GCP. Разработка приложений для сотрудников""Анализ и оценка требований.",От 3 до 6 лет,Полная занятость,https://hh.ru/vacancy/83663166,Developer,"Middle Developer. Опыт работы в разработке на Golang от 2 лет. Опыт работы с нереляционными, колоночными БД(Greenplum, Vertica, Векторные БД, Clichouse... Разработка сервисов обработки потоковых данных. Интеграция с облачными сервисами AWS, Azure, GCP. Разработка приложений для сотрудников""Анализ и оценка требований.","aws, azure, gcp, go",4
189,Главный Backend разработчик,,Алматы,TECHNODOM Operator (Технодом Оператор),20-07-2023,Интерес к развитию в других технологических направлениях. Уверенное владение английским языком для чтения технической документации. Опыт работы с системами Continuous...,"Разрабатывать надёжные и высокопроизводительные решения на Java. Участвовать во всех этапах разработки, от проектирования архитектуры до поддержки продуктов в продакшене.",От 1 года до 3 лет,Полная занятость,https://hh.ru/vacancy/83754292,Developer,"Главный Backend разработчик. Интерес к развитию в других технологических направлениях. Уверенное владение английским языком для чтения технической документации. Опыт работы с системами Continuous... Разрабатывать надёжные и высокопроизводительные решения на Java. Участвовать во всех этапах разработки, от проектирования архитектуры до поддержки продуктов в продакшене.",java,1
190,Fronend-разработчик React Middle,,Астана,ProPeople Global,26-06-2023,Знание паттернов и принципов проектирования. Хорошее знание и понимание основ JavaScript и опыт работы с ES6+ (ESNext).,Поддержка и доработка front-end части проектов. Верстка и программирование компонентов.,От 3 до 6 лет,Полная занятость,https://hh.ru/vacancy/82453477,Developer,Fronend-разработчик React Middle. Знание паттернов и принципов проектирования. Хорошее знание и понимание основ JavaScript и опыт работы с ES6+ (ESNext). Поддержка и доработка front-end части проектов. Верстка и программирование компонентов.,"javascript, react",2
191,Middle Back-end разработчик (Golang),,Алматы,TECHNODOM Operator (Технодом Оператор),20-07-2023,"Хорошее знание Go и опыт работы с ним от 2 лет. Умение писать чистый, тестируемый код на Go.","Проектировать сервисы и структуру хранения данных в MongoDB, чтобы эффективно использовать их в будущем (с минимальным пользовательским latency).",От 1 года до 3 лет,Полная занятость,https://hh.ru/vacancy/83759483,Developer,"Middle Back-end разработчик (Golang). Хорошее знание Go и опыт работы с ним от 2 лет. Умение писать чистый, тестируемый код на Go. Проектировать сервисы и структуру хранения данных в MongoDB, чтобы эффективно использовать их в будущем (с минимальным пользовательским latency).","go, mongodb",2
192,Backend-разработчик (Python),,Алматы,Wisk Telecom Solutions,10-07-2023,"Понимания ООП. Наличия опыта в коммерческой разработке не менее 1 года. Знания паттернов проектирования. Опыт работы с Docker, docker-compose.",Разработка новых функций. Разработка RESTful сервисов. Настройка и оптимизация PostgreSQL. Проектирование архитектуры.,От 1 года до 3 лет,Полная занятость,https://hh.ru/vacancy/83189006,Developer,"Backend-разработчик (Python). Понимания ООП. Наличия опыта в коммерческой разработке не менее 1 года. Знания паттернов проектирования. Опыт работы с Docker, docker-compose. Разработка новых функций. Разработка RESTful сервисов. Настройка и оптимизация PostgreSQL. Проектирование архитектуры.","docker, postgresql, python, rest api",4
193,Старший Java-разработчик,500000 KZT,Алматы,Digitech Solution,20-07-2023,Разработка на Java под андроид. Желательно знание специфики POS терминалов. Умение работать в команде.,Разработка на Java под андроид. Руководство проектом.,Более 6 лет,Полная занятость,https://hh.ru/vacancy/83758208,Developer,Старший Java-разработчик. Разработка на Java под андроид. Желательно знание специфики POS терминалов. Умение работать в команде. Разработка на Java под андроид. Руководство проектом.,java,1
194,Team Lead Java Developer,,Алматы,Kcell,24-07-2023,Фундаментальное понимание основ CS. Высокоуровневое (архитектурное) видение программных систем и способность погружаться в детали. Отличное знание и экспертиза в нескольких...,Разработка и настройка ПО для интеграционных сервисов на основе микросервисной архитектуры. Технический анализ бизнес требований на внутреннюю разработку ПО.,От 3 до 6 лет,Полная занятость,https://hh.ru/vacancy/83909780,Developer,Team Lead Java Developer. Фундаментальное понимание основ CS. Высокоуровневое (архитектурное) видение программных систем и способность погружаться в детали. Отличное знание и экспертиза в нескольких... Разработка и настройка ПО для интеграционных сервисов на основе микросервисной архитектуры. Технический анализ бизнес требований на внутреннюю разработку ПО.,java,1
195,Программист-разработчик,400000 - 700000 KZT,Алматы,SoftRise,22-07-2023,"SQL, PL/SQL.","Разработка ПО. Сопровождение ПО системы, предназначенной для автоматизации брокерско-дилерской деятельности, управления портфелем ценных бумаг и проч. финансовых инструментов.",Более 6 лет,Полная занятость,https://hh.ru/vacancy/80937931,Developer,"Программист-разработчик. SQL, PL/SQL. Разработка ПО. Сопровождение ПО системы, предназначенной для автоматизации брокерско-дилерской деятельности, управления портфелем ценных бумаг и проч. финансовых инструментов.",sql,1
196,Frontend-разработчик,,Павлодар,Публичная Компания «Freedom Finance Global PLC»,05-07-2023,Опыт в сфере веб-разработки от 2 лет на позиции middle/senior Frontend-разработчика. Экспертные навыки в верстке.,"Разработка веб-проектов компании. Работа на стеке: html, css, верстка, js, vuejs 2, vuejs 3. Анализ и оптимизация текущей организации...",От 1 года до 3 лет,Полная занятость,https://hh.ru/vacancy/83039586,Developer,"Frontend-разработчик. Опыт в сфере веб-разработки от 2 лет на позиции middle/senior Frontend-разработчика. Экспертные навыки в верстке. Разработка веб-проектов компании. Работа на стеке: html, css, верстка, js, vuejs 2, vuejs 3. Анализ и оптимизация текущей организации...","css, html, javascript, vue.js",4
197,Программист на Cobol,50000 - 60000 KZT,Курчатов (Казахстан),HR-Bot,04-07-2023,Опыт в разработке приложений на языке COBOL более 6-и лет (знание IBM AS/400 - iSeries - большой плюс).,Участие в проектах по разработке бизнес приложений в качестве программиста-разработчика бизнес приложений на COBOL AS/400.,От 3 до 6 лет,Полная занятость,https://hh.ru/vacancy/82965564,Developer,Программист на Cobol. Опыт в разработке приложений на языке COBOL более 6-и лет (знание IBM AS/400 - iSeries - большой плюс). Участие в проектах по разработке бизнес приложений в качестве программиста-разработчика бизнес приложений на COBOL AS/400.,,0
198,PHP разработчик (full-stack),,Алматы,Страховая компания Freedom Finance Insurance,21-07-2023,"Laravel ООП, MVC, Bootstrap, REST, SOAP, JS библиотеки, PostgreSQL, Mysql. Опыт в оптимизации запросов, адаптивной верстке. Опыт разработки интеграционных сервисов.","Поддержка и разработка новых модулей web сайта, интеграционных сервисов компании.",От 1 года до 3 лет,Полная занятость,https://hh.ru/vacancy/83813154,Developer,"PHP разработчик (full-stack). Laravel ООП, MVC, Bootstrap, REST, SOAP, JS библиотеки, PostgreSQL, Mysql. Опыт в оптимизации запросов, адаптивной верстке. Опыт разработки интеграционных сервисов. Поддержка и разработка новых модулей web сайта, интеграционных сервисов компании.","bootstrap, javascript, laravel, mysql, php, postgresql, soap",7
199,JavaScript Game Developer (Playable Ads),,Астана,G5EN KAZ,18-07-2023,"Опыт программирования от 1 года. Уверенные знания JavaScript (ES6, ООП). Знание HTML5/CSS3. Опыт работы с Pixi.js...",Разработкой мини-игр с использованием Pixi.js для внутренней и внешних рекламных сетей.,От 1 года до 3 лет,Полная занятость,https://hh.ru/vacancy/83641348,Developer,"JavaScript Game Developer (Playable Ads). Опыт программирования от 1 года. Уверенные знания JavaScript (ES6, ООП). Знание HTML5/CSS3. Опыт работы с Pixi.js... Разработкой мини-игр с использованием Pixi.js для внутренней и внешних рекламных сетей.","css, html, javascript",3
200,Senior Customer Development Leader CA,,Алматы,Марс,24-07-2023,Higher education. Experience in Key Account/Customer Management. Ability to implement strategies that clearly measure performance vs KPI criteria.,Understand the internal strategies of customers and their specifics on important for Mars product categories and retail formats.,От 3 до 6 лет,Полная занятость,https://hh.ru/vacancy/83914056,Developer,Senior Customer Development Leader CA. Higher education. Experience in Key Account/Customer Management. Ability to implement strategies that clearly measure performance vs KPI criteria. Understand the internal strategies of customers and their specifics on important for Mars product categories and retail formats.,,0
201,BI Developer,,Алматы,Ridex GmbH,12-07-2023,"1-3 years of experience in data analysis, reporting or related field. Experience with BI tools (develop, set up connections...",Build and maintain dashboards and reports to interact with business users. Help business owners make more informed decisions and enhance...,От 1 года до 3 лет,Полная занятость,https://hh.ru/vacancy/83356927,Developer,"BI Developer. 1-3 years of experience in data analysis, reporting or related field. Experience with BI tools (develop, set up connections... Build and maintain dashboards and reports to interact with business users. Help business owners make more informed decisions and enhance...",,0
202,Техник-программист,250000 - 250000 KZT,Костанай,ARCADA,14-07-2023,"Образование высшее профессиональное (техническое или инженерно-экономическое). Знать руководящие, нормативные и методические материалы, регламентирующие методы разработки алгоритмов и программ и...",Осуществляет техническую поддержку по IT: Поддерживает бесперебойное функционирование программного обеспечения. Устанавливает на серверы и рабочие станции программное обеспечение.,От 3 до 6 лет,Полная занятость,https://hh.ru/vacancy/83418579,Developer,"Техник-программист. Образование высшее профессиональное (техническое или инженерно-экономическое). Знать руководящие, нормативные и методические материалы, регламентирующие методы разработки алгоритмов и программ и... Осуществляет техническую поддержку по IT: Поддерживает бесперебойное функционирование программного обеспечения. Устанавливает на серверы и рабочие станции программное обеспечение.",,0
203,"Программист 1С: УП/УТ, ЗУП возможна удаленка",500000 - 1500000 KZT,Алматы,ИНФОРМАЦИОННЫЕ СИСТЕМЫ БИЗНЕСА,24-07-2023,Знание ERP системы будет преимуществом. Требования: Опыт работы от 1 года. Знание Программы 1С.,"Сопровождение, разработка и участие во внедрении программных приложений на платформе 1С. - Поддержка пользователей, консультирование и проведение работ по оптимальной...",От 1 года до 3 лет,Частичная занятость,https://hh.ru/vacancy/83910587,Developer,"Программист 1С: УП/УТ, ЗУП возможна удаленка. Знание ERP системы будет преимуществом. Требования: Опыт работы от 1 года. Знание Программы 1С. Сопровождение, разработка и участие во внедрении программных приложений на платформе 1С. - Поддержка пользователей, консультирование и проведение работ по оптимальной...","1c, 1c zup, erp",3
204,Бухгалтер-программист,250000 KZT,Усть-Каменогорск,"УМЗ, АО",27-06-2023,"Требования: образование Высшее инженерно-техническое, финансово-экономическое или математическое; Знание основ бухгалтерского учёта и основ объектно-ориентированного программирования.","Разрабатывать проекты комплексной автоматизации бухгалтерского учёта в соответствии с требованиями стандартов, Учётной политики АО «УМЗ» и нормативных документов по ведению...",От 1 года до 3 лет,Полная занятость,https://hh.ru/vacancy/82489336,Developer,"Бухгалтер-программист. Требования: образование Высшее инженерно-техническое, финансово-экономическое или математическое; Знание основ бухгалтерского учёта и основ объектно-ориентированного программирования. Разрабатывать проекты комплексной автоматизации бухгалтерского учёта в соответствии с требованиями стандартов, Учётной политики АО «УМЗ» и нормативных документов по ведению...",,0
205,Веб-программист,200000 - 450000 KZT,Шымкент,Health Development,22-07-2023,Требование: Опыт работы в сфере IT. Преимуществом будет наличие образования в сфере программирования.,"Создание одностраничных сайтов на казахском и русском языках. Умение создавать коды в HTML формате. Поддержка существующих, разработка или доработка новых...",От 1 года до 3 лет,Полная занятость,https://hh.ru/vacancy/83406388,Developer,"Веб-программист. Требование: Опыт работы в сфере IT. Преимуществом будет наличие образования в сфере программирования. Создание одностраничных сайтов на казахском и русском языках. Умение создавать коды в HTML формате. Поддержка существующих, разработка или доработка новых...",html,1
206,Программист-схемотехник,,Алматы,WSE,24-07-2023,"Построение электрических схем и базовых UML диаграмм (прецедентов, классов, последовательностей). Любить электронику и паяльник. Требования: Высшее техническое образование.","Комплексная разработка электронных приборов в области промышленной автоматизации (схемотехника, ПО, пусконаладка). Реверс-инжиниринг электронных приборов. Работа в Altium Designer.",От 3 до 6 лет,Полная занятость,https://hh.ru/vacancy/83907858,Developer,"Программист-схемотехник. Построение электрических схем и базовых UML диаграмм (прецедентов, классов, последовательностей). Любить электронику и паяльник. Требования: Высшее техническое образование. Комплексная разработка электронных приборов в области промышленной автоматизации (схемотехника, ПО, пусконаладка). Реверс-инжиниринг электронных приборов. Работа в Altium Designer.",,0
207,Программист-разработчик,200000 - 750000 KZT,Алматы,Novelty,11-07-2023,"Опыт разработки на стеке Java + Spring. Опыт работы с реляционными СУБД (Oracle PL/SQL, PostgreSQL). Знания и опыт работы...","Разработка и сопровождение корпоративных приложений. Изучение, анализ и рефакторинг существующей кодовой базы. Анализ и разбор инцидентов, возникающих в продуктивном окружении.",От 3 до 6 лет,Полная занятость,https://hh.ru/vacancy/80484624,Developer,"Программист-разработчик. Опыт разработки на стеке Java + Spring. Опыт работы с реляционными СУБД (Oracle PL/SQL, PostgreSQL). Знания и опыт работы... Разработка и сопровождение корпоративных приложений. Изучение, анализ и рефакторинг существующей кодовой базы. Анализ и разбор инцидентов, возникающих в продуктивном окружении.","java, oracle, postgresql, spring, sql",5
208,Business Development Specialist,,Астана,Бюро Веритас Казахстан Индастриал Сервисез,21-07-2023,"Использовать все возможные ресурсы для достижения результатов наиболее эффективным и клиентоориентированным образом. – Ориентированность на результат, при этом, быть командным игроком...","Quotation and follow-up, decide on quotations scope and price with his/her first line manager. – Participate in organization of...",От 3 до 6 лет,Полная занятость,https://hh.ru/vacancy/83804408,Developer,"Business Development Specialist. Использовать все возможные ресурсы для достижения результатов наиболее эффективным и клиентоориентированным образом. – Ориентированность на результат, при этом, быть командным игроком... Quotation and follow-up, decide on quotations scope and price with his/her first line manager. – Participate in organization of...",,0
209,Backend Nodejs developer,,Алматы,Мобайл Телеком-Сервис (Объединенная Компания Tele2/ALTEL),10-07-2023,"Гуру Node.js, опыт работы со Strapi.js. Typescript. SQL, MySQL. Как выстроен процесс разработки: CI/CD в gitlab runner.",Настройка CI-CD в gitlab-runner.,Нет опыта,Полная занятость,https://hh.ru/vacancy/83202439,Developer,"Backend Nodejs developer. Гуру Node.js, опыт работы со Strapi.js. Typescript. SQL, MySQL. Как выстроен процесс разработки: CI/CD в gitlab runner. Настройка CI-CD в gitlab-runner.","ci/cd, gitlab, javascript, mysql, node.js, sql, typescript",7
210,Программист 1С,,Алматы,"Mon Amie, Сеть парфюмерно-косметических магазинов",13-07-2023,Опыт разработки на платформе 1С: Предприятие 8.2-8.3 от 3-х лет. - Опыт работы с типовыми конфигурациями. -,Разработка и поддержка новых механизмов. - Доработка и поддержка функциональности в типовых решениях. - Консультация пользователей.,От 3 до 6 лет,Полная занятость,https://hh.ru/vacancy/83373847,Developer,Программист 1С. Опыт разработки на платформе 1С: Предприятие 8.2-8.3 от 3-х лет. - Опыт работы с типовыми конфигурациями. - Разработка и поддержка новых механизмов. - Доработка и поддержка функциональности в типовых решениях. - Консультация пользователей.,1c,1
211,Backend developer,,Астана,Adamant Systems,21-07-2023,"Опыт работы с инфраструктурой Java-проектов (Maven/Gradle, JUnit, SVN). - Знание инструментов (Jira, Git). - Знание и опыт работы с JEE...","Разрабатывать корпоративные приложений на базе Java EE/Spring. - Работать в команде - взаимодействовать с РП, аналитиком. - Участвовать в обсуждении новой функциональности...",От 1 года до 3 лет,Полная занятость,https://hh.ru/vacancy/82543455,Developer,"Backend developer. Опыт работы с инфраструктурой Java-проектов (Maven/Gradle, JUnit, SVN). - Знание инструментов (Jira, Git). - Знание и опыт работы с JEE... Разрабатывать корпоративные приложений на базе Java EE/Spring. - Работать в команде - взаимодействовать с РП, аналитиком. - Участвовать в обсуждении новой функциональности...","git, java, jira, junit, spring",5
212,PHP-разработчик,600000 - 700000 KZT,Алматы,Office-Expert.kz,17-07-2023,"Опыт работы с CMS Битрикс: умение устанавливать, настраивать, обновлять и дорабатывать функционал CMS. Знание Bitrix d7, Bitrix ORM.",Разработка и настройка функционала интернет-магазина на CMS Битрикс. Разработка и настройка модулей управления контентом и каталогом товаров.,От 3 до 6 лет,Полная занятость,https://hh.ru/vacancy/83554818,Developer,"PHP-разработчик. Опыт работы с CMS Битрикс: умение устанавливать, настраивать, обновлять и дорабатывать функционал CMS. Знание Bitrix d7, Bitrix ORM. Разработка и настройка функционала интернет-магазина на CMS Битрикс. Разработка и настройка модулей управления контентом и каталогом товаров.",php,1
213,"Веб-разработчик ( PHP, Laravel )",300000 - 700000 KZT,Алматы,DUKE Технологии,21-07-2023,"Опыт разработки на фреймворке LARAVEL. Опыт программирования на PHP8.0+. Хорошее знание и понимание принципов ООП, знакомство с...","Работа над проектами крупных брендов Казахстана и за его пределами, рекламных акции, сбора и обработки данных. Пересмотр зарплаты каждые 3...",От 1 года до 3 лет,Полная занятость,https://hh.ru/vacancy/83815753,Developer,"Веб-разработчик ( PHP, Laravel ). Опыт разработки на фреймворке LARAVEL. Опыт программирования на PHP8.0+. Хорошее знание и понимание принципов ООП, знакомство с... Работа над проектами крупных брендов Казахстана и за его пределами, рекламных акции, сбора и обработки данных. Пересмотр зарплаты каждые 3...","laravel, php",2
214,Java-разработчик (Middle|Senior),,Алматы,КПЕ Центр разработки (Казахстан),18-07-2023,"Желание развиваться в выбранном направлении. - Уверенное знание Java Core, Spring Framework. - Умение работать с СУБД.","Мы расширяем команду «Денежные переводы – KoronaPay». Наши сервисы и мобильные приложения позволяют клиенту, не выходя из дома, совершать платежи для...",От 3 до 6 лет,Полная занятость,https://hh.ru/vacancy/83603809,Developer,"Java-разработчик (Middle|Senior). Желание развиваться в выбранном направлении. - Уверенное знание Java Core, Spring Framework. - Умение работать с СУБД. Мы расширяем команду «Денежные переводы – KoronaPay». Наши сервисы и мобильные приложения позволяют клиенту, не выходя из дома, совершать платежи для...","java, spring",2
215,"Business Process Development Supervisor, Eurasia",,Алматы,Mondelez Kazakhstan LLP,14-07-2023,"Bachelor's degree in Business Administration, Management, Finance or Technical fields. Proven experience (2+ years) in Commercial function (preferably...","Lead and manage a team of digital process development professionals, providing guidance, mentorship, and support. Conduct comprehensive assessments of current...",От 3 до 6 лет,Полная занятость,https://hh.ru/vacancy/83458076,Developer,"Business Process Development Supervisor, Eurasia. Bachelor's degree in Business Administration, Management, Finance or Technical fields. Proven experience (2+ years) in Commercial function (preferably... Lead and manage a team of digital process development professionals, providing guidance, mentorship, and support. Conduct comprehensive assessments of current...",,0
216,Программист-стажер,,Актобе,АПРО,03-07-2023,Образование по специальности. Знание основ программирования. Опыт написания собственных программ. Логическое мышление. Желание программировать.,"Изучение SQL, PL/SQL, Oracle Forms, Oracle Reports на рабочем месте по предоставленным материалам (литература, компьютер) с назначенным куратором (программист).",Нет опыта,Стажировка,https://hh.ru/vacancy/82902374,Developer,"Программист-стажер. Образование по специальности. Знание основ программирования. Опыт написания собственных программ. Логическое мышление. Желание программировать. Изучение SQL, PL/SQL, Oracle Forms, Oracle Reports на рабочем месте по предоставленным материалам (литература, компьютер) с назначенным куратором (программист).","oracle, sql",2
217,Frontend-разработчик,,Алматы,Технологии и развитие,22-07-2023,"Хорошее знание Javascript. HTML5, CSS, CSS- анимации. Система контроля версий GIT, Figma.","Поддержка основного сайта: разработка новых фич, работа с легаси-кодом, оптимизация, устранение ошибок. Разработка лендингов для акционных программ.",От 3 до 6 лет,Полная занятость,https://hh.ru/vacancy/82866862,Developer,"Frontend-разработчик. Хорошее знание Javascript. HTML5, CSS, CSS- анимации. Система контроля версий GIT, Figma. Поддержка основного сайта: разработка новых фич, работа с легаси-кодом, оптимизация, устранение ошибок. Разработка лендингов для акционных программ.","css, figma, git, html, javascript",5
218,Инженер-разработчик схемотехник,800000 KZT,Астана,Cuman,27-06-2023,"Понимание СВЧ схемотехники. Опыт работы с WiFi трактами. Опыт разработки обвязки современных SoC уровня MT7628, Allwinner H6.",Участие в разработке современных устройств связи.,От 3 до 6 лет,Полная занятость,https://hh.ru/vacancy/82503381,Developer,"Инженер-разработчик схемотехник. Понимание СВЧ схемотехники. Опыт работы с WiFi трактами. Опыт разработки обвязки современных SoC уровня MT7628, Allwinner H6. Участие в разработке современных устройств связи.",,0
219,Backend Developer (Middle),2000 USD,Алматы,ЭнтерАР,09-07-2023,"Уверенное знание C#, .NET, .NET Core. Уверенное знание ООП, SOLID принципов, паттернов проектирования. Опыт проектирования и работы с базами данных.","Разработка серверной части приложений (веб-сервисы, БД, API). Интеграция сторонних SDK.",От 3 до 6 лет,Полная занятость,https://hh.ru/vacancy/83181453,Developer,"Backend Developer (Middle). Уверенное знание C#, .NET, .NET Core. Уверенное знание ООП, SOLID принципов, паттернов проектирования. Опыт проектирования и работы с базами данных. Разработка серверной части приложений (веб-сервисы, БД, API). Интеграция сторонних SDK.",".net, c#",2
220,Middle IOS-разработчик,1100000 - 1700000 KZT,Алматы,Колеса,13-07-2023,"Умение верстать кодом и в Interface Builder с Autolayout в соответствии с дизайном. Умение дебажить, докапываться до причин багов и...","Проводить code review или иногда программировать парно. Покрывать код unit-тестами. Проводить рефакторинг и своего, и легаси-кода.",От 1 года до 3 лет,Полная занятость,https://hh.ru/vacancy/83370310,Developer,"Middle IOS-разработчик. Умение верстать кодом и в Interface Builder с Autolayout в соответствии с дизайном. Умение дебажить, докапываться до причин багов и... Проводить code review или иногда программировать парно. Покрывать код unit-тестами. Проводить рефакторинг и своего, и легаси-кода.",ios,1
221,Директор департамента разработки ПО,,Астана,ALLUR AUTO,20-07-2023,"Профессиональные знания: Глубокие знания в области разработки ПО, архитектуры программных продуктов, методологий и процессов разработки (например, Agile, Scrum, Waterfall).","Разработка и реализация стратегии департамента разработки программного обеспечения согласно бизнес-стратегии компании. Постоянный контроль и координация работ по разработке, модернизации...",Более 6 лет,Полная занятость,https://hh.ru/vacancy/83727623,Developer,"Директор департамента разработки ПО. Профессиональные знания: Глубокие знания в области разработки ПО, архитектуры программных продуктов, методологий и процессов разработки (например, Agile, Scrum, Waterfall). Разработка и реализация стратегии департамента разработки программного обеспечения согласно бизнес-стратегии компании. Постоянный контроль и координация работ по разработке, модернизации...","agile, scrum",2
222,Программист разработчик backend/full stack,400000 KZT,Алматы,iSME,08-07-2023,"Знание алгоритмов, структур данных и принципов выбора эффективных решений. Понимание реляционных БД, знание PostgreSQL +. Понимание основ и принципов ООП...",Участие в разработке серверного кода. Разработка и создание продвинутых микросервисов. Интеграция сторонних приложений. Интеграция внутренних и внешних API.,От 1 года до 3 лет,Полная занятость,https://hh.ru/vacancy/83175386,Developer,"Программист разработчик backend/full stack. Знание алгоритмов, структур данных и принципов выбора эффективных решений. Понимание реляционных БД, знание PostgreSQL +. Понимание основ и принципов ООП... Участие в разработке серверного кода. Разработка и создание продвинутых микросервисов. Интеграция сторонних приложений. Интеграция внутренних и внешних API.",postgresql,1
223,Разработчик 1С,800000 KZT,Алматы,ОБИС,21-07-2023,Необходим опыт работы 2ух лет и выше. Знание типовых конфигураций. Опыт конфигурирования прикладных решений. Сертификат не ниже уровня Профессионал...,Сопровождение и доработка текущих прикладных решений. Поддержка и консультации пользователей. Доработка подсистем и модулей существующих конфигураций; на базе платформы 1...,От 3 до 6 лет,Полная занятость,https://hh.ru/vacancy/83791020,Developer,Разработчик 1С. Необходим опыт работы 2ух лет и выше. Знание типовых конфигураций. Опыт конфигурирования прикладных решений. Сертификат не ниже уровня Профессионал... Сопровождение и доработка текущих прикладных решений. Поддержка и консультации пользователей. Доработка подсистем и модулей существующих конфигураций; на базе платформы 1...,1c,1
224,"Fullstack-разработчик (Python, vue.js)",150000 - 500000 KZT,Астана,Центрсофт Solution,13-07-2023,"Технический английский, умение работать с документацией. Рассматриваем кандидатов с опытом работы.","Участие в разработке IT продуктов для бизнес-процесса Компании. Требования: - Разработка функционала UI для тиражного решения, предназначенного для автоматизации бизнес...",От 1 года до 3 лет,Полная занятость,https://hh.ru/vacancy/83365469,Developer,"Fullstack-разработчик (Python, vue.js). Технический английский, умение работать с документацией. Рассматриваем кандидатов с опытом работы. Участие в разработке IT продуктов для бизнес-процесса Компании. Требования: - Разработка функционала UI для тиражного решения, предназначенного для автоматизации бизнес...","javascript, python, vue.js",3
225,International Business Development Manager,500000 KZT,Алматы,PingOcean (ПингОушен),29-06-2023,"Bachelor’s degree qualified (or equivalent) in Business Development, Sales or Marketing (preferred) or related discipline. Excellent English speaking skills.",Cooperate with BD functions. Consistently building and delivering an accurate opportunity pipeline. Assisting with executing short and long-range sales...,От 1 года до 3 лет,Полная занятость,https://hh.ru/vacancy/82761050,Developer,"International Business Development Manager. Bachelor’s degree qualified (or equivalent) in Business Development, Sales or Marketing (preferred) or related discipline. Excellent English speaking skills. Cooperate with BD functions. Consistently building and delivering an accurate opportunity pipeline. Assisting with executing short and long-range sales...",,0
226,Back End разработчик (PHP Laravel),,Алматы,Thousand IT Company,21-07-2023,"Знание принципов построения и работы сайтов, серверов. Проектирование и разработка REST API. Профессионализм, ответственность, компетентность, готовность развиваться и постигать новое.","Доработка и разработка новых внешних и внутренних WEB-проектов, мобильных приложений и др. Разработка проектов на PHP (Laravel).",От 1 года до 3 лет,Полная занятость,https://hh.ru/vacancy/82238159,Developer,"Back End разработчик (PHP Laravel). Знание принципов построения и работы сайтов, серверов. Проектирование и разработка REST API. Профессионализм, ответственность, компетентность, готовность развиваться и постигать новое. Доработка и разработка новых внешних и внутренних WEB-проектов, мобильных приложений и др. Разработка проектов на PHP (Laravel).","laravel, php, rest api",3
227,Java-разработчик (Middle/Senior),,Астана,Национальные информационные технологии,29-06-2023,"Высшее профессиональное образование (Технические науки и технологии). Знание одного из фреймфорка для автоматизации сборки проектов (maven, gradle, ant).","Разработка, модификация конфигурации проекта. Поддержка ПО.",От 3 до 6 лет,Полная занятость,https://hh.ru/vacancy/82712540,Developer,"Java-разработчик (Middle/Senior). Высшее профессиональное образование (Технические науки и технологии). Знание одного из фреймфорка для автоматизации сборки проектов (maven, gradle, ant). Разработка, модификация конфигурации проекта. Поддержка ПО.",java,1
228,Golang разработчик,600000 - 1100000 KZT,Алматы,OneVision,05-07-2023,"Git. Golang. Postgres. Clickhouse. Redis. Docker, docker-compose. Kubernetes.",Разработка информационных систем с нуля. Исправление багов. Разработка новых фич. Код ревью. Обмен опытом с командой. Написание dockerfile для образов...,От 3 до 6 лет,Полная занятость,https://hh.ru/vacancy/83010894,Developer,"Golang разработчик. Git. Golang. Postgres. Clickhouse. Redis. Docker, docker-compose. Kubernetes. Разработка информационных систем с нуля. Исправление багов. Разработка новых фич. Код ревью. Обмен опытом с командой. Написание dockerfile для образов...","clickhouse, docker, git, go, kubernetes, postgresql, redis",7
229,Middle Frontend Developer,300000 - 500000 KZT,Алматы,МАУЛЬШАРИФ,30-06-2023,"Знание React + TS, React Query, React Hooks, i18next. Знание @mantine/forms +hooks + dates. Знание Vite.js.",Разработка админской части сайта. Оценка задач и их выполнение. Внедрение новых технологий и практик.,От 1 года до 3 лет,Полная занятость,https://hh.ru/vacancy/82842578,Developer,"Middle Frontend Developer. Знание React + TS, React Query, React Hooks, i18next. Знание @mantine/forms +hooks + dates. Знание Vite.js. Разработка админской части сайта. Оценка задач и их выполнение. Внедрение новых технологий и практик.","javascript, react",2
230,Backend-разработчик (Node.js),,Алматы,Аврора Холдинг,05-07-2023,"Умение разбираться в чужом коде. Оценка и планирование рабочего времени. Соблюдение основных принципов программирования, такие как DRY, SOLID и тд.",Писать сервер на Node.js. Разработка highload систем. Доработка и оптимизация существующих систем. Разработка новых микросервисов и модулей.,От 1 года до 3 лет,Полная занятость,https://hh.ru/vacancy/77943289,Developer,"Backend-разработчик (Node.js). Умение разбираться в чужом коде. Оценка и планирование рабочего времени. Соблюдение основных принципов программирования, такие как DRY, SOLID и тд. Писать сервер на Node.js. Разработка highload систем. Доработка и оптимизация существующих систем. Разработка новых микросервисов и модулей.","javascript, node.js",2
231,Программист,,Алматы,MFO BNK Finance Kazakhstan,13-07-2023,"Знание теории реляционных баз данных. Умение читать, расписывать техническое задание. Образование - высшее или средне-специальное. Знание языков: SQL, PL/SQL...","Автоматизация с помощью SQL, PL/SQL, Oracle. Поддержка пользователей. Тестирование разработок. Основы работы с БД: Oracle.",От 1 года до 3 лет,Полная занятость,https://hh.ru/vacancy/83369047,Developer,"Программист. Знание теории реляционных баз данных. Умение читать, расписывать техническое задание. Образование - высшее или средне-специальное. Знание языков: SQL, PL/SQL... Автоматизация с помощью SQL, PL/SQL, Oracle. Поддержка пользователей. Тестирование разработок. Основы работы с БД: Oracle.","oracle, sql",2
232,Front-end Developer,,Астана,Grintern,20-07-2023,"Completed bachelor's degree in Computer Science, Engineering, or related field, or equivalent training, fellowship, or work experience.","Front-end development tasks, working on the front end of the main web application. Building robust, well-tested services and...",От 3 до 6 лет,Полная занятость,https://hh.ru/vacancy/83749909,Developer,"Front-end Developer. Completed bachelor's degree in Computer Science, Engineering, or related field, or equivalent training, fellowship, or work experience. Front-end development tasks, working on the front end of the main web application. Building robust, well-tested services and...",,0
233,Senior Python разработчик,,Алматы,Globerce Inc.,29-06-2023,Python 3.6-3.8. Опыт работы с Django/Flask/FastApi. Опыт работы с DRF. Умение писать асинхронный код с...,Разработка web части сайтов на Django. Разработка REST сервисов на DRF. Разработка async сервисов. Разработка клиентов для работы со сторонними...,От 3 до 6 лет,Полная занятость,https://hh.ru/vacancy/82772989,Developer,Senior Python разработчик. Python 3.6-3.8. Опыт работы с Django/Flask/FastApi. Опыт работы с DRF. Умение писать асинхронный код с... Разработка web части сайтов на Django. Разработка REST сервисов на DRF. Разработка async сервисов. Разработка клиентов для работы со сторонними...,"django, fastapi, flask, python",4
234,IT-специалист / Веб-дизайнер / Фронтенд-разработчик,200000 KZT,Шымкент,PHYTO-APIPHARM,13-07-2023,"1. Опыт работы на аналогичной должности не менее 2-3 лет. 2. Глубокие знания HTML, CSS, и JavaScript. 3.","1. Обеспечивать надлежащее функционирование и обслуживание компьютеров и оргтехники в организации. 2. Разрабатывать и поддерживать веб-сайт компании, обеспечивая удобный...",От 1 года до 3 лет,Полная занятость,https://hh.ru/vacancy/83394729,Developer,"IT-специалист / Веб-дизайнер / Фронтенд-разработчик. 1. Опыт работы на аналогичной должности не менее 2-3 лет. 2. Глубокие знания HTML, CSS, и JavaScript. 3. 1. Обеспечивать надлежащее функционирование и обслуживание компьютеров и оргтехники в организации. 2. Разрабатывать и поддерживать веб-сайт компании, обеспечивая удобный...","css, html, javascript",3
235,Программист Colvir,400000 - 600000 KZT,Астана,Исламский банк Заманбанк,14-07-2023,"Отличное знание АБИС Colvir. Отличное знание языка PL/SQL, SQL. Отличное знание банковских бизнес-процессов. Умение работать с JSON, XML.","Разработка и поддержка функционала АБИС Colvir. Поддержка действующих модулей: РКО, Бухгалтерия банк, Гарантии, Регуляторная отчетность, Платежная система, Главная книга и...",От 1 года до 3 лет,Полная занятость,https://hh.ru/vacancy/83436123,Developer,"Программист Colvir. Отличное знание АБИС Colvir. Отличное знание языка PL/SQL, SQL. Отличное знание банковских бизнес-процессов. Умение работать с JSON, XML. Разработка и поддержка функционала АБИС Colvir. Поддержка действующих модулей: РКО, Бухгалтерия банк, Гарантии, Регуляторная отчетность, Платежная система, Главная книга и...",sql,1
236,Distributor Development Manager (Consumer Products Division),,Алматы,Лореаль Казахстан,20-07-2023,Наличие соответствующего опыта работы. Знание английского языка.,"Управление отделом по развитию дистрибьюции (работа с командой). Ответственность за развитие деловых, партнерских отношений с дистрибьюторами. Реализация совместного планирования закупок...",Более 6 лет,Полная занятость,https://hh.ru/vacancy/83736572,Developer,"Distributor Development Manager (Consumer Products Division). Наличие соответствующего опыта работы. Знание английского языка. Управление отделом по развитию дистрибьюции (работа с командой). Ответственность за развитие деловых, партнерских отношений с дистрибьюторами. Реализация совместного планирования закупок...",,0
237,Специалист (программист) поддержки,,Костанай,ТОО «Забота Company LTD,19-07-2023,Опыт работы программистом 1С (желательно в сфере розничной торговли) от 1 года. Ответственность и оперативность в решении задач.,Выполнение текущих заявок от пользователей программы 1С в области розничной торговли/работы с торговым оборудованием. Создание учётных записей для...,От 1 года до 3 лет,Полная занятость,https://hh.ru/vacancy/83697465,Developer,Специалист (программист) поддержки. Опыт работы программистом 1С (желательно в сфере розничной торговли) от 1 года. Ответственность и оперативность в решении задач. Выполнение текущих заявок от пользователей программы 1С в области розничной торговли/работы с торговым оборудованием. Создание учётных записей для...,1c,1
238,IOS Developer,,Алматы,Народный банк Казахстана,05-07-2023,"Уверенное владение Swift. - Уверенное знание iOS SDK, Xcode, опыт работы с основными iOS фреймворками. - Опыт использования одной из архитектур: MVP...",,От 1 года до 3 лет,Полная занятость,https://hh.ru/vacancy/83026702,Developer,"IOS Developer. Уверенное владение Swift. - Уверенное знание iOS SDK, Xcode, опыт работы с основными iOS фреймворками. - Опыт использования одной из архитектур: MVP...","ios, swift",2
239,Front-end разработчик (удаленно),,Астана,Частная компания Retail Robotics Solutions - R&D Ltd.,12-07-2023,"отличное знание JavaScript, HTML, CSS. - уверенное знание TypeScript. - хорошее знание библиотеки React и опыт ее использования в коммерческих проектах не...","разработка и поддержка продукта компании. - проведение код-ревью. - оценка трудоемкости задач. - взаимодействие с другими участниками командами: back-end разработчиками, devops...",От 3 до 6 лет,Полная занятость,https://hh.ru/vacancy/83336554,Developer,"Front-end разработчик (удаленно). отличное знание JavaScript, HTML, CSS. - уверенное знание TypeScript. - хорошее знание библиотеки React и опыт ее использования в коммерческих проектах не... разработка и поддержка продукта компании. - проведение код-ревью. - оценка трудоемкости задач. - взаимодействие с другими участниками командами: back-end разработчиками, devops...","css, html, javascript, react, typescript",5
240,Верстальщик | HTML/CSS Developer,,Павлодар,Публичная Компания «Freedom Finance Global PLC»,05-07-2023,Опыт в сфере веб-разработки от 2 лет. Экспертные навыки в адаптивной кроссбраузерной верстке.,"Верстка макетов созданных в графических редакторах (figma, photoshop). Доработка текущих проектов, внесение правок. Адаптивная верстка. Работа в команде.",От 1 года до 3 лет,Полная занятость,https://hh.ru/vacancy/83039974,Developer,"Верстальщик | HTML/CSS Developer. Опыт в сфере веб-разработки от 2 лет. Экспертные навыки в адаптивной кроссбраузерной верстке. Верстка макетов созданных в графических редакторах (figma, photoshop). Доработка текущих проектов, внесение правок. Адаптивная верстка. Работа в команде.","adobe photoshop, css, figma, html",4
241,Backend/Fullstack разработчик,600000 - 800000 KZT,Астана,Центр развития трудовых ресурсов,12-07-2023,"Образование: высшее техническое (обязательно). Знание и опыт работы с Java , AngularJS, npm, MyBatis, spring,Oracle - обязательно, Gitlab - желательно.",Разработка. - Выполнение модификации. - Доработка функционала.,Более 6 лет,Полная занятость,https://hh.ru/vacancy/83334783,Developer,"Backend/Fullstack разработчик. Образование: высшее техническое (обязательно). Знание и опыт работы с Java , AngularJS, npm, MyBatis, spring,Oracle - обязательно, Gitlab - желательно. Разработка. - Выполнение модификации. - Доработка функционала.","angular, gitlab, java, oracle, spring",5
242,Middle Frontend developer (React/TypeScript),,Алматы,DAR tech,29-06-2023,Опыт работы c React / TypeScript. Опыт разработки сложных продуктов от 3х лет. Иметь опыт работы в команде разработчиков и...,"Писать стабильный, поддерживаемый код, который решает задачи бизнеса. Управлять командой фронтенд разработчиков. Участвовать в найме. Участие в процессах и общих...",От 3 до 6 лет,Полная занятость,https://hh.ru/vacancy/81442915,Developer,"Middle Frontend developer (React/TypeScript). Опыт работы c React / TypeScript. Опыт разработки сложных продуктов от 3х лет. Иметь опыт работы в команде разработчиков и... Писать стабильный, поддерживаемый код, который решает задачи бизнеса. Управлять командой фронтенд разработчиков. Участвовать в найме. Участие в процессах и общих...","react, typescript",2
243,Разработчик Python,450000 - 590000 KZT,Алматы,"ProMebel, ТМ (ТОО IDIA Market)",24-07-2023,"Опыт программирования на Python. Знания СУБД PostgreSQL. Опыт работы с django или другим python web framework. Знание основ HTML, CSS.","Внедрение автоматизации и цифровизации. Разработка ERP системы на платформе Odoo. Анализ потребностей, разработка и внедрение новых процессов.",От 1 года до 3 лет,Полная занятость,https://hh.ru/vacancy/82822848,Developer,"Разработчик Python. Опыт программирования на Python. Знания СУБД PostgreSQL. Опыт работы с django или другим python web framework. Знание основ HTML, CSS. Внедрение автоматизации и цифровизации. Разработка ERP системы на платформе Odoo. Анализ потребностей, разработка и внедрение новых процессов.","css, django, erp, html, postgresql, python",6
244,Разработчик отдела информационных систем коммуникации,,Алматы,Home Credit Bank,16-07-2023,Опыт работы в сфере информационных технологий не менее одного года. Опыт программирования СУБД (системы управления базами данных). Знание языков программирования...,"Составлять план работ в рамках исполнения задачи по разработке и внедрению программного обеспечения. Осуществлять контроль качества программного кода, разрабатываемых решений.",От 1 года до 3 лет,Полная занятость,https://hh.ru/vacancy/83496585,Developer,"Разработчик отдела информационных систем коммуникации. Опыт работы в сфере информационных технологий не менее одного года. Опыт программирования СУБД (системы управления базами данных). Знание языков программирования... Составлять план работ в рамках исполнения задачи по разработке и внедрению программного обеспечения. Осуществлять контроль качества программного кода, разрабатываемых решений.",,0
245,Backend-разработчик PHP,700000 - 2000000 KZT,Алматы,Колеса,24-07-2023,"Хорошие знания PHP. Знакомство с инфраструктурой: Linux, Docker, Nginx. Знания базы данных: MySQL (обязательно), MongoDb, Redis. Умение работать с git...",Развитие и поддержка лучших IT-продуктов Казахстана. Создание нового и оптимизация работы имеющегося функционала. Повышение надежности и качества системы на...,От 1 года до 3 лет,Полная занятость,https://hh.ru/vacancy/66646946,Developer,"Backend-разработчик PHP. Хорошие знания PHP. Знакомство с инфраструктурой: Linux, Docker, Nginx. Знания базы данных: MySQL (обязательно), MongoDb, Redis. Умение работать с git... Развитие и поддержка лучших IT-продуктов Казахстана. Создание нового и оптимизация работы имеющегося функционала. Повышение надежности и качества системы на...","docker, git, linux, mongodb, mysql, nginx, php, redis",8
246,Управляющий Бизнесом (Business Development Manager),,Алматы,Kaspi.kz,11-07-2023,"Высшее оконченное образование (любое направление). Опыт работы в продажах профессиональных услуг B2B c торговыми партнерами, дилерами, региональные представительствами.","Курирование работы в части развития партнеров, путем проведения переговоров с партнерами с целью увеличения объёмов продаж партнеров и доходов.",От 3 до 6 лет,Полная занятость,https://hh.ru/vacancy/83259321,Developer,"Управляющий Бизнесом (Business Development Manager). Высшее оконченное образование (любое направление). Опыт работы в продажах профессиональных услуг B2B c торговыми партнерами, дилерами, региональные представительствами. Курирование работы в части развития партнеров, путем проведения переговоров с партнерами с целью увеличения объёмов продаж партнеров и доходов.",,0
247,Веб-разработчик,,Актобе,Dina market,04-07-2023,Наличие опыта работы от 3 лет в веб-разработке — Уверенное владение всеми технологиями веб-разработки. Наличие опыта работы от 3...,"Выполнение задач и сайты, веб-сервис. Интеграция верстки с программным кодом. Поиск и использование новых веб технологий для решения задач.",От 1 года до 3 лет,Полная занятость,https://hh.ru/vacancy/82959435,Developer,"Веб-разработчик. Наличие опыта работы от 3 лет в веб-разработке — Уверенное владение всеми технологиями веб-разработки. Наличие опыта работы от 3... Выполнение задач и сайты, веб-сервис. Интеграция верстки с программным кодом. Поиск и использование новых веб технологий для решения задач.",,0
248,"Программист PowerApps, PowerBI",500000 KZT,Астана,Торговый дом ТТС,23-07-2023,Образование - высшее профессиональное в области: - компьютерные науки или смежные области. - менеджмент информационных технологий. - инженерия. Опыт работы - Опыт управления проектами от...,,От 1 года до 3 лет,Полная занятость,https://hh.ru/vacancy/83538509,Developer,"Программист PowerApps, PowerBI. Образование - высшее профессиональное в области: - компьютерные науки или смежные области. - менеджмент информационных технологий. - инженерия. Опыт работы - Опыт управления проектами от...",power bi,1
249,Разработчик баз данных,,Алматы,InformConsulting,14-07-2023,"Опыт работы на аналогичной должности от года в коммерческих проектах. Навыки, знания и практический опыт в области систем управления базами...",Разрабатывать скрипты для отчетов. Оптимизировать запросы. Делать выборки данных. Выполнять миграции и слияния БД. Заниматься анализом данных. Проектировать БД.,От 3 до 6 лет,Полная занятость,https://hh.ru/vacancy/83447108,Developer,"Разработчик баз данных. Опыт работы на аналогичной должности от года в коммерческих проектах. Навыки, знания и практический опыт в области систем управления базами... Разрабатывать скрипты для отчетов. Оптимизировать запросы. Делать выборки данных. Выполнять миграции и слияния БД. Заниматься анализом данных. Проектировать БД.",,0
250,"Developer PHP, C, C# JavaScript",800 USD,Алматы,Cimetrics,18-07-2023,"Понимание разработки веб-приложений – backend on Linux. - Опыт в разработке web-frontend (html, CSS, http). - Готовность изучать новые платформы, технологии...",Платформа:,От 3 до 6 лет,Полная занятость,https://hh.ru/vacancy/83586980,Developer,"Developer PHP, C, C# JavaScript. Понимание разработки веб-приложений – backend on Linux. - Опыт в разработке web-frontend (html, CSS, http). - Готовность изучать новые платформы, технологии... Платформа:","c#, css, html, javascript, linux, php",6
251,Backend разработчик/Программист (strong junior / middle),350000 - 500000 KZT,Актобе,Oktrening,20-07-2023,,"3. Вам нужно будет попунктно выполнять задачи по разработки функционала, так же тестировать, выявлять баги и устранять их, достигая поставленных...",От 1 года до 3 лет,Полная занятость,https://hh.ru/vacancy/83760920,Developer,"Backend разработчик/Программист (strong junior / middle).  3. Вам нужно будет попунктно выполнять задачи по разработки функционала, так же тестировать, выявлять баги и устранять их, достигая поставленных...",,0
252,C# Developer (Senior/Middle),1000000 KZT,Алматы,FinTechPro,22-07-2023,"Знание # ASP.NET\ASP.NET Core - опыт разработки коммерческих проектов. Опыт разработки монолитного\многоуровневого приложения. Знание паттернов - MVC, Repository.",,От 3 до 6 лет,Полная занятость,https://hh.ru/vacancy/83380369,Developer,"C# Developer (Senior/Middle). Знание # ASP.NET\ASP.NET Core - опыт разработки коммерческих проектов. Опыт разработки монолитного\многоуровневого приложения. Знание паттернов - MVC, Repository.",".net, c#",2
253,Разработчик Golang,,Алматы,Astana-Plat,17-07-2023,"Уверенное знание Golang, PHP. Опыт работы Kafka , SQL, Rest, GRPC, NoSQL и Embedded базами. Понимание принципов SOLID. Навыки работы с...","Разработка нового функционала для информационных систем компании (финтех). Устранение недостатков в старом функционале, рефакторинг и код ревью. Разработка новых и...",От 3 до 6 лет,Полная занятость,https://hh.ru/vacancy/83513156,Developer,"Разработчик Golang. Уверенное знание Golang, PHP. Опыт работы Kafka , SQL, Rest, GRPC, NoSQL и Embedded базами. Понимание принципов SOLID. Навыки работы с... Разработка нового функционала для информационных систем компании (финтех). Устранение недостатков в старом функционале, рефакторинг и код ревью. Разработка новых и...","go, grpc, kafka, php, sql",5
254,Embedded system developer / Разработчик встраиваемых систем,200000 - 400000 KZT,Астана,NTS design,24-07-2023,Отличное знание языка C/C++. Опыт разработки встраиваемого ПО для серийных изделий на базе MCU STM32 (32-bit ARM...,"Разработка встраиваемого ПО для микроконтроллеров (МК): STM, Atmel и др.. Сбор данных с разных устройств с низкоуровневым выводом (АЦП, GPIO...",От 1 года до 3 лет,Полная занятость,https://hh.ru/vacancy/83592481,Developer,"Embedded system developer / Разработчик встраиваемых систем. Отличное знание языка C/C++. Опыт разработки встраиваемого ПО для серийных изделий на базе MCU STM32 (32-bit ARM... Разработка встраиваемого ПО для микроконтроллеров (МК): STM, Atmel и др.. Сбор данных с разных устройств с низкоуровневым выводом (АЦП, GPIO...",c++,1
255,Разработчик Power BI,,Астана,КАЗАХСТАНСКИЙ ОПЕРАТОР РЫНКА ЭЛЕКТРИЧЕСКОЙ ЭНЕРГИИ И МОЩНОСТИ,13-07-2023,"Обязателен опыт работы с Power BI, Power Query и Power Pivot. Знание баз данных и SQL. Проактивный подход к задачам...","Управление проектом по внедрению Power BI. Разработка витрин и моделей данных. Разработка отчетов и визуализаций. Проектирование, разработка и оптимизация хранилищ...",От 1 года до 3 лет,Полная занятость,https://hh.ru/vacancy/83383444,Developer,"Разработчик Power BI. Обязателен опыт работы с Power BI, Power Query и Power Pivot. Знание баз данных и SQL. Проактивный подход к задачам... Управление проектом по внедрению Power BI. Разработка витрин и моделей данных. Разработка отчетов и визуализаций. Проектирование, разработка и оптимизация хранилищ...","power bi, sql",2
256,Senior Java developer,,Алматы,Khan Group,24-07-2023,"Знание и умение работать с Java, JavaEE, Spring, Spring Boot, MySQL. Знание и умение использовать различные алгоритмы, структуры данных.",Выступать экспертным специалистом (код ревью). Исследования и разработка - rnd проекты.,Более 6 лет,Полная занятость,https://hh.ru/vacancy/83922012,Developer,"Senior Java developer. Знание и умение работать с Java, JavaEE, Spring, Spring Boot, MySQL. Знание и умение использовать различные алгоритмы, структуры данных. Выступать экспертным специалистом (код ревью). Исследования и разработка - rnd проекты.","java, mysql, spring",3
257,Frontend Developer,,Алматы,Home Credit Bank,05-07-2023,Отличные знания JavaScript. Опыт работы с React/Angular. Понимание современного стека web-разработки. Готовность работать в распределенной команде.,Разрабатывать клиентские и внутренние интерфейсы. Участвовать в командной разработке. Внедрять новые технологии и практики.,От 3 до 6 лет,Полная занятость,https://hh.ru/vacancy/83039878,Developer,Frontend Developer. Отличные знания JavaScript. Опыт работы с React/Angular. Понимание современного стека web-разработки. Готовность работать в распределенной команде. Разрабатывать клиентские и внутренние интерфейсы. Участвовать в командной разработке. Внедрять новые технологии и практики.,"angular, javascript, react",3
258,Инженер-программист,500000 KZT,Алматы,Микрофинансовая организация Азиатский Кредитный Фонд,30-06-2023,Навыки администрирования баз данных MS SQL Server. Знание теории реляционных баз данных. Знание принципов проектирования и нормализации БД.,Администрирование MS SQL сервер и разработка.,От 3 до 6 лет,Полная занятость,https://hh.ru/vacancy/82841350,Developer,Инженер-программист. Навыки администрирования баз данных MS SQL Server. Знание теории реляционных баз данных. Знание принципов проектирования и нормализации БД. Администрирование MS SQL сервер и разработка.,"mssql, sql",2
259,Golang-разработчик,,Алматы,iBEC Systems,24-07-2023,"Честного, полного энтузиазма и лояльности к своей работе опытного Golang-разработчика. Чего мы ждём от вас: Опыт работы в качестве...",Внешние и внутренние семинары или доклады.,От 1 года до 3 лет,Полная занятость,https://hh.ru/vacancy/82889185,Developer,"Golang-разработчик. Честного, полного энтузиазма и лояльности к своей работе опытного Golang-разработчика. Чего мы ждём от вас: Опыт работы в качестве... Внешние и внутренние семинары или доклады.",go,1
260,Стажер-программист 1С,150000 - 300000 KZT,Алматы,Первый БИТ,10-07-2023,"Законченное образование (высшее или средне-специальное). Высокая обучаемость, развитое логическое мышление, коммуникабельность и стрессоустойчивость. Умение программировать на любом языке будет...","Установка, настройка, обновление программных продуктов 1С. Обучение и консультирование пользователей по ведению учета в различных конфигурациях 1С.",Нет опыта,Стажировка,https://hh.ru/vacancy/80583356,Developer,"Стажер-программист 1С. Законченное образование (высшее или средне-специальное). Высокая обучаемость, развитое логическое мышление, коммуникабельность и стрессоустойчивость. Умение программировать на любом языке будет... Установка, настройка, обновление программных продуктов 1С. Обучение и консультирование пользователей по ведению учета в различных конфигурациях 1С.",1c,1
261,Backend Developer (Python/Go),,Астана,ProPeople Global,14-07-2023,"Сильные навыки программирования на языках Python, включая опыт работы с их стандартными библиотеками, фреймворками и инструментами разработки. Понимание принципов и...","Обеспечивать качественную техническую проработку и реализацию продукта. Создание общей технологической структуры команды: архитектура, системный дизайн, технологические best-practices.",От 3 до 6 лет,Полная занятость,https://hh.ru/vacancy/83434796,Developer,"Backend Developer (Python/Go). Сильные навыки программирования на языках Python, включая опыт работы с их стандартными библиотеками, фреймворками и инструментами разработки. Понимание принципов и... Обеспечивать качественную техническую проработку и реализацию продукта. Создание общей технологической структуры команды: архитектура, системный дизайн, технологические best-practices.","go, python",2
262,PL/SQL-разработчик,,Алматы,Банк ЦентрКредит,10-07-2023,"Отличное знание АБИС Colvir. Отличное знание языка PL/SQL, SQL. Умение работать с JSON, XML. Опыт работы с микросервисами.","Разработка функционала в АБИС Colvir. Разработка структур данных в БД PostgreSQL. Настройка бухмоделей, разработка операций, фоновых заданий.",От 1 года до 3 лет,Полная занятость,https://hh.ru/vacancy/81894777,Developer,"PL/SQL-разработчик. Отличное знание АБИС Colvir. Отличное знание языка PL/SQL, SQL. Умение работать с JSON, XML. Опыт работы с микросервисами. Разработка функционала в АБИС Colvir. Разработка структур данных в БД PostgreSQL. Настройка бухмоделей, разработка операций, фоновых заданий.","postgresql, sql",2
263,Learning and Development Specialist— Talent Department,,Алматы,"Deloitte, Caspian Region",13-07-2023,"Experience as a training coordinator, training organiser or administrative assistant of over one year. A proactive approach and independence, an...","Prepare training schedules for learning seasons. Manage and coordinate learning events (training, exams and presentations): register attendees, work with trainers...",От 1 года до 3 лет,Полная занятость,https://hh.ru/vacancy/83388201,Developer,"Learning and Development Specialist— Talent Department. Experience as a training coordinator, training organiser or administrative assistant of over one year. A proactive approach and independence, an... Prepare training schedules for learning seasons. Manage and coordinate learning events (training, exams and presentations): register attendees, work with trainers...",,0
264,Senior Java developer,1000000 KZT,Алматы,Prime Source,17-07-2023,"Работа с требованиями: документирование, процесс управления, декомпозиция, тестирование. Знание принципов ООП. Знание гибких методологий Agile: Scrum, Kanban. Знание стадий жизненного...",Разработка и развитие новых и существующих проектов. Оптимизация производительности приложения. Взаимодействие с внешними API. Тестирование и документирование кода.,От 3 до 6 лет,Полная занятость,https://hh.ru/vacancy/83517756,Developer,"Senior Java developer. Работа с требованиями: документирование, процесс управления, декомпозиция, тестирование. Знание принципов ООП. Знание гибких методологий Agile: Scrum, Kanban. Знание стадий жизненного... Разработка и развитие новых и существующих проектов. Оптимизация производительности приложения. Взаимодействие с внешними API. Тестирование и документирование кода.","agile, java, kanban, scrum",4
265,Инженер DevOps Департамента «Открытых данных и интеграционных сервисов»,,Астана,Национальные информационные технологии,21-07-2023,Высшее образование в сфере информационных технологии или вычислительной техники и программного обеспечения. Опыт работы Devops не менее 3 лет.,Сопровождение и развитие текущей платформы.,От 1 года до 3 лет,Полная занятость,https://hh.ru/vacancy/83817804,DevOps Engineer,Инженер DevOps Департамента «Открытых данных и интеграционных сервисов». Высшее образование в сфере информационных технологии или вычислительной техники и программного обеспечения. Опыт работы Devops не менее 3 лет. Сопровождение и развитие текущей платформы.,,0
266,DevOps Engineer,,Алматы,Green Code,21-07-2023,"Релоцируем, если будет желание.",Настройку систем мониторинга и прогона анализаторов проекта в CI. Настройку Grafana и интеграцию с различными системами мониторинга. Настройка Kibana под...,От 1 года до 3 лет,Полная занятость,https://hh.ru/vacancy/83791060,DevOps Engineer,"DevOps Engineer. Релоцируем, если будет желание. Настройку систем мониторинга и прогона анализаторов проекта в CI. Настройку Grafana и интеграцию с различными системами мониторинга. Настройка Kibana под...",,0
267,DevOps-инженер (Junior),,Астана,ProPeople Global,14-07-2023,"Знание и понимание ОС Linux (Ubuntu, Amazon Linux). Знание и опыт работы с кластерами Kubernetes. Знание технологий контейнеризации docker/containerd.",Координация команд разработки для сборки и доставки релизов. Техническое проведение релизов. Настройка тестового окружения и поддержание его в актуальном состоянии.,От 1 года до 3 лет,Полная занятость,https://hh.ru/vacancy/83417895,DevOps Engineer,"DevOps-инженер (Junior). Знание и понимание ОС Linux (Ubuntu, Amazon Linux). Знание и опыт работы с кластерами Kubernetes. Знание технологий контейнеризации docker/containerd. Координация команд разработки для сборки и доставки релизов. Техническое проведение релизов. Настройка тестового окружения и поддержание его в актуальном состоянии.","docker, kubernetes, linux",3
268,Devops - инженер (системный администратор),900000 KZT,Астана,Job Recruitment,10-07-2023,"В чем надо разбираться и уметь like a pro: - Ansible. - Kubernetes (мы используем managed, doctl): ingress, pvc, lb, secrets, config...","CI/CD (Gitlab). - Elastic/Fluentd. - Nginx (standalone / ingress controller) + Certbot. - Docker. - VPN (OpenVPN, StrongSwan, netmaker). - MySQL (replication, backup/restore).",От 3 до 6 лет,Полная занятость,https://hh.ru/vacancy/83239455,DevOps Engineer,"Devops - инженер (системный администратор). В чем надо разбираться и уметь like a pro: - Ansible. - Kubernetes (мы используем managed, doctl): ingress, pvc, lb, secrets, config... CI/CD (Gitlab). - Elastic/Fluentd. - Nginx (standalone / ingress controller) + Certbot. - Docker. - VPN (OpenVPN, StrongSwan, netmaker). - MySQL (replication, backup/restore).","ansible, ci/cd, docker, gitlab, kubernetes, mysql, nginx, vpn",8
269,DevOps-инженер,,Алматы,Crystal Spring,19-07-2023,Опыт работы Devops не менее 3 лет. Знание и понимание ОС Linux/Windows. Знание технологий контейнеризации docker/container.,"Администрирование серверов Linux (Almalinux)/Windows Server. Развертывания миникластера Kubernetes на bare metal серверах с высокой доступностью, безопасностью и масштабируемостью.",От 1 года до 3 лет,Частичная занятость,https://hh.ru/vacancy/83695078,DevOps Engineer,"DevOps-инженер. Опыт работы Devops не менее 3 лет. Знание и понимание ОС Linux/Windows. Знание технологий контейнеризации docker/container. Администрирование серверов Linux (Almalinux)/Windows Server. Развертывания миникластера Kubernetes на bare metal серверах с высокой доступностью, безопасностью и масштабируемостью.","docker, kubernetes, linux, windows server",4
270,DevOps Engineer,,Астана,ALLUR AUTO,17-07-2023,Опыт работы Devops не менее 3 лет. Знание и понимание ОС Linux/Windows. Знание технологий контейнеризации docker/container.,"Администрирование серверов Linux (Almalinux)/Windows Server. Развертывания миникластера Kubernetes на bare metal серверах с высокой доступностью, безопасностью и масштабируемостью.",От 3 до 6 лет,Полная занятость,https://hh.ru/vacancy/83554763,DevOps Engineer,"DevOps Engineer. Опыт работы Devops не менее 3 лет. Знание и понимание ОС Linux/Windows. Знание технологий контейнеризации docker/container. Администрирование серверов Linux (Almalinux)/Windows Server. Развертывания миникластера Kubernetes на bare metal серверах с высокой доступностью, безопасностью и масштабируемостью.","docker, kubernetes, linux, windows server",4
271,DevOps инженер (удаленно),,Астана,Частная компания Retail Robotics Solutions - R&D Ltd.,11-07-2023,"глубокое знание сетевых технологий, знакомство с VyOS или подобными системами, знакомство с WireGuard. - опыт с контейнеризацией приложений, уверенное знание docker. -",разработка и поддержка продукта компании в Azure DevOps. - разработка и внедрение пайплайнов CI/CD. - автоматизировать конфигурации на хостах с использованием...,От 3 до 6 лет,Полная занятость,https://hh.ru/vacancy/83284215,DevOps Engineer,"DevOps инженер (удаленно). глубокое знание сетевых технологий, знакомство с VyOS или подобными системами, знакомство с WireGuard. - опыт с контейнеризацией приложений, уверенное знание docker. - разработка и поддержка продукта компании в Azure DevOps. - разработка и внедрение пайплайнов CI/CD. - автоматизировать конфигурации на хостах с использованием...","azure, ci/cd, docker",3
272,DevOps-инженер,,Астана,ProPeople Global,19-07-2023,"Знание и понимание ОС Linux (Ubuntu, Amazon Linux). Знание и опыт работы с кластерами Kubernetes. Знание технологий контейнеризации docker/containerd.",Координация команд разработки для сборки и доставки релизов. Техническое проведение релизов. Настройка тестового окружения и поддержание его в актуальном состоянии.,От 1 года до 3 лет,Полная занятость,https://hh.ru/vacancy/83674814,DevOps Engineer,"DevOps-инженер. Знание и понимание ОС Linux (Ubuntu, Amazon Linux). Знание и опыт работы с кластерами Kubernetes. Знание технологий контейнеризации docker/containerd. Координация команд разработки для сборки и доставки релизов. Техническое проведение релизов. Настройка тестового окружения и поддержание его в актуальном состоянии.","docker, kubernetes, linux",3
273,DevOps-инженер,,Астана,Центр электронных финансов,22-07-2023,,Администрирование серверов linux/unix. Администрирование кластера kubernetes. Настройка CI/ CD. Резервное копирование. Устранение уязвимостей ИБ.,От 1 года до 3 лет,Полная занятость,https://hh.ru/vacancy/83366550,DevOps Engineer,DevOps-инженер.  Администрирование серверов linux/unix. Администрирование кластера kubernetes. Настройка CI/ CD. Резервное копирование. Устранение уязвимостей ИБ.,"kubernetes, linux",2
274,DevOps engineer,,Астана,АДмастерс,19-07-2023,Дать возможность разработчикам писать код и не думать про доставку его на сервер. -Новые знания и сильное окружение.,"Автоматизировать типизированные сборки, тестирование, выкладку. Продумывать уникальные сценарии сборки и доставки проектов. Настройка мониторинга серверов и сервисов, сбора логов.",От 3 до 6 лет,Полная занятость,https://hh.ru/vacancy/83667123,DevOps Engineer,"DevOps engineer. Дать возможность разработчикам писать код и не думать про доставку его на сервер. -Новые знания и сильное окружение. Автоматизировать типизированные сборки, тестирование, выкладку. Продумывать уникальные сценарии сборки и доставки проектов. Настройка мониторинга серверов и сервисов, сбора логов.",,0
275,Linux-DevOps инженер,800000 KZT,Алматы,Интернет Решения,24-07-2023,Опыт настройки и администрирования серверов Linux/Unix. - Опыт сопровождения и развития микросервисной инфраструктуры. - Навыки автоматизации и написания скриптов. -,Настройка и администрирование серверов Linux/Unix. - Обслуживание внутренних Linux систем компании. - Автоматизация процессов деплоя и обновления. - Оптимизировать процессы развертывания и...,От 3 до 6 лет,Полная занятость,https://hh.ru/vacancy/82493110,DevOps Engineer,Linux-DevOps инженер. Опыт настройки и администрирования серверов Linux/Unix. - Опыт сопровождения и развития микросервисной инфраструктуры. - Навыки автоматизации и написания скриптов. - Настройка и администрирование серверов Linux/Unix. - Обслуживание внутренних Linux систем компании. - Автоматизация процессов деплоя и обновления. - Оптимизировать процессы развертывания и...,linux,1
276,DevOps Engineer,,Алматы,Банк ЦентрКредит,21-07-2023,"Опыт работы в сфере IT не менее 1 года. Опыт работы с Kubernetes (RKE\Openshift). Базовые знания Terraform, Ansible, Helm...","Разработка/развитие шаблонизированных pipeline с учетом лучших практик. Разработка/Развитие/Сопровождение базовых helm чартов для применения командами (Kafka, Rabbit, Postgres...",От 3 до 6 лет,Полная занятость,https://hh.ru/vacancy/83810468,DevOps Engineer,"DevOps Engineer. Опыт работы в сфере IT не менее 1 года. Опыт работы с Kubernetes (RKE\Openshift). Базовые знания Terraform, Ansible, Helm... Разработка/развитие шаблонизированных pipeline с учетом лучших практик. Разработка/Развитие/Сопровождение базовых helm чартов для применения командами (Kafka, Rabbit, Postgres...","ansible, kafka, kubernetes, postgresql, terraform",5
277,DevOps-инженер,,Шымкент,Компания ЭВРИКА,18-07-2023,"Опыт работы в сфере IT не менее 1 года. Опыт работы с *nix системами. Умение работать с Kubernetes, Docker.","Развертывание и поддержка сред разработки, тестирования и продакшн. Перенос приложений в систему оркестрации Kubernetes. Поддержка и мониторинг сетевой инфраструктуры и...",От 1 года до 3 лет,Полная занятость,https://hh.ru/vacancy/83615819,DevOps Engineer,"DevOps-инженер. Опыт работы в сфере IT не менее 1 года. Опыт работы с *nix системами. Умение работать с Kubernetes, Docker. Развертывание и поддержка сред разработки, тестирования и продакшн. Перенос приложений в систему оркестрации Kubernetes. Поддержка и мониторинг сетевой инфраструктуры и...","docker, kubernetes",2
278,DevOps Engineer,500000 - 700000 KZT,Алматы,NLS Kazakhstan,30-06-2023,Опыт работы c Docker и системой оркестрации kubernetes. Инструменты балансировки Nginx/HAproxy. Опыт организации процессов CI/CD от 2-х...,"Управление, обслуживание, настройка и развертывание кластеров Kubernetes. Мониторинг и обслуживание продакшн инфраструктуры(производительность), Deployment приложений в продакшн. Security аудит инфраструктуры.",От 3 до 6 лет,Полная занятость,https://hh.ru/vacancy/81003502,DevOps Engineer,"DevOps Engineer. Опыт работы c Docker и системой оркестрации kubernetes. Инструменты балансировки Nginx/HAproxy. Опыт организации процессов CI/CD от 2-х... Управление, обслуживание, настройка и развертывание кластеров Kubernetes. Мониторинг и обслуживание продакшн инфраструктуры(производительность), Deployment приложений в продакшн. Security аудит инфраструктуры.","ci/cd, docker, kubernetes, nginx",4
279,Senior/Middle DevOps engineer,,Петропавловск,Astana-Plat,30-06-2023,"Стек Git, Jira, KVM, OpenStack, bash, Python, Ansible. Terraform, Docker, Kubernetes, CI/CD, Prometheus, Grafana, ELK, Kafka, Gitlab.",Создания необходимых условий в инфраструктуре для нормального функционирования ПО. Объединение всех процессов из разработки в поставку. Организация общей среды для...,От 1 года до 3 лет,Полная занятость,https://hh.ru/vacancy/82831670,DevOps Engineer,"Senior/Middle DevOps engineer. Стек Git, Jira, KVM, OpenStack, bash, Python, Ansible. Terraform, Docker, Kubernetes, CI/CD, Prometheus, Grafana, ELK, Kafka, Gitlab. Создания необходимых условий в инфраструктуре для нормального функционирования ПО. Объединение всех процессов из разработки в поставку. Организация общей среды для...","ansible, bash, ci/cd, docker, git, gitlab, jira, kafka, kubernetes, python, terraform",11
280,Инженер инфраструктуры DevOps,,Астана,Business and Technology Services,29-06-2023,"Опыт работы в области инженерии инфраструктуры, DevOps не менее 5 лет. Глубокое понимание сетевых протоколов, архитектур серверов, хранилищ данных и...","Разработка и внедрение инфраструктурных решений в соответствии с требованиями компании. Управление и поддержка существующей инфраструктуры, включая серверы, сети, хранилища данных...",От 3 до 6 лет,Полная занятость,https://hh.ru/vacancy/82772641,DevOps Engineer,"Инженер инфраструктуры DevOps. Опыт работы в области инженерии инфраструктуры, DevOps не менее 5 лет. Глубокое понимание сетевых протоколов, архитектур серверов, хранилищ данных и... Разработка и внедрение инфраструктурных решений в соответствии с требованиями компании. Управление и поддержка существующей инфраструктуры, включая серверы, сети, хранилища данных...",,0
281,Cloud DevOps Engineer (AWS),,Алматы,Кроликов Роман Петрович,18-07-2023,"Отличные навыки работы с AWS (must have). Понимание парадигм IaC и GitOps, а также опыт их имплементации, включая такие инструменты...",Создание и сопровождение инфраструктуры и приложений в AWS. Поддержка и улучшение текущих CI/CD процессов. Взаимодействие с командой разработчиков для...,От 1 года до 3 лет,Частичная занятость,https://hh.ru/vacancy/83627095,DevOps Engineer,"Cloud DevOps Engineer (AWS). Отличные навыки работы с AWS (must have). Понимание парадигм IaC и GitOps, а также опыт их имплементации, включая такие инструменты... Создание и сопровождение инфраструктуры и приложений в AWS. Поддержка и улучшение текущих CI/CD процессов. Взаимодействие с командой разработчиков для...","aws, ci/cd",2
282,DevOps инженер,,Астана,АДмастерс,27-06-2023,Дать возможность разработчикам писать код и не думать про доставку его на сервер. -Новые знания и сильное окружение.,"Автоматизировать типизированные сборки, тестирование, выкладку. Продумывать уникальные сценарии сборки и доставки проектов. Настройка мониторинга серверов и сервисов, сбора логов.",От 3 до 6 лет,Полная занятость,https://hh.ru/vacancy/82595792,DevOps Engineer,"DevOps инженер. Дать возможность разработчикам писать код и не думать про доставку его на сервер. -Новые знания и сильное окружение. Автоматизировать типизированные сборки, тестирование, выкладку. Продумывать уникальные сценарии сборки и доставки проектов. Настройка мониторинга серверов и сервисов, сбора логов.",,0
283,DevOPs Engineer,,Алматы,Jusan Bank,10-07-2023,"Знание и опыт работы ОС GNU/Linux. Git, nginx, jenkins, ansible, docker, haproxy, zabbix, postgresql, redis, mongo, gitlab. Систем кластеризации.","Автоматизация процессов CI/CD пайплайнов, написание инфраструктурного кода. Развитие системы мониторинга, логгирования и диагностики мобильного приложения.",От 3 до 6 лет,Полная занятость,https://hh.ru/vacancy/71881140,DevOps Engineer,"DevOPs Engineer. Знание и опыт работы ОС GNU/Linux. Git, nginx, jenkins, ansible, docker, haproxy, zabbix, postgresql, redis, mongo, gitlab. Систем кластеризации. Автоматизация процессов CI/CD пайплайнов, написание инфраструктурного кода. Развитие системы мониторинга, логгирования и диагностики мобильного приложения.","ansible, ci/cd, docker, git, gitlab, jenkins, linux, nginx, postgresql, redis",10
284,Senior DevOps engineer,,Алматы,Prime Source,19-07-2023,"Навыки и опыт: ОС Linux (серверные и клиентские). Системы контейнеризации (Docker, Kubernetis). Виртуализация KVM/Vmware/OpenStack. RabbitMQ, Kafka.","Сопровождение и развитие текущей инфраструктуры проекта, поддержка тестового окружения и переноса данных между тестовыми серверами. Разработка инструментов и автоматизация процессов...",От 3 до 6 лет,Полная занятость,https://hh.ru/vacancy/83662660,DevOps Engineer,"Senior DevOps engineer. Навыки и опыт: ОС Linux (серверные и клиентские). Системы контейнеризации (Docker, Kubernetis). Виртуализация KVM/Vmware/OpenStack. RabbitMQ, Kafka. Сопровождение и развитие текущей инфраструктуры проекта, поддержка тестового окружения и переноса данных между тестовыми серверами. Разработка инструментов и автоматизация процессов...","docker, kafka, linux",3
285,AWS and VMware Systems Administrator / DevOps,102000 - 204000 RUR,Астана,ИНФИНАЙТ СИНЕРДЖИ,04-07-2023,4 years related hands-on experience required. 4 years of creating and updating CloudFormation templates preferred. Demonstrated hands on AWS...,"Manage internal development environment. Develop and maintain automation of repetitive tasks. Perform daily system tasks (review of logs, monitoring, backups...",Более 6 лет,Частичная занятость,https://hh.ru/vacancy/82996942,DevOps Engineer,"AWS and VMware Systems Administrator / DevOps. 4 years related hands-on experience required. 4 years of creating and updating CloudFormation templates preferred. Demonstrated hands on AWS... Manage internal development environment. Develop and maintain automation of repetitive tasks. Perform daily system tasks (review of logs, monitoring, backups...",aws,1
286,DevOps инженер,,Алматы,МФО ОнлайнКазФинанс (ТМ Solva),24-07-2023,"1.5+ года опыта администрирования Linux. Понимание принципов работы современных сетей, опыт работы с сетевым стеком Linux (iptables/DNAT...","Разработка и внедрение инструментов и процессов для автоматизации сборки, тестирования, развертывания и масштабирования приложений. Управление конфигурациями системы и средствами автоматизации...",От 3 до 6 лет,Полная занятость,https://hh.ru/vacancy/83801311,DevOps Engineer,"DevOps инженер. 1.5+ года опыта администрирования Linux. Понимание принципов работы современных сетей, опыт работы с сетевым стеком Linux (iptables/DNAT... Разработка и внедрение инструментов и процессов для автоматизации сборки, тестирования, развертывания и масштабирования приложений. Управление конфигурациями системы и средствами автоматизации...",linux,1
287,DevOps инженер (Мобильный цифровой оператор),,Алматы,"Beeline, ТМ",03-07-2023,Высшее образование в ИТ или смежной области. Опыт администрирования Linux систем и написанием скриптов на python или bash.,Оценка и улучшение процесса развёртывания программного обеспечения. Изменение существующих скриптов для развёртывания. Поддержание стабильного качества продуктов и непрерывности процесса поставки.,От 3 до 6 лет,Полная занятость,https://hh.ru/vacancy/82893613,DevOps Engineer,DevOps инженер (Мобильный цифровой оператор). Высшее образование в ИТ или смежной области. Опыт администрирования Linux систем и написанием скриптов на python или bash. Оценка и улучшение процесса развёртывания программного обеспечения. Изменение существующих скриптов для развёртывания. Поддержание стабильного качества продуктов и непрерывности процесса поставки.,"bash, linux, python",3
288,DevOps Engineer в SuperApp,,Алматы,Kcell,26-06-2023,"Автоматизация с использованием Ansible. Опыт работы с Linux на уровне администратора. Опыт настройки и управления серверами приложений Java, веб-серверами...","Управление экосистемой Docker (docker-файлы, образы, реестр, daemon и т.д.). Автоматизация процессов развертывания продукта/проекта средствами CI/CD (Jenkins...",От 1 года до 3 лет,Полная занятость,https://hh.ru/vacancy/82437756,DevOps Engineer,"DevOps Engineer в SuperApp. Автоматизация с использованием Ansible. Опыт работы с Linux на уровне администратора. Опыт настройки и управления серверами приложений Java, веб-серверами... Управление экосистемой Docker (docker-файлы, образы, реестр, daemon и т.д.). Автоматизация процессов развертывания продукта/проекта средствами CI/CD (Jenkins...","ansible, ci/cd, docker, java, jenkins, linux",6
289,Инженер по автоматизации (DevOps),,Алматы,"ALSECO, АО",27-06-2023,"Ориентированность на результат, стремление развиваться. Самоорганизованность и самодисциплину. Аналитическое мышление и умение систематизировать информацию. Знание принципов взаимодействия web-сервера и...","Администрировать платформу Kubernetes. Администрировать серверы Linux/Windows. Создавать и использовать скрипты для автоматизации рутинных задач (копирование, развёртывание систем, архивирование, мониторинг...",От 3 до 6 лет,Полная занятость,https://hh.ru/vacancy/81543476,DevOps Engineer,"Инженер по автоматизации (DevOps). Ориентированность на результат, стремление развиваться. Самоорганизованность и самодисциплину. Аналитическое мышление и умение систематизировать информацию. Знание принципов взаимодействия web-сервера и... Администрировать платформу Kubernetes. Администрировать серверы Linux/Windows. Создавать и использовать скрипты для автоматизации рутинных задач (копирование, развёртывание систем, архивирование, мониторинг...","kubernetes, linux",2
290,DevOps Engineer,,Петропавловск,Setronica,19-07-2023,,"Занимаемся разработкой и интеграцией программного обеспечения для электронной коммерции, онлайн-рынков, доставки. Делаем ERP на заказ. Поддерживать существующую devops-архитектуру...",От 3 до 6 лет,Полная занятость,https://hh.ru/vacancy/78327678,DevOps Engineer,"DevOps Engineer.  Занимаемся разработкой и интеграцией программного обеспечения для электронной коммерции, онлайн-рынков, доставки. Делаем ERP на заказ. Поддерживать существующую devops-архитектуру...",erp,1
291,Инженер DevOps в Едадил,,Алматы,Яндекс,07-07-2023,"Отлично понимаете механизмы работы облаков. Понимаете процессы работы сети, l2+l3+l4, SDN. Понимаете, как работает ядро...","Планировать, развивать и поддерживать инфраструктуру быстро растущих сервисов. Проектировать и настраивать сервисы и их связи в разных облаках, включая приватные.",От 3 до 6 лет,Полная занятость,https://hh.ru/vacancy/83119233,DevOps Engineer,"Инженер DevOps в Едадил. Отлично понимаете механизмы работы облаков. Понимаете процессы работы сети, l2+l3+l4, SDN. Понимаете, как работает ядро... Планировать, развивать и поддерживать инфраструктуру быстро растущих сервисов. Проектировать и настраивать сервисы и их связи в разных облаках, включая приватные.",,0
292,Middle Devops engineer,,Алматы,Микрофинансовая организация KMF(КМФ),03-07-2023,Высшее образование. Опыт работы DevOps инженером от 1 года. Опыт администрирование Linux от 2-х лет. Опыт настройки и эксплуатации...,"Внедрение и развитие методологии DevOps в компании. Администрирование и развитие систем Kafka/Redpanda. Обеспечение непрерывного процесса доставки кода, включая его...",От 1 года до 3 лет,Полная занятость,https://hh.ru/vacancy/82887021,DevOps Engineer,"Middle Devops engineer. Высшее образование. Опыт работы DevOps инженером от 1 года. Опыт администрирование Linux от 2-х лет. Опыт настройки и эксплуатации... Внедрение и развитие методологии DevOps в компании. Администрирование и развитие систем Kafka/Redpanda. Обеспечение непрерывного процесса доставки кода, включая его...","kafka, linux",2
293,Senior DevOps Engineer,,Атырау,KIVORK,03-07-2023,4+ years of experience in a DevOps Engineer role or a similar position. Solid background in Linux administration.,Configure and maintain our dedicated servers and cloud infrastructure. Improve high availability and fault tolerance of infrastructure. Reduce the cost...,От 3 до 6 лет,Полная занятость,https://hh.ru/vacancy/82937142,DevOps Engineer,Senior DevOps Engineer. 4+ years of experience in a DevOps Engineer role or a similar position. Solid background in Linux administration. Configure and maintain our dedicated servers and cloud infrastructure. Improve high availability and fault tolerance of infrastructure. Reduce the cost...,linux,1
294,Senior DevOps Engineer,,Астана,KIVORK,03-07-2023,4+ years of experience in a DevOps Engineer role or a similar position. Solid background in Linux administration.,Configure and maintain our dedicated servers and cloud infrastructure. Improve high availability and fault tolerance of infrastructure. Reduce the cost...,От 3 до 6 лет,Полная занятость,https://hh.ru/vacancy/82937923,DevOps Engineer,Senior DevOps Engineer. 4+ years of experience in a DevOps Engineer role or a similar position. Solid background in Linux administration. Configure and maintain our dedicated servers and cloud infrastructure. Improve high availability and fault tolerance of infrastructure. Reduce the cost...,linux,1
295,Senior DevOps Engineer,,Алматы,KIVORK,03-07-2023,6+ years of experience in a DevOps Engineer role or a similar position. Solid background in Linux administration.,Configure and maintain our dedicated servers and cloud infrastructure. Improve high availability and fault tolerance of infrastructure. Reduce the cost...,Более 6 лет,Полная занятость,https://hh.ru/vacancy/82935792,DevOps Engineer,Senior DevOps Engineer. 6+ years of experience in a DevOps Engineer role or a similar position. Solid background in Linux administration. Configure and maintain our dedicated servers and cloud infrastructure. Improve high availability and fault tolerance of infrastructure. Reduce the cost...,linux,1
296,Специалист по IT (IT specialist),,Уральск,NOVATEQ-GROUP,21-07-2023,"Опыт работы в серьезных компаниях с локальной сетью, сервером, облачным хранилищем, лицензируемым ПО, CRM, 1С и т.д.","Обслуживание ПК и офисной техники, замена комплектующих. Установка, настройка различного программного обеспечения. Ответственность за информационную безопасность в компании.",От 3 до 6 лет,Полная занятость,https://hh.ru/vacancy/83792434,IT Specialist,"Специалист по IT (IT specialist). Опыт работы в серьезных компаниях с локальной сетью, сервером, облачным хранилищем, лицензируемым ПО, CRM, 1С и т.д. Обслуживание ПК и офисной техники, замена комплектующих. Установка, настройка различного программного обеспечения. Ответственность за информационную безопасность в компании.",1c,1
297,Специалист по IT,450000 KZT,Алматы,Estate Management Company,20-07-2023,Высшее образование. Опыт установки и обслуживания компьютерных систем. Способность самостоятельно принимать решения. Высокая работоспособность.,Выявление потребности структурных подразделений в ИТ-услугах. Консультационная поддержка пользователей ИТ-услуг по вопросам работы информационных систем. Оперативное решение инцидентов...,От 3 до 6 лет,Полная занятость,https://hh.ru/vacancy/83761893,IT Specialist,Специалист по IT. Высшее образование. Опыт установки и обслуживания компьютерных систем. Способность самостоятельно принимать решения. Высокая работоспособность. Выявление потребности структурных подразделений в ИТ-услугах. Консультационная поддержка пользователей ИТ-услуг по вопросам работы информационных систем. Оперативное решение инцидентов...,,0
298,Специалист по информационным технологиям (IT),400000 - 450000 KZT,Алматы,DBA UrAsia Energy Holdings Ltd – Kazakhstan Branch,18-07-2023,"Высшее техническое образование. Знание основных принципов построения сетей передачи данных. Опыт работы с серверным оборудованием. Быстрая обучаемость, ответственность, пунктуальность, исполнительность.","Консультирование по техническим вопросам. Работа с техническими специалистами производителей. Поддержка и развитие информационной платформы. Решение проблем пользователей, оказание помощи.",От 1 года до 3 лет,Полная занятость,https://hh.ru/vacancy/83589248,IT Specialist,"Специалист по информационным технологиям (IT). Высшее техническое образование. Знание основных принципов построения сетей передачи данных. Опыт работы с серверным оборудованием. Быстрая обучаемость, ответственность, пунктуальность, исполнительность. Консультирование по техническим вопросам. Работа с техническими специалистами производителей. Поддержка и развитие информационной платформы. Решение проблем пользователей, оказание помощи.",,0
299,Специалист IT отдела,400000 - 450000 KZT,Алматы,"Home Mart (EurasiaRed, ТМ)",22-07-2023,"Высшее техническое образование. Опыт работы в сфере IT, наличие навыков менеджера. Знание английского языка приветствуется. Знание основных принципов построения сетей...",Консультирование по техническим вопросам. Работа с техническими специалистами производителей. Поддержка и развитие информационной платформы. Мониторинг и анализ рынка и особенностей...,Нет опыта,Полная занятость,https://hh.ru/vacancy/83387677,IT Specialist,"Специалист IT отдела. Высшее техническое образование. Опыт работы в сфере IT, наличие навыков менеджера. Знание английского языка приветствуется. Знание основных принципов построения сетей... Консультирование по техническим вопросам. Работа с техническими специалистами производителей. Поддержка и развитие информационной платформы. Мониторинг и анализ рынка и особенностей...",,0
300,Технический специалист (IT),200000 - 300000 KZT,Алматы,Sulpak,29-06-2023,Образование или опыт работы в сфере IT. Желание работать с людьми. Желание учиться новому.,"Установка программного обеспечения. Кассовые операции. Настройка цифровой техники. Оформление доставки и установки товара. Оформление возврата, обмена товара. Выдача интернет-заказов.",От 1 года до 3 лет,Полная занятость,https://hh.ru/vacancy/82722181,IT Specialist,"Технический специалист (IT). Образование или опыт работы в сфере IT. Желание работать с людьми. Желание учиться новому. Установка программного обеспечения. Кассовые операции. Настройка цифровой техники. Оформление доставки и установки товара. Оформление возврата, обмена товара. Выдача интернет-заказов.",,0
301,IT-специалист / Помощник системного администратора,120000 - 140000 KZT,Алматы,ЮНИКС,18-07-2023,"Основные требования - это желание работать, получать опыт и знания и умение гуглить.","Начальный уровень. Осуществление решений инцидентов и проблем, возникающих в процессе работы информационных систем. Восстановление работоспособности информационных систем в случае сбоя...",Нет опыта,Полная занятость,https://hh.ru/vacancy/83593170,IT Specialist,"IT-специалист / Помощник системного администратора. Основные требования - это желание работать, получать опыт и знания и умение гуглить. Начальный уровень. Осуществление решений инцидентов и проблем, возникающих в процессе работы информационных систем. Восстановление работоспособности информационных систем в случае сбоя...",,0
302,CRM administrator/IT специалист,250000 KZT,Актобе,LONDON-EC,21-07-2023,"E ще и эмоциональный, позитивный и умеешь располагать к себе людей и убеждать. L юбишь жизнь, и знаешь, что тебе...",,От 1 года до 3 лет,Полная занятость,https://hh.ru/vacancy/83806293,IT Specialist,"CRM administrator/IT специалист. E ще и эмоциональный, позитивный и умеешь располагать к себе людей и убеждать. L юбишь жизнь, и знаешь, что тебе...",,0
303,Специалист по IT,320000 - 320000 KZT,Караганда,Альянс Уголь,24-07-2023,"2.6. Разрешает или ограничивает доступ к информации, определяет порядок и условия такого доступа. Обязательно с опытом работы, высшее образование.","2.1. Обеспечивает достоверность, защиту информации и своевременность ее предоставления. 2.2. Осуществляет установку, настройку, техническое сопровождение и обслуживание оборудования...",От 1 года до 3 лет,Полная занятость,https://hh.ru/vacancy/83908163,IT Specialist,"Специалист по IT. 2.6. Разрешает или ограничивает доступ к информации, определяет порядок и условия такого доступа. Обязательно с опытом работы, высшее образование. 2.1. Обеспечивает достоверность, защиту информации и своевременность ее предоставления. 2.2. Осуществляет установку, настройку, техническое сопровождение и обслуживание оборудования...",,0
304,IT Specialist,450000 - 600000 KZT,Алматы,KT&G GLOBAL KAZAKHSTAN (КЕЙ-ТИ-ЭНД-ДЖИ ГЛОБАЛ КАЗАХСТАН),19-07-2023,"1. Data Management capabilities. - Data analysis capabilities using SQL, Excel, etc. - Master Data control capability, (Dimension, measure, analytic information generation...","Management capabilities such as preventing leakage of company core information- Security system management and improvement (Policy, Process, System). -",От 1 года до 3 лет,Полная занятость,https://hh.ru/vacancy/83659539,IT Specialist,"IT Specialist. 1. Data Management capabilities. - Data analysis capabilities using SQL, Excel, etc. - Master Data control capability, (Dimension, measure, analytic information generation... Management capabilities such as preventing leakage of company core information- Security system management and improvement (Policy, Process, System). -","excel, sql",2
305,Специалист по IT,250000 - 500000 KZT,Астана,TapTatti Retail,13-07-2023,"Умение установки операционные системы. Знание программы IIKO. Настройка и администрирование программу ""1C Предприятие"". Умение прикладного программирования. Пунктуальность.","Поддержание работоспособности офисных компьютеров. Администрирование и настройка 1С 8.2, 8.3. Поддержка пользователей. Установка и настройка прикладных программ.",От 1 года до 3 лет,Полная занятость,https://hh.ru/vacancy/81385728,IT Specialist,"Специалист по IT. Умение установки операционные системы. Знание программы IIKO. Настройка и администрирование программу ""1C Предприятие"". Умение прикладного программирования. Пунктуальность. Поддержание работоспособности офисных компьютеров. Администрирование и настройка 1С 8.2, 8.3. Поддержка пользователей. Установка и настройка прикладных программ.",1c,1
306,Специалист по IT обслуживанию пользователей Офиса,,Астана,Nazarbayev University,17-07-2023,"Образование: высшее профессиональное, желательно в высших учебных заведениях с преподаванием на английском языке: Приоритетные направления специальностей: - компьютерные науки или смежные...",Специалист по IT обслуживанию пользователей Офиса по IT обслуживанию пользователей Информационных. Работа с аудиовизуальным и интерактивным оборудованием. Установка и проведение...,Нет опыта,Полная занятость,https://hh.ru/vacancy/83520099,IT Specialist,"Специалист по IT обслуживанию пользователей Офиса. Образование: высшее профессиональное, желательно в высших учебных заведениях с преподаванием на английском языке: Приоритетные направления специальностей: - компьютерные науки или смежные... Специалист по IT обслуживанию пользователей Офиса по IT обслуживанию пользователей Информационных. Работа с аудиовизуальным и интерактивным оборудованием. Установка и проведение...",,0
307,Специалист по IT,80000 - 150000 KZT,Петропавловск,КГУ ГОРОДСКАЯ КЛАССИЧЕСКАЯ ГИМНАЗИЯ ИМЕНИ САФУАНА ШАЙМЕРДЕНОВА КГУ ОТДЕЛ ОБРА-Я ГОРОДА ПЕТРОПАВЛОВСКА КГУ УПРАВ ОБРА-Я АКИМАТА СЕВ. КАЗ.ОБЛ,19-07-2023,Знание MS Office. Установка windows и работа с сайтами. - порядочный.,Ремонт компьютеров. Работа с компьютером.,Нет опыта,Полная занятость,https://hh.ru/vacancy/83685994,IT Specialist,Специалист по IT. Знание MS Office. Установка windows и работа с сайтами. - порядочный. Ремонт компьютеров. Работа с компьютером.,microsoft office,1
308,Начинающий IT специалист в сфере 1С,150000 KZT,Астана,ИТС-ком,23-07-2023,Техническое образование - обязательно. Базовые знания в IT. Опыт работы с техникой. Грамотная речь. Готовность работать с Клиентами. Готовность много учиться...,"Установка, настройка программного обеспечения. Устранение проблем с ПО и оборудованием. Участие в сопровождении и внедрении продуктов. Оказание технической помощи действующим...",Нет опыта,Полная занятость,https://hh.ru/vacancy/83523537,IT Specialist,"Начинающий IT специалист в сфере 1С. Техническое образование - обязательно. Базовые знания в IT. Опыт работы с техникой. Грамотная речь. Готовность работать с Клиентами. Готовность много учиться... Установка, настройка программного обеспечения. Устранение проблем с ПО и оборудованием. Участие в сопровождении и внедрении продуктов. Оказание технической помощи действующим...",1c,1
309,IT-специалист,200000 - 250000 KZT,Астана,PROTS,24-07-2023,Отличное знание компьютерной техники на программном и физическом уровне. Грамотная устная и письменная речь. Умение быстро вникать в суть и...,"Работа в ИС Трекере 100%. Умение разобрать ПК, Монблок, Ноутбук. Понимание принципа видеонаблюдения, видеорегистратора. Снять жесткий диск, материнскую плату, Оперативную...",От 1 года до 3 лет,Полная занятость,https://hh.ru/vacancy/83932755,IT Specialist,"IT-специалист. Отличное знание компьютерной техники на программном и физическом уровне. Грамотная устная и письменная речь. Умение быстро вникать в суть и... Работа в ИС Трекере 100%. Умение разобрать ПК, Монблок, Ноутбук. Понимание принципа видеонаблюдения, видеорегистратора. Снять жесткий диск, материнскую плату, Оперативную...",,0
310,IT специалист/системный администратор,,Алматы,RAMS QAZAQSTAN,19-07-2023,"Высшее техническое образование. Опыт работы в аналогичной должности от 1 года. Общие знания программных продуктов Microsoft Office 365, Windows 7...","Прием, регистрация и классификация обращений от сотрудников компании по их обращениям в ИТ отдел. Предоставление доступов сотрудникам компании к внутренней...",От 1 года до 3 лет,Полная занятость,https://hh.ru/vacancy/83683006,IT Specialist,"IT специалист/системный администратор. Высшее техническое образование. Опыт работы в аналогичной должности от 1 года. Общие знания программных продуктов Microsoft Office 365, Windows 7... Прием, регистрация и классификация обращений от сотрудников компании по их обращениям в ИТ отдел. Предоставление доступов сотрудникам компании к внутренней...",microsoft office,1
311,Специалист по IT (Системный администратор),80000 - 100000 KZT,Алматы,Help Desk Service,11-07-2023,Знание сетевых технологий. Базовые знания ПК и программ устанавливаемых на ПК. Желание решать проблемы пользовательского уровня. Если у Вас нет...,Устранение проблем на стороне пользователей. - Настройка и работа с сервером. - Удаленная поддержка клиентов. - Настройка локальных сетей и периферии. -,Нет опыта,Полная занятость,https://hh.ru/vacancy/83277476,IT Specialist,Специалист по IT (Системный администратор). Знание сетевых технологий. Базовые знания ПК и программ устанавливаемых на ПК. Желание решать проблемы пользовательского уровня. Если у Вас нет... Устранение проблем на стороне пользователей. - Настройка и работа с сервером. - Удаленная поддержка клиентов. - Настройка локальных сетей и периферии. -,,0
312,Специалист по IT,200000 - 250000 KZT,Астана,IT Srvice@,17-07-2023,"Видеонаблюдение IP/Analog. ЛВС , маршрутизация интернета, знание топологии сети.. Требования: - Желание получить хороший опыт и стать специалистом . - Обучаемость.",Выполнение заявок по городу (большое количество филиалов). - Выполнение заявок через удаленный доступ в офисе. - Техническая поддержка и обслуживание.,От 3 до 6 лет,Полная занятость,https://hh.ru/vacancy/83517717,IT Specialist,"Специалист по IT. Видеонаблюдение IP/Analog. ЛВС , маршрутизация интернета, знание топологии сети.. Требования: - Желание получить хороший опыт и стать специалистом . - Обучаемость. Выполнение заявок по городу (большое количество филиалов). - Выполнение заявок через удаленный доступ в офисе. - Техническая поддержка и обслуживание.",technical support,1
313,IT-специалист,280000 - 300000 KZT,Алматы,GAB Construction,17-07-2023,"Навыки, знания и задачи системного администратора. Умение работать с веб-серверами (Apache, Ngninx, IIS). Понимание модели OSI. Знание операционных систем...","Обслуживание компьютерной, офисной и оргтехники: Ремонт используемой техники. Обеспечение бесперебойной работы всех ПК и устранение неисправностей. Помощь штатным сотрудникам, работающим...",От 1 года до 3 лет,Полная занятость,https://hh.ru/vacancy/83528007,IT Specialist,"IT-специалист. Навыки, знания и задачи системного администратора. Умение работать с веб-серверами (Apache, Ngninx, IIS). Понимание модели OSI. Знание операционных систем... Обслуживание компьютерной, офисной и оргтехники: Ремонт используемой техники. Обеспечение бесперебойной работы всех ПК и устранение неисправностей. Помощь штатным сотрудникам, работающим...",apache,1
314,Специалист по IT,400000 - 450000 KZT,Алматы,FOOD BEVERAGE TRADING,22-07-2023,"Высшее техническое образование. Опыт работы в сфере IT, наличие навыков менеджера. Знание английского языка приветствуется. Знание основных принципов построения сетей...",Консультирование по техническим вопросам. Работа с техническими специалистами производителей. Поддержка и развитие информационной платформы. Мониторинг и анализ рынка и особенностей...,От 3 до 6 лет,Полная занятость,https://hh.ru/vacancy/83193401,IT Specialist,"Специалист по IT. Высшее техническое образование. Опыт работы в сфере IT, наличие навыков менеджера. Знание английского языка приветствуется. Знание основных принципов построения сетей... Консультирование по техническим вопросам. Работа с техническими специалистами производителей. Поддержка и развитие информационной платформы. Мониторинг и анализ рынка и особенностей...",,0
315,Специалист по IT,250000 - 400000 KZT,Алматы,Мыслинская,13-07-2023,"Знание аппаратной части ПК, сетевого оборудования. Навыки самообучения, ответственность, умение работать в команде. Наличие собственного автотранспорта.","Обеспечение бесперебойной работы компьютерной и оргтехники клиентов. Информационно-техническая поддержка клиентов. Установка/настройка ПО, драйверов. Установка и настройка ПО для...",От 3 до 6 лет,Полная занятость,https://hh.ru/vacancy/81413658,IT Specialist,"Специалист по IT. Знание аппаратной части ПК, сетевого оборудования. Навыки самообучения, ответственность, умение работать в команде. Наличие собственного автотранспорта. Обеспечение бесперебойной работы компьютерной и оргтехники клиентов. Информационно-техническая поддержка клиентов. Установка/настройка ПО, драйверов. Установка и настройка ПО для...",technical support,1
316,IT-специалист,,Алматы,Sports Entertainment,19-07-2023,"Знание приложений Microsoft. Требования: Опыт установки и обслуживания компьютерных систем. Опыт настройки программного обеспечения. Логическое мышление, способность самостоятельно принимать решения.","Техническая поддержка пользователей. Обеспечение бесперебойной работы ИТ инфраструктуры офиса. Установка нового оборудования и программного обеспечения. Мониторинг работы серверов, поддержка бесперебойной...",От 1 года до 3 лет,Полная занятость,https://hh.ru/vacancy/83657145,IT Specialist,"IT-специалист. Знание приложений Microsoft. Требования: Опыт установки и обслуживания компьютерных систем. Опыт настройки программного обеспечения. Логическое мышление, способность самостоятельно принимать решения. Техническая поддержка пользователей. Обеспечение бесперебойной работы ИТ инфраструктуры офиса. Установка нового оборудования и программного обеспечения. Мониторинг работы серверов, поддержка бесперебойной...",technical support,1
317,Специалист по IT,300000 - 500000 KZT,Алматы,ПТО КазОхотРыболовСоюз,12-07-2023,"Совершенное знание word excel. Работа с word excel. На должность IT- специалиста принимается лицо, имеющее высшее профессиональное (математическое, инженерно-математическое...",,От 3 до 6 лет,Полная занятость,https://hh.ru/vacancy/83315058,IT Specialist,"Специалист по IT. Совершенное знание word excel. Работа с word excel. На должность IT- специалиста принимается лицо, имеющее высшее профессиональное (математическое, инженерно-математическое...",excel,1
318,Специалист по IT,,Астана,"Назарбаев интеллектуальные школы, Автономная организация образования",17-07-2023,Наличие высшего образования в области информационных технологий. Наличие опыта работы по специальности не менее 2 лет. Наличие опыта работы в...,Техническая поддержка работоспособности IT инфраструктуры и пользователей (helpdesk). Внедрение и сопровождение программного обеспечения . Участие в составлении технических заданий.,От 1 года до 3 лет,Полная занятость,https://hh.ru/vacancy/83518693,IT Specialist,Специалист по IT. Наличие высшего образования в области информационных технологий. Наличие опыта работы по специальности не менее 2 лет. Наличие опыта работы в... Техническая поддержка работоспособности IT инфраструктуры и пользователей (helpdesk). Внедрение и сопровождение программного обеспечения . Участие в составлении технических заданий.,technical support,1
319,Technical specialist Help Desk / IT cпециалист,200000 - 400000 KZT,Алматы,Paloma365,05-07-2023,with passion for technology (software and etc). - with Ability to work independently and passion to learn. - who are ready to...,You will be collaborating with a diverse team including both technical and business people across the world with the purpose...,Нет опыта,Полная занятость,https://hh.ru/vacancy/83006449,IT Specialist,Technical specialist Help Desk / IT cпециалист. with passion for technology (software and etc). - with Ability to work independently and passion to learn. - who are ready to... You will be collaborating with a diverse team including both technical and business people across the world with the purpose...,,0
320,Специалист по IT (мкр. Жулдыз),200000 KZT,Алматы,Global Foods,03-07-2023,Знание на уровне администратора программ семейства MS. Умение диагностировать оборудование. Стрессоустойчивость. Умение объяснять и слушать. Обучаемость. Возможность приезжать на работу...,"Поддержка инфраструктуры офиса. Обновление налоговых программ, СОНО. Настройка кабинета налогоплательщика. Поддержка ПО Агент плюс и Optimum (Программы для торговых представителей).",От 1 года до 3 лет,Полная занятость,https://hh.ru/vacancy/82937737,IT Specialist,"Специалист по IT (мкр. Жулдыз). Знание на уровне администратора программ семейства MS. Умение диагностировать оборудование. Стрессоустойчивость. Умение объяснять и слушать. Обучаемость. Возможность приезжать на работу... Поддержка инфраструктуры офиса. Обновление налоговых программ, СОНО. Настройка кабинета налогоплательщика. Поддержка ПО Агент плюс и Optimum (Программы для торговых представителей).",,0
321,IT Рекрутер,300000 - 400000 KZT,Алматы,Neocode,23-07-2023,Вы имеете опыт подбора в IT рекрутинге от 6 месяцев. Обладаете знаниями и навыками оценки soft skills. Умеете вести переговоры...,Разрабатывать и внедрять эффективные стратегии поиска для привлечения квалифицированных ИТ- специалистов по различным каналам. Ведение отчетности по процессу поиска и...,От 1 года до 3 лет,Полная занятость,https://hh.ru/vacancy/83523279,IT Specialist,IT Рекрутер. Вы имеете опыт подбора в IT рекрутинге от 6 месяцев. Обладаете знаниями и навыками оценки soft skills. Умеете вести переговоры... Разрабатывать и внедрять эффективные стратегии поиска для привлечения квалифицированных ИТ- специалистов по различным каналам. Ведение отчетности по процессу поиска и...,,0
322,IT-специалист,300000 - 300000 KZT,Алматы,Caspian Offshore Construction,21-07-2023,,"Обслуживание, настройка работоспособности офиса. Установка-настройка 1С Предприятие-Бухгалтерия. Настройка СОНО, КНП, ЭСФ, Банк-клиент, Телефония, локальная сеть и...",От 3 до 6 лет,Полная занятость,https://hh.ru/vacancy/83790168,IT Specialist,"IT-специалист.  Обслуживание, настройка работоспособности офиса. Установка-настройка 1С Предприятие-Бухгалтерия. Настройка СОНО, КНП, ЭСФ, Банк-клиент, Телефония, локальная сеть и...",1c,1
323,Ведущий IT специалист,,Алматы,Нурбанк,18-07-2023,"Всему сами научим, главное от вас желание работать. Требования: Базовое знание ПК. 1 ГОДА РАБОТЫ В БАНКОВСКОЙ СФЕРЕ, ЕСЛИ НЕТ...",Работать с pos-терминалами. Работать с банкоматами.,От 1 года до 3 лет,Полная занятость,https://hh.ru/vacancy/83609070,IT Specialist,"Ведущий IT специалист. Всему сами научим, главное от вас желание работать. Требования: Базовое знание ПК. 1 ГОДА РАБОТЫ В БАНКОВСКОЙ СФЕРЕ, ЕСЛИ НЕТ... Работать с pos-терминалами. Работать с банкоматами.",,0
324,Технический специалист IT отдела,,Алматы,Finenex,21-07-2023,Высшее или среднее образование в сфере IT. Знание и опыт работы с ПК. Знание языков казахского и русского языка.,Техническое сопровождение и обеспечение работоспособности ПО и оборудования. Поддержка и устранение технических проблем ПО и оборудования. Обучение клиентов и сопровождение...,От 1 года до 3 лет,Полная занятость,https://hh.ru/vacancy/83793180,IT Specialist,Технический специалист IT отдела. Высшее или среднее образование в сфере IT. Знание и опыт работы с ПК. Знание языков казахского и русского языка. Техническое сопровождение и обеспечение работоспособности ПО и оборудования. Поддержка и устранение технических проблем ПО и оборудования. Обучение клиентов и сопровождение...,,0
325,Специалист IT,,Атырау,Инфинити Орда,10-07-2023,Опыт работы с программой R-Keeper. Опыта работы на аналогичной должности от 3 лет. Опыта установки и настройки ОС Windows...,"Администрирование Windows серверов 2008 R2, 2012 R2, 2016-2019. Администрирование Next Cloud, Cloud Linux. Настройка Wi-Fi сети...",От 3 до 6 лет,Полная занятость,https://hh.ru/vacancy/83198849,IT Specialist,"Специалист IT. Опыт работы с программой R-Keeper. Опыта работы на аналогичной должности от 3 лет. Опыта установки и настройки ОС Windows... Администрирование Windows серверов 2008 R2, 2012 R2, 2016-2019. Администрирование Next Cloud, Cloud Linux. Настройка Wi-Fi сети...",linux,1
326,Специалист по IT и видеонаблюдению,200000 - 300000 KZT,Усть-Каменогорск,УК ТРК,09-07-2023,"Опыт работы с торговым оборудованием ТСД, сканера штрихкодов, фискальные регистраторы, весы с печатью этикеток, принтеры чеков. Навыки и опыт работы...","Монтаж и настройка оборудования (Видеонаблюдение, СКС, СКУД). Проектирование ЛВС. Обслуживание и ремонт систем видеонаблюдения, сетей электроснабжения (кабельные линии, слаботочных систем...",От 1 года до 3 лет,Полная занятость,https://hh.ru/vacancy/83184984,IT Specialist,"Специалист по IT и видеонаблюдению. Опыт работы с торговым оборудованием ТСД, сканера штрихкодов, фискальные регистраторы, весы с печатью этикеток, принтеры чеков. Навыки и опыт работы... Монтаж и настройка оборудования (Видеонаблюдение, СКС, СКУД). Проектирование ЛВС. Обслуживание и ремонт систем видеонаблюдения, сетей электроснабжения (кабельные линии, слаботочных систем...",,0
327,Специалист по IT,170000 KZT,Павлодар,Logitex,26-06-2023,"Высшее/ средне-специальное образование в сфере IT. Опыт работы в сфере IT от 1 года. Коммуникабельность, стрессоустойчивость, целеустремленность.","Проведение системно-технического обслуживания парка компьютеров. Настройка компьютерного и периферийного оборудования. Установка и настройка OC Windows. Монтаж, установка систем безопасности...",От 1 года до 3 лет,Полная занятость,https://hh.ru/vacancy/82380335,IT Specialist,"Специалист по IT. Высшее/ средне-специальное образование в сфере IT. Опыт работы в сфере IT от 1 года. Коммуникабельность, стрессоустойчивость, целеустремленность. Проведение системно-технического обслуживания парка компьютеров. Настройка компьютерного и периферийного оборудования. Установка и настройка OC Windows. Монтаж, установка систем безопасности...",,0
328,Специалист IT / Системотехник,,Астана,Учреждение Международная школа Spectrum,23-07-2023,Образование: Профильное образование в сфере IT. Опыт работы: не менее 1 года. Знание языков: владение казахским и английским языками (уровень...,Техническое сопровождение и обеспечение работоспособности it-инфраструктуры организации. Настройка компьютерного и периферийного оборудования. Установка и настройка OC Windows.,От 1 года до 3 лет,Полная занятость,https://hh.ru/vacancy/83559422,IT Specialist,Специалист IT / Системотехник. Образование: Профильное образование в сфере IT. Опыт работы: не менее 1 года. Знание языков: владение казахским и английским языками (уровень... Техническое сопровождение и обеспечение работоспособности it-инфраструктуры организации. Настройка компьютерного и периферийного оборудования. Установка и настройка OC Windows.,,0
329,Специалист по IT,150000 - 380000 KZT,Алматы,Ваш Домофон,25-06-2023,,"Настройка сетевого оборудования (Asus, Mikrotik,Ubiquiti). Обслуживание ПК, оргтехники. Обслуживание систем Видеонаблюдения и IP домофонии. Выполнение поставленных задач.",От 1 года до 3 лет,Полная занятость,https://hh.ru/vacancy/82368588,IT Specialist,"Специалист по IT.  Настройка сетевого оборудования (Asus, Mikrotik,Ubiquiti). Обслуживание ПК, оргтехники. Обслуживание систем Видеонаблюдения и IP домофонии. Выполнение поставленных задач.",,0
330,IT Project Manager,300000 - 500000 KZT,Алматы,NiDGE,21-07-2023,"Опыт работы с инструментами управления проектами (например, Trello, ClickUP). Навыки управления командой специалистов . Отличные коммуникативные навыки и способность эффективно работать...","Планирование и координация работы над проектами, отвечая за сроки, бюджет и качество выполнения. Организация работы команды специалистов , распределение задач и...",От 1 года до 3 лет,Полная занятость,https://hh.ru/vacancy/83802793,IT Specialist,"IT Project Manager. Опыт работы с инструментами управления проектами (например, Trello, ClickUP). Навыки управления командой специалистов . Отличные коммуникативные навыки и способность эффективно работать... Планирование и координация работы над проектами, отвечая за сроки, бюджет и качество выполнения. Организация работы команды специалистов , распределение задач и...",,0
331,Специалист по внедрению и поддержке систем IT,,Алматы,Alina Group,21-07-2023,Высшее образование (желательно: информационные технологии). Опыт работы в технической поддержке от 2 лет. Семейство» офисного программного обеспечения и операционных систем...,"Устанавливать, настраивать и поддерживать персональные компьютеры, периферийное оборудование и программное обеспечение рабочих мест сотрудников Товарищества, а также своевременно выявлять и...",От 3 до 6 лет,Полная занятость,https://hh.ru/vacancy/83799183,IT Specialist,"Специалист по внедрению и поддержке систем IT. Высшее образование (желательно: информационные технологии). Опыт работы в технической поддержке от 2 лет. Семейство» офисного программного обеспечения и операционных систем... Устанавливать, настраивать и поддерживать персональные компьютеры, периферийное оборудование и программное обеспечение рабочих мест сотрудников Товарищества, а также своевременно выявлять и...",,0
332,Специалист IT отдела в с. Аксукент,220000 KZT,Шымкент,Нурбанк,18-07-2023,Высшее техническое/математическое образование. Иное высшее при наличии опыта работы не менее 5 лет по специальности в области информационных технологий.,"Организация, координация и контроль эффективной работы отдела. Обеспечение сопровождения и мониторинга обмена данными в части коммуникаций для бесперебойной работы ИСУБД...",От 1 года до 3 лет,Полная занятость,https://hh.ru/vacancy/83597254,IT Specialist,"Специалист IT отдела в с. Аксукент. Высшее техническое/математическое образование. Иное высшее при наличии опыта работы не менее 5 лет по специальности в области информационных технологий. Организация, координация и контроль эффективной работы отдела. Обеспечение сопровождения и мониторинга обмена данными в части коммуникаций для бесперебойной работы ИСУБД...",,0
333,Специалист по IT/системный администратор,400000 - 480000 KZT,Караганда,ДЕДОВ,23-07-2023,"На должность IT- специалиста принимается лицо, имеющее высшее профессиональное (математическое, инженерно-математическое, техническое) образование и стаж работы по специальности в...","Работа с программой 1С.Предприятие: администрирование, сопровождение и внедрение программ, установка и обновление платформы, обновление не типовой конфигурации УПП, разработка новых...",От 1 года до 3 лет,Полная занятость,https://hh.ru/vacancy/83254660,IT Specialist,"Специалист по IT/системный администратор. На должность IT- специалиста принимается лицо, имеющее высшее профессиональное (математическое, инженерно-математическое, техническое) образование и стаж работы по специальности в... Работа с программой 1С.Предприятие: администрирование, сопровождение и внедрение программ, установка и обновление платформы, обновление не типовой конфигурации УПП, разработка новых...",1c,1
334,Intern / Specialist in Financial Audit IT Group,,Алматы,EY (Ernst & Young),21-07-2023,Higher technical education (IT). Good English (verbal/writing). Good knowledge of MS Office. Advanced user of Excel. Presentation skills.,Participation in the audit of information systems in the framework of financial audit.,Нет опыта,Стажировка,https://hh.ru/vacancy/83802455,IT Specialist,Intern / Specialist in Financial Audit IT Group. Higher technical education (IT). Good English (verbal/writing). Good knowledge of MS Office. Advanced user of Excel. Presentation skills. Participation in the audit of information systems in the framework of financial audit.,"excel, microsoft office",2
335,IT рекрутер,,Астана,TargetAI Limited,13-07-2023,"Что точно нужно уметь и понимать, чтобы мы договорились: Хорошо говорить и уметь убеждать (например, опыт в ИТ подборе, продажах...","Основное: помогать мне с поиском и отбором кандидатов на сложные вакансии (Технические, тим и техлиды, редкие специалисты по ИТ направлениям...",От 1 года до 3 лет,Полная занятость,https://hh.ru/vacancy/83391249,IT Specialist,"IT рекрутер. Что точно нужно уметь и понимать, чтобы мы договорились: Хорошо говорить и уметь убеждать (например, опыт в ИТ подборе, продажах... Основное: помогать мне с поиском и отбором кандидатов на сложные вакансии (Технические, тим и техлиды, редкие специалисты по ИТ направлениям...",,0
336,Специалист по IT,150000 KZT,Петропавловск,Барс - NORD,05-07-2023,Образование средне-спец. высшее. * Опыт работы желателен (при отсутствии опыта работы - образование обязательно). * Знание программного обеспечения.,"Обеспечение бесперебойной и корректной работы сетевого оборудования вычислительной техники, оргтехники. Оперативное выполнение всех связанных с этим технических задач.",Нет опыта,Полная занятость,https://hh.ru/vacancy/83022495,IT Specialist,"Специалист по IT. Образование средне-спец. высшее. * Опыт работы желателен (при отсутствии опыта работы - образование обязательно). * Знание программного обеспечения. Обеспечение бесперебойной и корректной работы сетевого оборудования вычислительной техники, оргтехники. Оперативное выполнение всех связанных с этим технических задач.",,0
337,Технический специалист (IT),200000 - 300000 KZT,Алматы,Sulpak,13-07-2023,Образование или опыт работы в сфере IT. Желание работать с людьми. Желание учиться новому.,"Установка программного обеспечения. Кассовые операции. Настройка цифровой техники. Оформление доставки и установки товара. Оформление возврата, обмена товара. Выдача интернет-заказов.",От 1 года до 3 лет,Полная занятость,https://hh.ru/vacancy/81937021,IT Specialist,"Технический специалист (IT). Образование или опыт работы в сфере IT. Желание работать с людьми. Желание учиться новому. Установка программного обеспечения. Кассовые операции. Настройка цифровой техники. Оформление доставки и установки товара. Оформление возврата, обмена товара. Выдача интернет-заказов.",,0
338,Специалист по IT,,Алматы,Qamalladin Media,24-07-2023,"1) Установка и администрирование операционных систем: Знание и опыт в установке, настройке и обслуживании различных операционных систем, таких как Windows...","3) Знание о настройке и обслуживании серверов, включая установку операционных систем, настройку служб и ролей сервера, управление хранилищем данных и...",От 1 года до 3 лет,Полная занятость,https://hh.ru/vacancy/83912125,IT Specialist,"Специалист по IT. 1) Установка и администрирование операционных систем: Знание и опыт в установке, настройке и обслуживании различных операционных систем, таких как Windows... 3) Знание о настройке и обслуживании серверов, включая установку операционных систем, настройку служб и ролей сервера, управление хранилищем данных и...",,0
339,Product manager медицинских IT проектов,,Астана,iDala,26-06-2023,"В своей работе мы стараемся использовать самые инновационные средства, подходы и методики, постоянно развиваемся, быстро принимаем решения и никогда не...","Постоянно взаимодействует с командой, ставит задачи, решает текущие проблемы, поддерживает мотивацию, привлекает аутсорс- специалистов при загрузке основной команды.",От 1 года до 3 лет,Полная занятость,https://hh.ru/vacancy/82384126,IT Specialist,"Product manager медицинских IT проектов. В своей работе мы стараемся использовать самые инновационные средства, подходы и методики, постоянно развиваемся, быстро принимаем решения и никогда не... Постоянно взаимодействует с командой, ставит задачи, решает текущие проблемы, поддерживает мотивацию, привлекает аутсорс- специалистов при загрузке основной команды.",,0
340,IT-специалист,200000 - 250000 KZT,Алматы,Юридическое агентство Правозащита,24-07-2023,"1. Отличное знание операционных систем и программных продуктов Microsoft, пакета Office, базовые знания по семейству протоколов TCP/IP. 3.","1. Установка, настройка и администрирование операционных систем и сетевого программного обеспечения, рабочих станций, антивирусного программного обеспечения. 2. Администрирование информационных систем...",От 1 года до 3 лет,Полная занятость,https://hh.ru/vacancy/83909362,IT Specialist,"IT-специалист. 1. Отличное знание операционных систем и программных продуктов Microsoft, пакета Office, базовые знания по семейству протоколов TCP/IP. 3. 1. Установка, настройка и администрирование операционных систем и сетевого программного обеспечения, рабочих станций, антивирусного программного обеспечения. 2. Администрирование информационных систем...",tcp/ip,1
341,Менеджер по продажам IT услуг,,Алматы,Первый БИТ,04-07-2023,"Опыт работы в продажах. Нацеленность на профессиональное развитие, результат и высокий доход. Умение выстраивать коммуникацию и быстро обучаться.","...предложения, акции, мероприятия). Встречи и демонстрации по необходимости. Организация выездных работ IT- специалистов по запросу клиента. Полное документальное сопровождение сделки.",От 1 года до 3 лет,Полная занятость,https://hh.ru/vacancy/81709418,IT Specialist,"Менеджер по продажам IT услуг. Опыт работы в продажах. Нацеленность на профессиональное развитие, результат и высокий доход. Умение выстраивать коммуникацию и быстро обучаться. ...предложения, акции, мероприятия). Встречи и демонстрации по необходимости. Организация выездных работ IT- специалистов по запросу клиента. Полное документальное сопровождение сделки.",,0
342,Технический специалист (IT),180000 - 250000 KZT,Экибастуз,Sulpak,21-07-2023,Образование или опыт работы в сфере IT. Желание работать с людьми. Желание учиться новому.,"Установка программного обеспечения. Кассовые операции. Настройка цифровой техники. Оформление доставки и установки товара. Оформление возврата, обмена товара. Выдача интернет-заказов.",От 1 года до 3 лет,Полная занятость,https://hh.ru/vacancy/83804332,IT Specialist,"Технический специалист (IT). Образование или опыт работы в сфере IT. Желание работать с людьми. Желание учиться новому. Установка программного обеспечения. Кассовые операции. Настройка цифровой техники. Оформление доставки и установки товара. Оформление возврата, обмена товара. Выдача интернет-заказов.",,0
343,IT рекрутер,,Алматы,One technologies,23-07-2023,Опыт проведения собеседований на различные вакансии (от специалистов до менеджеров высшего звена) желательно с применением интервью по компетенциям.,Подбор персонала на позиции разного уровня(business/IT). Эффективное взаимодействие с интервьюерами. Сопровождение кандидатов на всех этапах подбора.,От 1 года до 3 лет,Полная занятость,https://hh.ru/vacancy/83554357,IT Specialist,IT рекрутер. Опыт проведения собеседований на различные вакансии (от специалистов до менеджеров высшего звена) желательно с применением интервью по компетенциям. Подбор персонала на позиции разного уровня(business/IT). Эффективное взаимодействие с интервьюерами. Сопровождение кандидатов на всех этапах подбора.,,0
344,Специалист по IT,220000 - 220000 KZT,Астана,Astek-auto,11-07-2023,Опыт работы на аналогичной должности не менее 1 года. Приветствуется опыт работы с системами видеонаблюдения. Профильное образование в сфере IT...,"Осуществлять бесперебойную техническую и программную поддержку сотрудников. Обеспечивать работу оборудования (компьютеры, принтеры, сетевые устройства). Осуществлять установку и настройку программного обеспечения.",От 1 года до 3 лет,Полная занятость,https://hh.ru/vacancy/83258848,IT Specialist,"Специалист по IT. Опыт работы на аналогичной должности не менее 1 года. Приветствуется опыт работы с системами видеонаблюдения. Профильное образование в сфере IT... Осуществлять бесперебойную техническую и программную поддержку сотрудников. Обеспечивать работу оборудования (компьютеры, принтеры, сетевые устройства). Осуществлять установку и настройку программного обеспечения.",,0
345,Специалист по IT,,Усть-Каменогорск,Аграрная кредитная корпорация,11-07-2023,"Высшее или среднее специальное образование по заявленной специальности. В профессиональной сфере или в областях, соответствующих функциональным направлениям должности – стаж работы...",Создание программного обеспечения для решения поставленных задач. Разработку операционных систем и оболочек для баз данных. Техническую поддержку и сопровождение ПО...,От 1 года до 3 лет,Полная занятость,https://hh.ru/vacancy/83289454,IT Specialist,"Специалист по IT. Высшее или среднее специальное образование по заявленной специальности. В профессиональной сфере или в областях, соответствующих функциональным направлениям должности – стаж работы... Создание программного обеспечения для решения поставленных задач. Разработку операционных систем и оболочек для баз данных. Техническую поддержку и сопровождение ПО...",,0
346,Специалист по продажам в категории IT Департамента Коммерции,,Алматы,TECHNODOM Operator (Технодом Оператор),21-07-2023,"Высшее образование. Опытный пользователь ПК, Excel, Power Point. Аналитические способности: анализ продаж, рынка, трендов, прогнозирование. Коммуникабельность, адаптивность, стрессоустойчивость, обучаемость.","Качественное распределение товаров курируемых категорий по магазинам с учетом продаж, логистики, частоты поставок. Умение планировать объемы для оптимальной транспортировки.",От 1 года до 3 лет,Полная занятость,https://hh.ru/vacancy/83800803,IT Specialist,"Специалист по продажам в категории IT Департамента Коммерции. Высшее образование. Опытный пользователь ПК, Excel, Power Point. Аналитические способности: анализ продаж, рынка, трендов, прогнозирование. Коммуникабельность, адаптивность, стрессоустойчивость, обучаемость. Качественное распределение товаров курируемых категорий по магазинам с учетом продаж, логистики, частоты поставок. Умение планировать объемы для оптимальной транспортировки.",excel,1
347,IT рекрутер,,Алматы,Ventra,05-07-2023,"Высшее образование. Опыт в сфере ИТ подбора от 2х лет. Знание английского языка. Рассмотрим кандидатов, которые находятся сейчас за...","Поиск специалистов в ИТ-сфере (позиции от стажеров до том-менеджмента) за рубежом. Анализ рынка, определение стратегии поиска (применение различных...",От 1 года до 3 лет,Полная занятость,https://hh.ru/vacancy/83019517,IT Specialist,"IT рекрутер. Высшее образование. Опыт в сфере ИТ подбора от 2х лет. Знание английского языка. Рассмотрим кандидатов, которые находятся сейчас за... Поиск специалистов в ИТ-сфере (позиции от стажеров до том-менеджмента) за рубежом. Анализ рынка, определение стратегии поиска (применение различных...",,0
348,"Специалист IT по раскрутке строительного магазина, ведению и продвижению сайта",200000 - 200000 KZT,Астана,Damustroi,03-07-2023,Знания 1С бухгалтерий.,"Ведение и продвижения сайта строительного магазина,Ведение площадки сату,Каспий магазина,Инстаграм акаунта,привлечение новых клиентов.",От 1 года до 3 лет,Полная занятость,https://hh.ru/vacancy/82890187,IT Specialist,"Специалист IT по раскрутке строительного магазина, ведению и продвижению сайта. Знания 1С бухгалтерий. Ведение и продвижения сайта строительного магазина,Ведение площадки сату,Каспий магазина,Инстаграм акаунта,привлечение новых клиентов.",1c,1
349,Технический специалист (IT),230000 - 330000 KZT,Астана,Sulpak,29-06-2023,Образование или опыт работы в сфере IT. Желание работать с людьми. Желание учиться новому.,"Установка программного обеспечения. Кассовые операции. Настройка цифровой техники. Оформление доставки и установки товара. Оформление возврата, обмена товара. Выдача интернет-заказов.",От 1 года до 3 лет,Полная занятость,https://hh.ru/vacancy/82723186,IT Specialist,"Технический специалист (IT). Образование или опыт работы в сфере IT. Желание работать с людьми. Желание учиться новому. Установка программного обеспечения. Кассовые операции. Настройка цифровой техники. Оформление доставки и установки товара. Оформление возврата, обмена товара. Выдача интернет-заказов.",,0
350,Специалист по IT,150000 - 300000 KZT,Павлодар,Ваш Домофон,24-07-2023,,"Настройка сетевого оборудования (Asus, Mikrotik,Ubiquiti). Обслуживание ПК, оргтехники. Обслуживание систем Видеонаблюдения и IP домофонии. Выполнение поставленных задач.",От 1 года до 3 лет,Полная занятость,https://hh.ru/vacancy/82497988,IT Specialist,"Специалист по IT.  Настройка сетевого оборудования (Asus, Mikrotik,Ubiquiti). Обслуживание ПК, оргтехники. Обслуживание систем Видеонаблюдения и IP домофонии. Выполнение поставленных задач.",,0
351,Менеджер программ и коммерциализации в образовательном IT проекте,,Астана,Корпоративный фонд Международный технопарк IT-стартапов «Astana Hub»,24-07-2023,"Человека с базовыми навыками дизайна и отличными презентационными навыками. Исполнителя, знающего методологию Agile и Scrum. Многоязычного специалиста (казахский, русский, английский).",Организация и сопровождение образовательных программ. Продажа образовательных программ через каналы B2B/B2C. Мониторинг текущих процессов и...,От 3 до 6 лет,Полная занятость,https://hh.ru/vacancy/83910951,IT Specialist,"Менеджер программ и коммерциализации в образовательном IT проекте. Человека с базовыми навыками дизайна и отличными презентационными навыками. Исполнителя, знающего методологию Agile и Scrum. Многоязычного специалиста (казахский, русский, английский). Организация и сопровождение образовательных программ. Продажа образовательных программ через каналы B2B/B2C. Мониторинг текущих процессов и...","agile, scrum",2
352,Специалист по IT,100000 - 200000 KZT,Атырау,М-Системс групп,12-07-2023,Знание компьютерного железа. Знание 1С. Знание серверов. Мини АТС.,"Ремонт компьютеров. Восстановление систем. Прокладка,монтаж СКС.",От 1 года до 3 лет,Полная занятость,https://hh.ru/vacancy/83334474,IT Specialist,"Специалист по IT. Знание компьютерного железа. Знание 1С. Знание серверов. Мини АТС. Ремонт компьютеров. Восстановление систем. Прокладка,монтаж СКС.",1c,1
353,Технический специалист (IT),200000 - 300000 KZT,Костанай,Sulpak,11-07-2023,Образование или опыт работы в сфере IT. Желание работать с людьми. Желание учиться новому.,"Установка программного обеспечения. Кассовые операции. Настройка цифровой техники. Оформление доставки и установки товара. Оформление возврата, обмена товара. Выдача интернет-заказов.",От 1 года до 3 лет,Полная занятость,https://hh.ru/vacancy/83271900,IT Specialist,"Технический специалист (IT). Образование или опыт работы в сфере IT. Желание работать с людьми. Желание учиться новому. Установка программного обеспечения. Кассовые операции. Настройка цифровой техники. Оформление доставки и установки товара. Оформление возврата, обмена товара. Выдача интернет-заказов.",,0
354,Специалист IT,,Уральск,Инфинити Орда,10-07-2023,Опыт работы с программой R-Keeper. Опыта работы на аналогичной должности от 3 лет. Опыта установки и настройки ОС Windows...,"Администрирование Windows серверов 2008 R2, 2012 R2, 2016-2019. Администрирование Next Cloud, Cloud Linux. Настройка Wi-Fi сети...",От 3 до 6 лет,Полная занятость,https://hh.ru/vacancy/83198850,IT Specialist,"Специалист IT. Опыт работы с программой R-Keeper. Опыта работы на аналогичной должности от 3 лет. Опыта установки и настройки ОС Windows... Администрирование Windows серверов 2008 R2, 2012 R2, 2016-2019. Администрирование Next Cloud, Cloud Linux. Настройка Wi-Fi сети...",linux,1
355,Специалист по IT,,Шымкент,T.A.S.-Медиа,01-07-2023,"Специальное образование, опыт работы в IT сфере. Навыки работы с серверным оборудованием, локальными сетями. Знание аппаратной части персональных компьютеров, умение...","Настройка сетевого оборудования. Монтажные работы (проведение проводки, телефонной связи и т.п). Обслуживание ПК, оргтехники. Обслуживание систем Видеонаблюдения.",От 3 до 6 лет,Полная занятость,https://hh.ru/vacancy/82865336,IT Specialist,"Специалист по IT. Специальное образование, опыт работы в IT сфере. Навыки работы с серверным оборудованием, локальными сетями. Знание аппаратной части персональных компьютеров, умение... Настройка сетевого оборудования. Монтажные работы (проведение проводки, телефонной связи и т.п). Обслуживание ПК, оргтехники. Обслуживание систем Видеонаблюдения.",,0
356,Специалист IT отдела,120000 KZT,Туркестан,Азия Сервис-Шымкент,04-07-2023,"Должен знать: Принципы работы OS Microsoft Windows. Технико-эксплуатационные характеристики, конструктивные особенности назначение и режимы работы оборудования, правила его технической...",Техническая поддержка пользователей. Обслуживание персональных компьютеров. Подключение и настройка периферийного оборудования. Заправка картриджей. Видеонаблюдение. Пожарно-охранная сигнализация. Принципы работы и...,От 1 года до 3 лет,Полная занятость,https://hh.ru/vacancy/82945823,IT Specialist,"Специалист IT отдела. Должен знать: Принципы работы OS Microsoft Windows. Технико-эксплуатационные характеристики, конструктивные особенности назначение и режимы работы оборудования, правила его технической... Техническая поддержка пользователей. Обслуживание персональных компьютеров. Подключение и настройка периферийного оборудования. Заправка картриджей. Видеонаблюдение. Пожарно-охранная сигнализация. Принципы работы и...",technical support,1
357,IT-специалист,200000 - 200000 KZT,Актау,Алтын Алма,12-07-2023,"Свободная установка ПО. Знание и возможности настройки ПО бухгалтерской и налоговой отчётности. Знание сетевых коммуникаций. Знание программ Windows, Office, налоговые...","Обеспечивать и поддерживать работоспособность сетевых коммуникаций, компьютерной и орг. техники, программное обеспечение Налоговой отчётности.",От 1 года до 3 лет,Полная занятость,https://hh.ru/vacancy/82096139,IT Specialist,"IT-специалист. Свободная установка ПО. Знание и возможности настройки ПО бухгалтерской и налоговой отчётности. Знание сетевых коммуникаций. Знание программ Windows, Office, налоговые... Обеспечивать и поддерживать работоспособность сетевых коммуникаций, компьютерной и орг. техники, программное обеспечение Налоговой отчётности.",,0
358,Специалист по IT,150000 - 170000 KZT,Шымкент,CG Food Central Asia,10-07-2023,Опыт работы не менее 3-х лет в должности IT- специалиста . Основы администрирования серверов 1С. Знание следующих видов оборудования...,Поддержание внутренней и внешней сети офиса организации в рабочем состоянии. Установка и настройка серверного оборудования. Администрирование программы «1 С Бухгалтерия...,От 3 до 6 лет,Полная занятость,https://hh.ru/vacancy/83198814,IT Specialist,Специалист по IT. Опыт работы не менее 3-х лет в должности IT- специалиста . Основы администрирования серверов 1С. Знание следующих видов оборудования... Поддержание внутренней и внешней сети офиса организации в рабочем состоянии. Установка и настройка серверного оборудования. Администрирование программы «1 С Бухгалтерия...,1c,1
359,Специалист по IT,,Караганда,ALS Казгеохимия,23-07-2023,Опыт работы в сфере IT технологий не менее 3 лет. Высшее профессиональное или среднее техническое образование (информационные системы в бизнесе...,Контроль и установку программного обеспечения (software control & distribution). Управление заявками пользователей на обслуживание (incident management). Управление изменениями (change management): управление...,От 3 до 6 лет,Полная занятость,https://hh.ru/vacancy/83284843,IT Specialist,Специалист по IT. Опыт работы в сфере IT технологий не менее 3 лет. Высшее профессиональное или среднее техническое образование (информационные системы в бизнесе... Контроль и установку программного обеспечения (software control & distribution). Управление заявками пользователей на обслуживание (incident management). Управление изменениями (change management): управление...,,0
360,Технический специалист (IT),200000 - 300000 KZT,Алматы,Sulpak,29-06-2023,Образование или опыт работы в сфере IT. Желание работать с людьми. Желание учиться новому.,"Установка программного обеспечения. Кассовые операции. Настройка цифровой техники. Оформление доставки и установки товара. Оформление возврата, обмена товара. Выдача интернет-заказов.",От 1 года до 3 лет,Полная занятость,https://hh.ru/vacancy/82738893,IT Specialist,"Технический специалист (IT). Образование или опыт работы в сфере IT. Желание работать с людьми. Желание учиться новому. Установка программного обеспечения. Кассовые операции. Настройка цифровой техники. Оформление доставки и установки товара. Оформление возврата, обмена товара. Выдача интернет-заказов.",,0
361,Automation Specialist (IT Specialist),,Хромтау,Восход-Oriel,14-07-2023,"Bachelor’s degree in Electrical/Electronics Engineering, Computer Engineering or related fields. Minimum 2 years of work experience in low...","Managing the wiring, installation, testing and commissioning processes of electronic systems. Creating the calendars of the projects under his/her...",От 1 года до 3 лет,Полная занятость,https://hh.ru/vacancy/83441313,IT Specialist,"Automation Specialist (IT Specialist). Bachelor’s degree in Electrical/Electronics Engineering, Computer Engineering or related fields. Minimum 2 years of work experience in low... Managing the wiring, installation, testing and commissioning processes of electronic systems. Creating the calendars of the projects under his/her...",,0
362,Технический специалист (IT),180000 - 250000 KZT,Семей,Sulpak,17-07-2023,Образование или опыт работы в сфере IT. Желание работать с людьми. Желание учиться новому.,"Установка программного обеспечения. Кассовые операции. Настройка цифровой техники. Оформление доставки и установки товара. Оформление возврата, обмена товара. Выдача интернет-заказов.",От 1 года до 3 лет,Полная занятость,https://hh.ru/vacancy/83558170,IT Specialist,"Технический специалист (IT). Образование или опыт работы в сфере IT. Желание работать с людьми. Желание учиться новому. Установка программного обеспечения. Кассовые операции. Настройка цифровой техники. Оформление доставки и установки товара. Оформление возврата, обмена товара. Выдача интернет-заказов.",,0
363,Старший инженер IT,,Алматы,Школа-Гимназия ZERDE,23-07-2023,,При организации работ по обеспечению Компании телефонной и другой электронной связью Специалист обязан: - Оказание технической помощи и консультации филиалам Компании...,От 3 до 6 лет,Полная занятость,https://hh.ru/vacancy/83750831,IT Specialist,Старший инженер IT.  При организации работ по обеспечению Компании телефонной и другой электронной связью Специалист обязан: - Оказание технической помощи и консультации филиалам Компании...,,0
364,IT Helpdesk specialist,,Астана,"Deloitte, Caspian Region",13-07-2023,Higher technical education. Good knowledge of computer hardware and software. Practical knowledge of installation and maintenance of computers.,Provide 1st level support to internal clients. Install and configure computers and other equipment. Develop end-user documentation.,От 1 года до 3 лет,Полная занятость,https://hh.ru/vacancy/79318636,IT Specialist,IT Helpdesk specialist. Higher technical education. Good knowledge of computer hardware and software. Practical knowledge of installation and maintenance of computers. Provide 1st level support to internal clients. Install and configure computers and other equipment. Develop end-user documentation.,,0
365,IT Support Specialist,,Астана,"Haileybury Astana School, НАО",23-07-2023,"Knowledge of personal computer systems, network systems, operating systems, data communications, software applications. Ability to conduct research, analyze, and track...","Serves as school resource for installing, maintaining, upgrading and troubleshooting standard application software and computer hardware for faculty, students and...",От 1 года до 3 лет,Полная занятость,https://hh.ru/vacancy/83729512,IT Specialist,"IT Support Specialist. Knowledge of personal computer systems, network systems, operating systems, data communications, software applications. Ability to conduct research, analyze, and track... Serves as school resource for installing, maintaining, upgrading and troubleshooting standard application software and computer hardware for faculty, students and...",,0
366,Технический специалист (IT),230000 - 330000 KZT,Астана,Sulpak,27-06-2023,Образование или опыт работы в сфере IT. Желание работать с людьми. Желание учиться новому.,"Установка программного обеспечения. Кассовые операции. Настройка цифровой техники. Оформление доставки и установки товара. Оформление возврата, обмена товара. Выдача интернет-заказов.",От 1 года до 3 лет,Полная занятость,https://hh.ru/vacancy/82497599,IT Specialist,"Технический специалист (IT). Образование или опыт работы в сфере IT. Желание работать с людьми. Желание учиться новому. Установка программного обеспечения. Кассовые операции. Настройка цифровой техники. Оформление доставки и установки товара. Оформление возврата, обмена товара. Выдача интернет-заказов.",,0
367,Специалист по IT,180000 KZT,Актау,Каспий Авто Парк,11-07-2023,"Разрешает или ограничивает доступ к информации, определяет порядок и условия такого доступа.","Обеспечивает достоверность, защиту информации и своевременность ее предоставления. Осуществляет установку, настройку, техническое сопровождение и обслуживание оборудования и программного обеспечения организации.",От 3 до 6 лет,Полная занятость,https://hh.ru/vacancy/83253680,IT Specialist,"Специалист по IT. Разрешает или ограничивает доступ к информации, определяет порядок и условия такого доступа. Обеспечивает достоверность, защиту информации и своевременность ее предоставления. Осуществляет установку, настройку, техническое сопровождение и обслуживание оборудования и программного обеспечения организации.",,0
368,IT-product manager,800000 KZT,Алматы,Галерея Новостроек,23-07-2023,"Вы будете ответственны за: Вам предстоит проводить исследования рынка и валидацию, а Ваша экспертность и знание техник валидации продукта помогут...",Разработку продуктовой стратегии. Разработку финансовых моделей для продукта. Создание дорожных карт. Определение целей продукта и направления его развития.,Более 6 лет,Полная занятость,https://hh.ru/vacancy/83727275,IT Specialist,"IT-product manager. Вы будете ответственны за: Вам предстоит проводить исследования рынка и валидацию, а Ваша экспертность и знание техник валидации продукта помогут... Разработку продуктовой стратегии. Разработку финансовых моделей для продукта. Создание дорожных карт. Определение целей продукта и направления его развития.",,0
369,Специалист по IT,,Алматы,"АстраЗенека ЮК Лимитед Казахстан, Представительство Компании",14-07-2023,"В случае необходимости выполнять прочие служебные задания, поручаемые руководством, в рамках своих профессиональных навыков, знаний и компетенций. Требования: Высшее техническое...","ИТ специалист обязан осуществлять ИТ поддержку сотрудников Общества: Осуществлять эффективную поддержку ИТ сервисов (Сервис печати, Сервис доступа в интернет и...",От 3 до 6 лет,Полная занятость,https://hh.ru/vacancy/83439862,IT Specialist,"Специалист по IT. В случае необходимости выполнять прочие служебные задания, поручаемые руководством, в рамках своих профессиональных навыков, знаний и компетенций. Требования: Высшее техническое... ИТ специалист обязан осуществлять ИТ поддержку сотрудников Общества: Осуществлять эффективную поддержку ИТ сервисов (Сервис печати, Сервис доступа в интернет и...",,0
370,Менеджер по развитию клиентов (IT продукт),,Астана,DSSL,12-07-2023,Опыт работы в В2В продажах от года. Высшее образование (предпочтительно техническое). Опыт продаж решений в сфере ИТ или...,Телефону и при личных встречах с привлечением технических специалистов . При необходимости. Реализация мероприятий по поддержанию и увеличению количества.,От 1 года до 3 лет,Полная занятость,https://hh.ru/vacancy/83357637,IT Specialist,Менеджер по развитию клиентов (IT продукт). Опыт работы в В2В продажах от года. Высшее образование (предпочтительно техническое). Опыт продаж решений в сфере ИТ или... Телефону и при личных встречах с привлечением технических специалистов . При необходимости. Реализация мероприятий по поддержанию и увеличению количества.,,0
371,Специалист по IT,230000 - 230000 KZT,Костанай,АО «Bank Freedom Finance Kazakhstan»,29-06-2023,"Высшее техническое образование. Опыт работы в банковской системе не менее 2-х лет. Знание администрирования Windows ( Active Directory, DNS, DHCP...","Обслуживание банковских сетей и программного обеспечения. Настройка, установка Windows, банковских продуктов, пос терминалов, банкоматов. - Осуществление технической и программной поддержки пользователей. -",От 1 года до 3 лет,Полная занятость,https://hh.ru/vacancy/82773496,IT Specialist,"Специалист по IT. Высшее техническое образование. Опыт работы в банковской системе не менее 2-х лет. Знание администрирования Windows ( Active Directory, DNS, DHCP... Обслуживание банковских сетей и программного обеспечения. Настройка, установка Windows, банковских продуктов, пос терминалов, банкоматов. - Осуществление технической и программной поддержки пользователей. -","active directory, dhcp, dns",3
372,Специалист IT отдела,80000 - 250000 KZT,Уральск,Кипер.KZ,24-07-2023,Обладает базовыми знаниями в IT. Свободное владение русским и казахскими языками. Любит работать с техникой. Обладает грамотной речью.,"Осуществлять выездные работы к заказчику по вопросам ПО, так и по аппартной части. Оказание удаленной помощи клиентам тех.поддержки.",От 1 года до 3 лет,Полная занятость,https://hh.ru/vacancy/83602623,IT Specialist,"Специалист IT отдела. Обладает базовыми знаниями в IT. Свободное владение русским и казахскими языками. Любит работать с техникой. Обладает грамотной речью. Осуществлять выездные работы к заказчику по вопросам ПО, так и по аппартной части. Оказание удаленной помощи клиентам тех.поддержки.",,0
373,Менеджер по развитию клиентов (IT продукт),,Усть-Каменогорск,DSSL,12-07-2023,Опыт работы в В2В продажах от года. Высшее образование (предпочтительно техническое). Опыт продаж решений в сфере ИТ или...,Телефону и при личных встречах с привлечением технических специалистов . При необходимости. Реализация мероприятий по поддержанию и увеличению количества.,От 1 года до 3 лет,Полная занятость,https://hh.ru/vacancy/83357638,IT Specialist,Менеджер по развитию клиентов (IT продукт). Опыт работы в В2В продажах от года. Высшее образование (предпочтительно техническое). Опыт продаж решений в сфере ИТ или... Телефону и при личных встречах с привлечением технических специалистов . При необходимости. Реализация мероприятий по поддержанию и увеличению количества.,,0
374,Системо-техник / IT-специалист,85000 KZT,Астана,Strong tea,22-07-2023,"Базовые знания компьютерной техники и устройства сетей. Внимательность к деталям. Ответственность, пунктуальность, добропорядочность.",Обслуживание и учет компьютерной техники и сетевого оборудования.,От 1 года до 3 лет,Частичная занятость,https://hh.ru/vacancy/83374910,IT Specialist,"Системо-техник / IT-специалист. Базовые знания компьютерной техники и устройства сетей. Внимательность к деталям. Ответственность, пунктуальность, добропорядочность. Обслуживание и учет компьютерной техники и сетевого оборудования.",,0
375,IT аналитик (банковское ПО),,Алматы,ЦФТ-Азия,27-06-2023,"Высшее (техническое, экономическое) образование. Опыт работы от 1 года в качестве бизнес- или системного аналитика с ПО в сфере финансов...","Анализ бизнес-требований кредитных организаций, проектирование решений, составление ТЗ для разработчика. Анализ изменений в нормативных актах, спецификация требований, передача разработчику...",От 1 года до 3 лет,Полная занятость,https://hh.ru/vacancy/82527913,IT Specialist,"IT аналитик (банковское ПО). Высшее (техническое, экономическое) образование. Опыт работы от 1 года в качестве бизнес- или системного аналитика с ПО в сфере финансов... Анализ бизнес-требований кредитных организаций, проектирование решений, составление ТЗ для разработчика. Анализ изменений в нормативных актах, спецификация требований, передача разработчику...",,0
376,Специалист IT отдела,,Алматы,Sary-Arka Copper Processing,23-07-2023,Высшее/средне-профессиональное образование (техническое направление). Опыт работы системным/сетевым администратором от 1 года. Знание пакета приложений MS Office на...,"Техническая и консультационная поддержка рабочих мест пользователей (настройка и сопровождение ПО, телефонии, новых рабочих мест, оргтехники и периферийных устройств).",От 1 года до 3 лет,Полная занятость,https://hh.ru/vacancy/83726290,IT Specialist,"Специалист IT отдела. Высшее/средне-профессиональное образование (техническое направление). Опыт работы системным/сетевым администратором от 1 года. Знание пакета приложений MS Office на... Техническая и консультационная поддержка рабочих мест пользователей (настройка и сопровождение ПО, телефонии, новых рабочих мест, оргтехники и периферийных устройств).",microsoft office,1
377,Менеджер по работе с клиентами It сфера,150000 KZT,Алматы,Первый БИТ,21-07-2023,Имеешь опыт в продажах (будет являться преимуществом) или хочешь в продажи без опыта (мы научим). Живой интерес к сфере продаж...,"Телефонные переговоры, проведение встреч, составление коммерческих предложений, Согласование плана действия по клиентам с техническими специалистами ; заключение договоров. Выполнение ежемесячного плана...",Нет опыта,Полная занятость,https://hh.ru/vacancy/83394785,IT Specialist,"Менеджер по работе с клиентами It сфера. Имеешь опыт в продажах (будет являться преимуществом) или хочешь в продажи без опыта (мы научим). Живой интерес к сфере продаж... Телефонные переговоры, проведение встреч, составление коммерческих предложений, Согласование плана действия по клиентам с техническими специалистами ; заключение договоров. Выполнение ежемесячного плана...",,0
378,Специалист по IT,210000 KZT,Алматы,СТАТУС construction,23-07-2023,Опыт установки и обслуживания компьютерных систем и оргтехники. Опыт настройки программного обеспечения. Высокая ответственность и работоспособность.,"Администрирование сетевого оборудования. Техническая поддержка пользователей. Мониторинг работы серверов,поддержка бесперебойной работы офисной техники.",От 1 года до 3 лет,Полная занятость,https://hh.ru/vacancy/83037368,IT Specialist,"Специалист по IT. Опыт установки и обслуживания компьютерных систем и оргтехники. Опыт настройки программного обеспечения. Высокая ответственность и работоспособность. Администрирование сетевого оборудования. Техническая поддержка пользователей. Мониторинг работы серверов,поддержка бесперебойной работы офисной техники.",technical support,1
379,Ведущий менеджер по продажам (IT сфера),,Алматы,Первый БИТ,24-07-2023,"Опыт работы в продажах. Нацеленность на профессиональное развитие, результат и высокий доход. Умение выстраивать коммуникацию и быстро обучаться.","...предложения, акции, мероприятия). Встречи и демонстрации по необходимости. Организация выездных работ IT- специалистов по запросу клиента. Полное документальное сопровождение сделки.",От 1 года до 3 лет,Полная занятость,https://hh.ru/vacancy/83925501,IT Specialist,"Ведущий менеджер по продажам (IT сфера). Опыт работы в продажах. Нацеленность на профессиональное развитие, результат и высокий доход. Умение выстраивать коммуникацию и быстро обучаться. ...предложения, акции, мероприятия). Встречи и демонстрации по необходимости. Организация выездных работ IT- специалистов по запросу клиента. Полное документальное сопровождение сделки.",,0
380,Специалист по IT,150000 - 270000 KZT,Шымкент,Ваш Домофон,22-07-2023,,"Настройка сетевого оборудования (Asus, Mikrotik,Ubiquiti). Обслуживание ПК, оргтехники. Обслуживание систем Видеонаблюдения и IP домофонии. Выполнение поставленных задач.",От 1 года до 3 лет,Полная занятость,https://hh.ru/vacancy/78937556,IT Specialist,"Специалист по IT.  Настройка сетевого оборудования (Asus, Mikrotik,Ubiquiti). Обслуживание ПК, оргтехники. Обслуживание систем Видеонаблюдения и IP домофонии. Выполнение поставленных задач.",,0
381,Специалист по IT,250000 - 300000 KZT,Алматы,Бизнес парк Станица,03-07-2023,"2. Знание Linux (Ubuntu, CentOS, Debian), требуемый минимум: Установка пакетов из репозитория. Знание расположения конфигурационных файлов. Назначение разрешений для файлов.",Создание пользователей и групп. Назначение разрешений для файловой системы NTFS. Применение групповых политик. Управление учетными записями почтовых серверов и Active...,От 3 до 6 лет,Полная занятость,https://hh.ru/vacancy/82888666,IT Specialist,"Специалист по IT. 2. Знание Linux (Ubuntu, CentOS, Debian), требуемый минимум: Установка пакетов из репозитория. Знание расположения конфигурационных файлов. Назначение разрешений для файлов. Создание пользователей и групп. Назначение разрешений для файловой системы NTFS. Применение групповых политик. Управление учетными записями почтовых серверов и Active...",linux,1
382,Менеджер по развитию клиентов (IT продукт),,Атырау,DSSL,12-07-2023,Опыт работы в В2В продажах от года. Высшее образование (предпочтительно техническое). Опыт продаж решений в сфере ИТ или...,Телефону и при личных встречах с привлечением технических специалистов . При необходимости. Реализация мероприятий по поддержанию и увеличению количества.,От 1 года до 3 лет,Полная занятость,https://hh.ru/vacancy/83357636,IT Specialist,Менеджер по развитию клиентов (IT продукт). Опыт работы в В2В продажах от года. Высшее образование (предпочтительно техническое). Опыт продаж решений в сфере ИТ или... Телефону и при личных встречах с привлечением технических специалистов . При необходимости. Реализация мероприятий по поддержанию и увеличению количества.,,0
383,IT-специалист,,Усть-Каменогорск,ЭЙКОС,05-07-2023,Знание компьютеров и оргтехники.,"Обслуживание компьютеров (устранение неполадок, установка ПО), офисной техники. Заправка картриджей, связь.",От 1 года до 3 лет,Полная занятость,https://hh.ru/vacancy/83002728,IT Specialist,"IT-специалист. Знание компьютеров и оргтехники. Обслуживание компьютеров (устранение неполадок, установка ПО), офисной техники. Заправка картриджей, связь.",,0
384,Менеджер по развитию клиентов (IT продукт),,Шымкент,DSSL,12-07-2023,Опыт работы в В2В продажах от года. Высшее образование (предпочтительно техническое). Опыт продаж решений в сфере ИТ или...,Телефону и при личных встречах с привлечением технических специалистов . При необходимости. Реализация мероприятий по поддержанию и увеличению количества.,От 1 года до 3 лет,Полная занятость,https://hh.ru/vacancy/83357639,IT Specialist,Менеджер по развитию клиентов (IT продукт). Опыт работы в В2В продажах от года. Высшее образование (предпочтительно техническое). Опыт продаж решений в сфере ИТ или... Телефону и при личных встречах с привлечением технических специалистов . При необходимости. Реализация мероприятий по поддержанию и увеличению количества.,,0
385,IT- специалист по кинооборудованию / Киномеханик,120000 - 150000 KZT,Алматы,«Capital Cinema» ТМ Cinema Hotel Corporation,27-06-2023,"Высшее/среднее профессиональное техническое IT образование (предпочтительно). Опыт работы IT- специалистом (предпочтительно). Ответственный, дисциплинированный и легко обучаемый, разбирающийся в технических...",Демонстрация фильмов (обеспечение качественного и своевременного кинопоказа). Ежедневное выполнение технического осмотра (ТО-1). Замена в кинопроекторах необходимых элементов.,От 1 года до 3 лет,Полная занятость,https://hh.ru/vacancy/80401859,IT Specialist,"IT- специалист по кинооборудованию / Киномеханик. Высшее/среднее профессиональное техническое IT образование (предпочтительно). Опыт работы IT- специалистом (предпочтительно). Ответственный, дисциплинированный и легко обучаемый, разбирающийся в технических... Демонстрация фильмов (обеспечение качественного и своевременного кинопоказа). Ежедневное выполнение технического осмотра (ТО-1). Замена в кинопроекторах необходимых элементов.",,0
386,IT-специалист,,Уральск,Фирма Сервер +,30-06-2023,"Профессиональные навыки: Умение работать с паяльником, мультиметром - весьма приветствуется. Опыт работы с мини - АТС и SIP-телефонией - приветствуется.","Компонентный ремонт и диагностика ПК, принтеров. Установка, настройка ОС и ПО. Прокладка и настройка СКС. Ведение IT – документации.",От 1 года до 3 лет,Полная занятость,https://hh.ru/vacancy/82844606,IT Specialist,"IT-специалист. Профессиональные навыки: Умение работать с паяльником, мультиметром - весьма приветствуется. Опыт работы с мини - АТС и SIP-телефонией - приветствуется. Компонентный ремонт и диагностика ПК, принтеров. Установка, настройка ОС и ПО. Прокладка и настройка СКС. Ведение IT – документации.",,0
387,Менеджер по работе с клиентами It сфера,150000 KZT,Костанай,Первый БИТ,21-07-2023,Имеешь опыт в продажах (будет являться преимуществом) или хочешь в продажи без опыта (мы научим). Живой интерес к сфере продаж...,"Телефонные переговоры, проведение встреч, составление коммерческих предложений, Согласование плана действия по клиентам с техническими специалистами ; заключение договоров. Выполнение ежемесячного плана...",Нет опыта,Полная занятость,https://hh.ru/vacancy/83656881,IT Specialist,"Менеджер по работе с клиентами It сфера. Имеешь опыт в продажах (будет являться преимуществом) или хочешь в продажи без опыта (мы научим). Живой интерес к сфере продаж... Телефонные переговоры, проведение встреч, составление коммерческих предложений, Согласование плана действия по клиентам с техническими специалистами ; заключение договоров. Выполнение ежемесячного плана...",,0
388,IT Специалист отдела поддержки 1С,80000 - 200000 KZT,Алматы,ВЦ Интеграция,24-07-2023,"Активная жизненная позиция, позитивный настрой. Работа на результат. Обучаемость. Коммуникабельность, инициативность, стрессоустойчивость. Ответственность и желание добиваться результатов. Пунктуальность.",Работа по поддержке и сопровождению корпоративных клиентов компании. Устанавливать и обеспечивать бесперебойную работоспособность компьютерного оборудования и программного обеспечения клиентов компании.,От 1 года до 3 лет,Полная занятость,https://hh.ru/vacancy/83912816,IT Specialist,"IT Специалист отдела поддержки 1С. Активная жизненная позиция, позитивный настрой. Работа на результат. Обучаемость. Коммуникабельность, инициативность, стрессоустойчивость. Ответственность и желание добиваться результатов. Пунктуальность. Работа по поддержке и сопровождению корпоративных клиентов компании. Устанавливать и обеспечивать бесперебойную работоспособность компьютерного оборудования и программного обеспечения клиентов компании.",1c,1
389,IT Рекрутер,,Алматы,Bereke Bank,05-07-2023,Опыт работы в направлении рекрутинга не менее 2-х лет (или от 1 года по IT рекрутингу). Знакомство с различными...,"...onboarding, участие в адаптации, exit interview. Разрабатывать и внедрять эффективные стратегии поиска для привлечения квалифицированных ИТ- специалистов по различным каналам.",От 1 года до 3 лет,Полная занятость,https://hh.ru/vacancy/83040704,IT Specialist,"IT Рекрутер. Опыт работы в направлении рекрутинга не менее 2-х лет (или от 1 года по IT рекрутингу). Знакомство с различными... ...onboarding, участие в адаптации, exit interview. Разрабатывать и внедрять эффективные стратегии поиска для привлечения квалифицированных ИТ- специалистов по различным каналам.",,0
390,IT Business Applications Support Expert,,Алматы,Amway Казахстан,17-07-2023,Relative experience as IT BA Support Specialist : 5+ years. Knowledge and experience with logistic processes and information systems.,"Changes implemented/monitored first time right. Coordinate availability, performance, security, issues and change requests on application/system level.",Более 6 лет,Полная занятость,https://hh.ru/vacancy/82420870,IT Specialist,"IT Business Applications Support Expert. Relative experience as IT BA Support Specialist : 5+ years. Knowledge and experience with logistic processes and information systems. Changes implemented/monitored first time right. Coordinate availability, performance, security, issues and change requests on application/system level.",,0
391,IT-специалист,,Усть-Каменогорск,АО «Bank Freedom Finance Kazakhstan»,11-07-2023,"Образование: высшее, неполное высшее, средне-специальное. Специальность- техническая. Опыт работы по данному направлению и сертификатов приветствуются. Знания, умения и навыки...","Установка/замена орг. техники, запасных частей к ним. Установка и обновления стандартного ПО. Проведение профилактических работ сетевого оборудования.",От 1 года до 3 лет,Полная занятость,https://hh.ru/vacancy/83251167,IT Specialist,"IT-специалист. Образование: высшее, неполное высшее, средне-специальное. Специальность- техническая. Опыт работы по данному направлению и сертификатов приветствуются. Знания, умения и навыки... Установка/замена орг. техники, запасных частей к ним. Установка и обновления стандартного ПО. Проведение профилактических работ сетевого оборудования.",,0
392,IT Специалист,,Алматы,Caspian International Restaurants company,30-06-2023,Ответственность: Опыт работы в сфере ИТ в ресторане/гостиничном бизнесе. Степень бакалавра в области информационных технологий или другой бизнес-дисциплины.,"Аналитик работает в соответствии с планами активностей и графиком проектов по согласованию с руководителем группы. Аналитик, несет ответственность за предоставление...",От 1 года до 3 лет,Полная занятость,https://hh.ru/vacancy/82839586,IT Specialist,"IT Специалист. Ответственность: Опыт работы в сфере ИТ в ресторане/гостиничном бизнесе. Степень бакалавра в области информационных технологий или другой бизнес-дисциплины. Аналитик работает в соответствии с планами активностей и графиком проектов по согласованию с руководителем группы. Аналитик, несет ответственность за предоставление...",,0
393,"Главный специалист IT (Алматинская область, Отеген Батыр)",,Отеген-Батыр,QazCloud,19-07-2023,Среднее (профессиональное) или высшее образование. Отличное знание железа ПК (сборка-разборка). Навыки диагностики и устранения неполадок с сетью.,"Работать по заявкам на обслуживание от сотрудников в режиме Helpdesk. Оперативное устранение всех типов неисправностей, возникающей при работе с оборудованием...",От 1 года до 3 лет,Полная занятость,https://hh.ru/vacancy/83659929,IT Specialist,"Главный специалист IT (Алматинская область, Отеген Батыр). Среднее (профессиональное) или высшее образование. Отличное знание железа ПК (сборка-разборка). Навыки диагностики и устранения неполадок с сетью. Работать по заявкам на обслуживание от сотрудников в режиме Helpdesk. Оперативное устранение всех типов неисправностей, возникающей при работе с оборудованием...",,0
394,Технический специалист (IT),180000 - 250000 KZT,Семей,Sulpak,22-07-2023,Образование или опыт работы в сфере IT. Желание работать с людьми. Желание учиться новому.,"Установка программного обеспечения. Кассовые операции. Настройка цифровой техники. Оформление доставки и установки товара. Оформление возврата, обмена товара. Выдача интернет-заказов.",От 1 года до 3 лет,Полная занятость,https://hh.ru/vacancy/81938568,IT Specialist,"Технический специалист (IT). Образование или опыт работы в сфере IT. Желание работать с людьми. Желание учиться новому. Установка программного обеспечения. Кассовые операции. Настройка цифровой техники. Оформление доставки и установки товара. Оформление возврата, обмена товара. Выдача интернет-заказов.",,0
395,Hospitality Software IT Specialist,,Алматы,HRS,20-07-2023,"IT background preferrable. Open minded, eager to learn new knowledge in inventory management and IT. Communicative, ready to travel.","Software installation (Spa and hospitality industry). Provide telephonic / remote / onsite support for IT products, QA skills advantageous. Ensure accurate and...",От 1 года до 3 лет,Полная занятость,https://hh.ru/vacancy/83771641,IT Specialist,"Hospitality Software IT Specialist. IT background preferrable. Open minded, eager to learn new knowledge in inventory management and IT. Communicative, ready to travel. Software installation (Spa and hospitality industry). Provide telephonic / remote / onsite support for IT products, QA skills advantageous. Ensure accurate and...",,0
396,IT Архитектор (Enterprise Architect),,Алматы,Рэдмэдробот Центральная Азия,10-07-2023,Опыт работы в должности архитектора или руководителя проектов с акцентом на продаже в области разработки программного обеспечения. Глубокие знания и...,Взаимодействие с командой разработчиков и техническими специалистами для обеспечения успешной реализации проектов. Проведение технических аудитов ИТ-ландшафта клиента с целью...,Более 6 лет,Полная занятость,https://hh.ru/vacancy/83195535,IT Specialist,IT Архитектор (Enterprise Architect). Опыт работы в должности архитектора или руководителя проектов с акцентом на продаже в области разработки программного обеспечения. Глубокие знания и... Взаимодействие с командой разработчиков и техническими специалистами для обеспечения успешной реализации проектов. Проведение технических аудитов ИТ-ландшафта клиента с целью...,,0
397,IT Specialist,,Актау,ФЕНИКС ИНТЕРНЕШНЛ РЕСОРСИЗ КАСПИАН,14-07-2023,"A high school diploma or equivalent is typically required. A relevant associate or bachelor’s degree in computer science, information...","Aktau, 5\2.",От 1 года до 3 лет,Полная занятость,https://hh.ru/vacancy/81874674,IT Specialist,"IT Specialist. A high school diploma or equivalent is typically required. A relevant associate or bachelor’s degree in computer science, information... Aktau, 5\2.",,0
398,IT Специалист 1С программист,350000 - 430000 KZT,Алматы,"ProMebel, ТМ (ТОО IDIA Market)",22-07-2023,"Вас отличают такие качества как трудолюбие и целеустремленность. Вы учились с высокой успеваемостью. Техническое образование. Ответственность, умение работать в команде.","Обслуживание клиентских программ (конфигурация, кастомизация, upgrade клиентских программ под требования проекта). Автоматизация бизнеса. Установка и обучение программы 1С для...",От 1 года до 3 лет,Полная занятость,https://hh.ru/vacancy/83379912,IT Specialist,"IT Специалист 1С программист. Вас отличают такие качества как трудолюбие и целеустремленность. Вы учились с высокой успеваемостью. Техническое образование. Ответственность, умение работать в команде. Обслуживание клиентских программ (конфигурация, кастомизация, upgrade клиентских программ под требования проекта). Автоматизация бизнеса. Установка и обучение программы 1С для...",1c,1
399,IT Specialist,,Алматы,Зенюк К. Н.,21-07-2023,having a minimum of commercial experience. - English level B2 and higher. - readiness to improve knowledge and develop technical skills.,work with a European customer. - support at all stages of the interview. The client and the project will be matched...,От 1 года до 3 лет,Полная занятость,https://hh.ru/vacancy/82917553,IT Specialist,IT Specialist. having a minimum of commercial experience. - English level B2 and higher. - readiness to improve knowledge and develop technical skills. work with a European customer. - support at all stages of the interview. The client and the project will be matched...,,0
400,Менеджер по продажам IT продуктов,,Астана,TargetAI Limited,19-07-2023,2+ лет опыта в IT сфере. Высокие коммуникативные навыки. Работа с воронкой продаж и ведением лидов. Английский не ниже...,"Участие в работе pre-sales team, ведение коммерческих переговоров с текущими и потенциальными клиентами. Развитие бизнеса с клиентами B2...",От 3 до 6 лет,Полная занятость,https://hh.ru/vacancy/83697544,IT Specialist,"Менеджер по продажам IT продуктов. 2+ лет опыта в IT сфере. Высокие коммуникативные навыки. Работа с воронкой продаж и ведением лидов. Английский не ниже... Участие в работе pre-sales team, ведение коммерческих переговоров с текущими и потенциальными клиентами. Развитие бизнеса с клиентами B2...",,0
401,IT методолог,,Алматы,Жилищный строительный сберегательный банк Отбасы банк,17-07-2023,"Высшее образование. Опыт работы от 3 лет. Знание основ управления ИТ-услугами (ITIL, Cobit и т.д). Навыки деловой переписки.","Разработка внутренних нормативных документов. Улучшение качества предоставления ИТ-услуг. Внедрение, оценка зрелости, оптимизация процессов управления ИТ-услугами. Развитие ITSM системы.",От 1 года до 3 лет,Полная занятость,https://hh.ru/vacancy/81440234,IT Specialist,"IT методолог. Высшее образование. Опыт работы от 3 лет. Знание основ управления ИТ-услугами (ITIL, Cobit и т.д). Навыки деловой переписки. Разработка внутренних нормативных документов. Улучшение качества предоставления ИТ-услуг. Внедрение, оценка зрелости, оптимизация процессов управления ИТ-услугами. Развитие ITSM системы.",,0
402,Специалист по IT,150000 - 180000 KZT,Астана,IT-SOLUTION (АЙ ТИ-СОЛЮШН),20-07-2023,Практический опыт работы в сфере IT свыше 2х лет. Знание построения сетей интернета. Знание программной и аппаратной части ПК...,"Настройка, диагностика, модернизация, ремонт компьютеров, ноутбуков, принтеров и т.п. Установка, настройка, оптимизация ОС Windows 7,8,10.",От 1 года до 3 лет,Полная занятость,https://hh.ru/vacancy/83729927,IT Specialist,"Специалист по IT. Практический опыт работы в сфере IT свыше 2х лет. Знание построения сетей интернета. Знание программной и аппаратной части ПК... Настройка, диагностика, модернизация, ремонт компьютеров, ноутбуков, принтеров и т.п. Установка, настройка, оптимизация ОС Windows 7,8,10.",,0
403,1С IT-специалист,100000 - 300000 KZT,Алматы,IT DOC,12-07-2023,"Техническое образование в области информационных технологий. Аккуратность, дисциплинированность, коммуникабельность, усидчивость. Наличие сертификата «1С» приветствуется.",Установка/настройка бухгалтерских программ. Настройка типовых отчетов. Обработка данных в 1С. Добавление пользователей в 1С и настройка прав.,От 1 года до 3 лет,Полная занятость,https://hh.ru/vacancy/83347017,IT Specialist,"1С IT-специалист. Техническое образование в области информационных технологий. Аккуратность, дисциплинированность, коммуникабельность, усидчивость. Наличие сертификата «1С» приветствуется. Установка/настройка бухгалтерских программ. Настройка типовых отчетов. Обработка данных в 1С. Добавление пользователей в 1С и настройка прав.",1c,1
404,Главный IT-специалист,,Алматы,ОФ АРМАН АЙМАҒЫ,23-07-2023,"Работать со скриптовыми языками программирования Perl, Python, VB script. Навыки работы с программами автоматического тестирования WinRunner, VisualTest, Silk, RationalTestStudio, e...","Обеспечивать бесперебойное функционирование Интернет, почтового и других серверов, рабочих станций пользователей компании. Обеспечивать бесперебойную и безошибочную работу операционных систем и...",От 1 года до 3 лет,Полная занятость,https://hh.ru/vacancy/83290783,IT Specialist,"Главный IT-специалист. Работать со скриптовыми языками программирования Perl, Python, VB script. Навыки работы с программами автоматического тестирования WinRunner, VisualTest, Silk, RationalTestStudio, e... Обеспечивать бесперебойное функционирование Интернет, почтового и других серверов, рабочих станций пользователей компании. Обеспечивать бесперебойную и безошибочную работу операционных систем и...",python,1
405,IT analytic,,Алматы,АНКОР Центральная Азия,12-07-2023,"Высшее образование в сфере информационных технологий, высшее техническое образование. - Опыт работы 4-8 лет в сфере информационных служб, информационных технологий. -","Эффективно выполнять обязанности специалиста в терминах дисциплин управления информационными технологиями, выполнять обязанности координатора изменений. Координировать внедрение изменений и работать с...",От 3 до 6 лет,Полная занятость,https://hh.ru/vacancy/83327171,IT Specialist,"IT analytic. Высшее образование в сфере информационных технологий, высшее техническое образование. - Опыт работы 4-8 лет в сфере информационных служб, информационных технологий. - Эффективно выполнять обязанности специалиста в терминах дисциплин управления информационными технологиями, выполнять обязанности координатора изменений. Координировать внедрение изменений и работать с...",,0
406,Специалист отдела закупок IT оборудования и ПО,200000 - 400000 KZT,Алматы,Inova Tech,22-07-2023,"Опыт работы закупщиком от 1 года. Умения и навыки: способность к анализу, планированию и управлению и организация сбора информационной базы...",Работа с продакт\категорийными менеджерами дистрибьюторов. Поиск товара согласно запросу и изучению его специфики. Формировать заказы и осуществлять контроль над...,От 1 года до 3 лет,Полная занятость,https://hh.ru/vacancy/83222974,IT Specialist,"Специалист отдела закупок IT оборудования и ПО. Опыт работы закупщиком от 1 года. Умения и навыки: способность к анализу, планированию и управлению и организация сбора информационной базы... Работа с продакт\категорийными менеджерами дистрибьюторов. Поиск товара согласно запросу и изучению его специфики. Формировать заказы и осуществлять контроль над...",,0
407,"Старший менеджер по IT-инфраструктуре (серверы, массивы хранения данных, инфраструктура датацентров)",,Астана,Nazarbayev University,15-07-2023,"Образование: Высшее профессиональное, желательно в высших учебных заведениях с преподаванием на английском языке, степень не ниже Бакалавр/ Специалист .","1) участвует в разработке новых стратегий и процедур Подразделения в целях повышения эффективности, совершенствования рабочих процессов и степени удовлетворенности пользователей...",От 3 до 6 лет,Полная занятость,https://hh.ru/vacancy/80469821,IT Specialist,"Старший менеджер по IT-инфраструктуре (серверы, массивы хранения данных, инфраструктура датацентров). Образование: Высшее профессиональное, желательно в высших учебных заведениях с преподаванием на английском языке, степень не ниже Бакалавр/ Специалист . 1) участвует в разработке новых стратегий и процедур Подразделения в целях повышения эффективности, совершенствования рабочих процессов и степени удовлетворенности пользователей...",,0
408,Специалист по продажам IT продукта,150000 - 500000 KZT,Астана,АДмастерс,18-07-2023,умеете работать с возражениями клиента. -умеете работать в CRM системе. - у вас есть желание работать и развиваться в IT компании. -,"Умеете вести переговоры и находить боль клиента и закрывать её с помощью нашего продукта. Предстоит делать: -Продавать наш продукт, обработка...",От 1 года до 3 лет,Полная занятость,https://hh.ru/vacancy/83607496,IT Specialist,"Специалист по продажам IT продукта. умеете работать с возражениями клиента. -умеете работать в CRM системе. - у вас есть желание работать и развиваться в IT компании. - Умеете вести переговоры и находить боль клиента и закрывать её с помощью нашего продукта. Предстоит делать: -Продавать наш продукт, обработка...",,0
409,Ведущий менеджер по продажам IT-решений,,Алматы,ITGLOBAL.COM,04-07-2023,Опыт холодных звонков и готовность к активному поиску проектов. Опыт в продажах IT-оборудования/ IT-сервисов или образование в сфере...,"Активный поиск и привлечение новых корпоративных клиентов. Проведение встреч на уровне первых лиц компаний. Продажа IT-оборудования (сервера, СХД) и...",От 1 года до 3 лет,Полная занятость,https://hh.ru/vacancy/82972275,IT Specialist,"Ведущий менеджер по продажам IT-решений. Опыт холодных звонков и готовность к активному поиску проектов. Опыт в продажах IT-оборудования/ IT-сервисов или образование в сфере... Активный поиск и привлечение новых корпоративных клиентов. Проведение встреч на уровне первых лиц компаний. Продажа IT-оборудования (сервера, СХД) и...",,0
410,IT-специалист,180000 KZT,Алматы,Коллекторское агентство Кредит Коллекшн Груп,23-07-2023,"Профильное образование. - Опыт установки и обслуживания компьютерных систем и оргтехники. - Опыт настройки программного обеспечения. - Логическое мышление, способность самостоятельно принимать решения. -",Администрирование сетевого оборудования. - Техническая поддержка пользователей. - Обеспечение бесперебойной работы ИТ инфраструктуры офиса. - Установка нового оборудования и программного обеспечения. -,От 3 до 6 лет,Полная занятость,https://hh.ru/vacancy/83031208,IT Specialist,"IT-специалист. Профильное образование. - Опыт установки и обслуживания компьютерных систем и оргтехники. - Опыт настройки программного обеспечения. - Логическое мышление, способность самостоятельно принимать решения. - Администрирование сетевого оборудования. - Техническая поддержка пользователей. - Обеспечение бесперебойной работы ИТ инфраструктуры офиса. - Установка нового оборудования и программного обеспечения. -",technical support,1
411,Senior IT infrastructure consultant / Technology Consulting Group (Almaty/Astana ),,Алматы,KPMG,05-07-2023,"Completed relevant Bachelor/ Master degree in IT, Computer Science, Telecommunications. Minimum 3+ years of relevant work experience.",Participate in IT infrastructure assessment projects. Perform IT audit. Perform internal risk-procedures. Improve IT infrastructure stream in Technology group.,От 3 до 6 лет,Полная занятость,https://hh.ru/vacancy/52581744,IT Specialist,"Senior IT infrastructure consultant / Technology Consulting Group (Almaty/Astana ). Completed relevant Bachelor/ Master degree in IT, Computer Science, Telecommunications. Minimum 3+ years of relevant work experience. Participate in IT infrastructure assessment projects. Perform IT audit. Perform internal risk-procedures. Improve IT infrastructure stream in Technology group.",,0
412,Специалист по IT,,Аксай (Казахстан),Ренко-КАТ,22-07-2023,Образование по специальности. Знание основ по ИТ.,Автоматизация процессов и поддержка существующих систем аналитики. Работа в основных программах системы Мiсгоsоft. Сервисное обслуживание аппаратного и программного обеспечения.,От 1 года до 3 лет,Полная занятость,https://hh.ru/vacancy/83238223,IT Specialist,Специалист по IT. Образование по специальности. Знание основ по ИТ. Автоматизация процессов и поддержка существующих систем аналитики. Работа в основных программах системы Мiсгоsоft. Сервисное обслуживание аппаратного и программного обеспечения.,,0
413,Менеджер по продажам B2B услуг (рекрутинговое IT-агентство Star-Staff),60000 - 120000 RUR,Алматы,Star-Staff,19-07-2023,Опыт работы в сфере B2B продаж (консалтинговые услуги). Желание развиваться в сфере IT технологий. Опыт работы в CRM...,"Продажи наших услуг для различных компаний, в том числе англоговорящих, по подбору IT- специалистов . Взаимодействие с командой рекрутеров.",От 1 года до 3 лет,Полная занятость,https://hh.ru/vacancy/83708082,IT Specialist,"Менеджер по продажам B2B услуг (рекрутинговое IT-агентство Star-Staff). Опыт работы в сфере B2B продаж (консалтинговые услуги). Желание развиваться в сфере IT технологий. Опыт работы в CRM... Продажи наших услуг для различных компаний, в том числе англоговорящих, по подбору IT- специалистов . Взаимодействие с командой рекрутеров.",,0
414,Менеджер по продажам B2B (IT услуг и ПО),,Алматы,Alcor,23-07-2023,"Опыт проектных продаж, прямых продаж в сфере ИТ\телеком от 2-х лет. Сильные коммуникативные навыки, умение общаться на равных...","Прямой поиск заказчиков, также работа с действующими клиентами - проработка входящих лидов. Консультация заказчиков по вопросам лицензирования программного обеспечения и функциональным...",От 1 года до 3 лет,Полная занятость,https://hh.ru/vacancy/83754434,IT Specialist,"Менеджер по продажам B2B (IT услуг и ПО). Опыт проектных продаж, прямых продаж в сфере ИТ\телеком от 2-х лет. Сильные коммуникативные навыки, умение общаться на равных... Прямой поиск заказчиков, также работа с действующими клиентами - проработка входящих лидов. Консультация заказчиков по вопросам лицензирования программного обеспечения и функциональным...",,0
415,Менеджер по продажам B2b (IT-сфера),50000 - 250000 RUR,Астана,Демиденок Алексей Максимович,23-07-2023,"Наличие эффективного нетворкинга. Навыки проведения онлайн-встреч, переговоров, продаж. Наличие ноутбука, гарнитуры, стабильного доступа в интернет и знание основных офисных...","Поиск клиентов B2b, с нас все необходимые инструменты. Первое касание в продажах B2b (воочию, телефон, почта...",От 1 года до 3 лет,Полная занятость,https://hh.ru/vacancy/83727786,IT Specialist,"Менеджер по продажам B2b (IT-сфера). Наличие эффективного нетворкинга. Навыки проведения онлайн-встреч, переговоров, продаж. Наличие ноутбука, гарнитуры, стабильного доступа в интернет и знание основных офисных... Поиск клиентов B2b, с нас все необходимые инструменты. Первое касание в продажах B2b (воочию, телефон, почта...",,0
416,Тренер по продуктовому обучению и техникам продаж (IT-продукты),,Алматы,Договор24,24-07-2023,"Высшее образование. Знание процесса продаж IT-продуктов, желателен опыт работы продакт/прожект-менеджером IT-продуктов. Дополнительное образование в тренинговой сфере...",Офлайн и онлайн презентаций по IT-продуктам компании. Учебных курсов по продуктам компании и техникам продаж. Материалов по продуктам и...,Нет опыта,Проектная работа,https://hh.ru/vacancy/82893835,IT Specialist,"Тренер по продуктовому обучению и техникам продаж (IT-продукты). Высшее образование. Знание процесса продаж IT-продуктов, желателен опыт работы продакт/прожект-менеджером IT-продуктов. Дополнительное образование в тренинговой сфере... Офлайн и онлайн презентаций по IT-продуктам компании. Учебных курсов по продуктам компании и техникам продаж. Материалов по продуктам и...",,0
417,Менеджер по продажам B2B/ Менеджер по IT продажам,100000 - 1000000 KZT,Алматы,Кипер.KZ,21-07-2023,Готов обучатся или поделится полезными знаниями (мы всегда открыты новому). Командный игрок. 10 лет на рынке Казахстана.,"Телефонные переговоры, проведение встреч, составление коммерческих предложений, Согласование плана действия по клиентам с техническими специалистами ; заключение договоров. Выполнение ежемесячного плана...",От 1 года до 3 лет,Полная занятость,https://hh.ru/vacancy/83634349,IT Specialist,"Менеджер по продажам B2B/ Менеджер по IT продажам. Готов обучатся или поделится полезными знаниями (мы всегда открыты новому). Командный игрок. 10 лет на рынке Казахстана. Телефонные переговоры, проведение встреч, составление коммерческих предложений, Согласование плана действия по клиентам с техническими специалистами ; заключение договоров. Выполнение ежемесячного плана...",,0
418,ML-разработчик в RecSys,,Алматы,Яндекс,13-07-2023,Больше двух лет занимались промышленным ML. Хорошо знаете Python или C++. Работали в поисковых проектах или над рекомендательными системами.,Команда ML-проектов Браузера помогает внедрять в продукты генеративные и классические методы и разрабатывает собственные проекты на основе машинного обучения.,От 1 года до 3 лет,Полная занятость,https://hh.ru/vacancy/83412768,ML Engineer,ML-разработчик в RecSys. Больше двух лет занимались промышленным ML. Хорошо знаете Python или C++. Работали в поисковых проектах или над рекомендательными системами. Команда ML-проектов Браузера помогает внедрять в продукты генеративные и классические методы и разрабатывает собственные проекты на основе машинного обучения.,"c++, python",2
419,Senior ML Engineer,6000 USD,Алматы,Пану Ольга Германовна,17-07-2023,"1. In-depth knowledge of: Machine Learning, Deep Learning, Training customisation, ML frameworks. 2. Known architectures: Transformer, LLM, GNN, Autoencoders.","The company develops a system capable of semantic processing of programming code, e.g., code analysis, transformation, and synthesis, as...",От 3 до 6 лет,Полная занятость,https://hh.ru/vacancy/83572366,ML Engineer,"Senior ML Engineer. 1. In-depth knowledge of: Machine Learning, Deep Learning, Training customisation, ML frameworks. 2. Known architectures: Transformer, LLM, GNN, Autoencoders. The company develops a system capable of semantic processing of programming code, e.g., code analysis, transformation, and synthesis, as...","deep learning, machine learning",2
420,ML Research Engineer/Data Science Engineer,,Астана,MY.GAMES,17-07-2023,"Basic algorithmic training: knowledge of basic algorithms and data structures, as well as their implementation in standard libraries.","Prepare and analyze in-game and advertising data. Build ML models for predicting ""monetary"" events, striking a compromise between performance...",От 1 года до 3 лет,Полная занятость,https://hh.ru/vacancy/82182144,ML Engineer,"ML Research Engineer/Data Science Engineer. Basic algorithmic training: knowledge of basic algorithms and data structures, as well as their implementation in standard libraries. Prepare and analyze in-game and advertising data. Build ML models for predicting ""monetary"" events, striking a compromise between performance...",data science,1
421,Product manager,,Алматы,Samsung Electronics Central Eurasia LLP.,05-07-2023,"Analytical thinking. Conducting research, analysis and data collection has an understanding of consumption forecasting. Advanced user Excell & PowerPoint.",Analyze the demand for all groups of goods and trends in its development. Investigate the factors affecting the sale of...,От 1 года до 3 лет,Полная занятость,https://hh.ru/vacancy/83024116,Product Manager,"Product manager. Analytical thinking. Conducting research, analysis and data collection has an understanding of consumption forecasting. Advanced user Excell & PowerPoint. Analyze the demand for all groups of goods and trends in its development. Investigate the factors affecting the sale of...",,0
422,Product Manager по работе с китайскими поставщиками,2000 - 3000 USD,Астана,Hdcart PTE,17-07-2023,Обязателен опыт работы в закупках в FMCG в Китае: от 3 лет. Знание английского языка на уровень B2 (продвинутые...,"Работа с действующими поставщиками и поиск новых, в основном Китай - полный цикл взаимодействия: Поиск/выбор производителя/поставщика требуемой продукции.",От 3 до 6 лет,Полная занятость,https://hh.ru/vacancy/83576004,Product Manager,"Product Manager по работе с китайскими поставщиками. Обязателен опыт работы в закупках в FMCG в Китае: от 3 лет. Знание английского языка на уровень B2 (продвинутые... Работа с действующими поставщиками и поиск новых, в основном Китай - полный цикл взаимодействия: Поиск/выбор производителя/поставщика требуемой продукции.",,0
423,Менеджер продукта/Product manager,500000 - 600000 KZT,Алматы,Astana-Plat,24-07-2023,Понимать базовые принципы разработки. Уметь управлять проектами. Планировать и расставлять приоритеты. Работать с аналитикой. Разбираться в исследованиях пользователей.,Создание и реализация нового продукта согласно общему Road Map. Ведение проектов по «E-Commerce». Управление и развитие «Личный кабинет».,От 1 года до 3 лет,Полная занятость,https://hh.ru/vacancy/83912225,Product Manager,Менеджер продукта/Product manager. Понимать базовые принципы разработки. Уметь управлять проектами. Планировать и расставлять приоритеты. Работать с аналитикой. Разбираться в исследованиях пользователей. Создание и реализация нового продукта согласно общему Road Map. Ведение проектов по «E-Commerce». Управление и развитие «Личный кабинет».,,0
424,Дизайнер цифрового продукта (Product Designer),,Алматы,Arbuz Group (Арбуз Груп),01-07-2023,"Опыт работы в компаниях, самостоятельно проектирующие и разрабатывающие ПО. Уметь разрабатывать и представлять детальный дизайн-макетов и прототипов в Figma...","Работать над дизайном и интерфейсом цифровых продуктов для интернета, Android и iOS. Создавать User flows, наглядно демонстрирующие путь пользователя на...",От 1 года до 3 лет,Полная занятость,https://hh.ru/vacancy/82870972,Product Manager,"Дизайнер цифрового продукта (Product Designer). Опыт работы в компаниях, самостоятельно проектирующие и разрабатывающие ПО. Уметь разрабатывать и представлять детальный дизайн-макетов и прототипов в Figma... Работать над дизайном и интерфейсом цифровых продуктов для интернета, Android и iOS. Создавать User flows, наглядно демонстрирующие путь пользователя на...","android, figma, ios",3
425,Product Manager (продакт менеджер),,Алматы,My Project,18-07-2023,"Хороший опыт работы в IT на позиции "" Product Manager "" не менее 3 лет. Хорошее понимание методов разработки IT продуктов.","Проводить исследования, эксперименты и анализировать данные. Анализировать рынок и конкурентов. Менять продукт для пользователей на основе результатов исследований.",От 3 до 6 лет,Полная занятость,https://hh.ru/vacancy/83622519,Product Manager,"Product Manager (продакт менеджер). Хороший опыт работы в IT на позиции "" Product Manager "" не менее 3 лет. Хорошее понимание методов разработки IT продуктов. Проводить исследования, эксперименты и анализировать данные. Анализировать рынок и конкурентов. Менять продукт для пользователей на основе результатов исследований.",,0
426,Brand / Product manager,800000 - 1200000 KZT,Алматы,Sherlock,21-07-2023,Имеет опыт работы на позиции Brand / Product manager в системной международной компании от 2 лет. Обладает стратегическим и масштабным мышлением...,"Разработка стратегии позиционирования в рамках общей стратегии бренда, а также обеспечивание ее реализации. Управление ассортиментом: анализ (BCG матрица, ABC анализ...",От 3 до 6 лет,Полная занятость,https://hh.ru/vacancy/83814451,Product Manager,"Brand / Product manager. Имеет опыт работы на позиции Brand / Product manager в системной международной компании от 2 лет. Обладает стратегическим и масштабным мышлением... Разработка стратегии позиционирования в рамках общей стратегии бренда, а также обеспечивание ее реализации. Управление ассортиментом: анализ (BCG матрица, ABC анализ...",,0
427,Менеджер продуктов / Product Manager / Project Manager,300000 - 500000 KZT,Петропавловск,WBS,13-07-2023,"Навыки калькуляции стоимости проектов. Способность вникнуть в суть проекта, разложить проект на блоки и определить этапы разработки. Опыт написания технических...","Ведение переговоров, встреч с клиентами и заказчиками. Создание и согласования концепций продуктов с клиентами. Артикуляция и согласование функциональных требований к...",От 1 года до 3 лет,Полная занятость,https://hh.ru/vacancy/83364905,Product Manager,"Менеджер продуктов / Product Manager / Project Manager. Навыки калькуляции стоимости проектов. Способность вникнуть в суть проекта, разложить проект на блоки и определить этапы разработки. Опыт написания технических... Ведение переговоров, встреч с клиентами и заказчиками. Создание и согласования концепций продуктов с клиентами. Артикуляция и согласование функциональных требований к...",,0
428,Electronic Logbook Administrator in Production Operations,,Атырау,Air Energi Caspian LLP trading as Airswift,20-07-2023,"Higher Education Degree in IT field. At least 3 years of IT experience or in educational institutions, or certified qualification...","Implementation of administration and technical support of an electronic application for shift handover in Production Operations department. Collect, analyze data...",От 3 до 6 лет,Полная занятость,https://hh.ru/vacancy/83770314,Product Manager,"Electronic Logbook Administrator in Production Operations. Higher Education Degree in IT field. At least 3 years of IT experience or in educational institutions, or certified qualification... Implementation of administration and technical support of an electronic application for shift handover in Production Operations department. Collect, analyze data...",technical support,1
429,Менеджер по работе с ключевыми клиентами (Consumer Products Division),,Алматы,Лореаль Казахстан,13-07-2023,Релевантный опыт. Развитые переговорные и аналитические навыки. Ориентированность на результат.,Разработка и реализация стратегии развития бизнеса региона с учетом приоритетов по каналам продаж и категориям продуктов. Контроль соответствия плана промо...,От 3 до 6 лет,Полная занятость,https://hh.ru/vacancy/83368177,Product Manager,Менеджер по работе с ключевыми клиентами (Consumer Products Division). Релевантный опыт. Развитые переговорные и аналитические навыки. Ориентированность на результат. Разработка и реализация стратегии развития бизнеса региона с учетом приоритетов по каналам продаж и категориям продуктов. Контроль соответствия плана промо...,,0
430,Product Owner,,Алматы,Ridex GmbH,06-07-2023,"At least 3 years of Product management experience in Contact Center Domain including developing and launching products , managing product roadmaps...","You will manage product launches and releases, ensuring that all stakeholders are informed and prepared, and that the release goes...",От 3 до 6 лет,Полная занятость,https://hh.ru/vacancy/81804599,Product Manager,"Product Owner. At least 3 years of Product management experience in Contact Center Domain including developing and launching products , managing product roadmaps... You will manage product launches and releases, ensuring that all stakeholders are informed and prepared, and that the release goes...",,0
431,Production Planning Supervisor,,Алматы,АО ИП Эфес Казахстан,19-07-2023,"Высшее образование. Опыт прогнозирования, желательно на производстве. Умение работать с большими объёмами данных. Опыт в стратегическом прогнозировании (бюджет), высокие аналитические...",Контролировать процесс планирования по производству и прогнозированию на короткий период (ежедневно и еженедельно). Составлять бюджет и стратегический 5-летний план...,От 3 до 6 лет,Полная занятость,https://hh.ru/vacancy/83659989,Product Manager,"Production Planning Supervisor. Высшее образование. Опыт прогнозирования, желательно на производстве. Умение работать с большими объёмами данных. Опыт в стратегическом прогнозировании (бюджет), высокие аналитические... Контролировать процесс планирования по производству и прогнозированию на короткий период (ежедневно и еженедельно). Составлять бюджет и стратегический 5-летний план...",,0
432,Помощник менеджера по продукту / Junior product manager (стажёр),,Алматы,Unicorn Tech Oy,10-07-2023,Требуемый опыт работы: не требуется. — навык презентации себя и проекта перед инвесторами.,Находить конкурентов и делать конкурентный анализ. Подготавливать аналитические отчеты. Делать презентации и выступать на публике. Анализировать рынок. Организовывать и проводить...,Нет опыта,Стажировка,https://hh.ru/vacancy/83186590,Product Manager,Помощник менеджера по продукту / Junior product manager (стажёр). Требуемый опыт работы: не требуется. — навык презентации себя и проекта перед инвесторами. Находить конкурентов и делать конкурентный анализ. Подготавливать аналитические отчеты. Делать презентации и выступать на публике. Анализировать рынок. Организовывать и проводить...,,0
433,Product Manager,2500 - 3500 USD,Алматы,RapidSeedbox,23-07-2023,"Technical/Product skills, or more specifically: At least 3 years of applied knowledge in being a product manager .",We are on a mission to provide more online anonymity to people worldwide. Join us on the journey! ︎ SaaS Company. ︎,От 3 до 6 лет,Полная занятость,https://hh.ru/vacancy/83304130,Product Manager,"Product Manager. Technical/Product skills, or more specifically: At least 3 years of applied knowledge in being a product manager . We are on a mission to provide more online anonymity to people worldwide. Join us on the journey! ︎ SaaS Company. ︎",,0
434,Product manager,,Алматы,Home Credit Bank,12-07-2023,...английского языка выше среднего. Имеешь опыт работы на позиции project / product manager от 2-ух лет. Знаешь принципы Product management .,"Управлять продуктом по стратегическому партнерству - работа по модели BaaS. Управлять клиентским опытом, создание СJM (изучение потребностей клиента). Моделировать и улучшать...",От 3 до 6 лет,Полная занятость,https://hh.ru/vacancy/83312438,Product Manager,"Product manager. ...английского языка выше среднего. Имеешь опыт работы на позиции project / product manager от 2-ух лет. Знаешь принципы Product management . Управлять продуктом по стратегическому партнерству - работа по модели BaaS. Управлять клиентским опытом, создание СJM (изучение потребностей клиента). Моделировать и улучшать...",,0
435,Product Owner (Отдел цифровых продуктов),,Алматы,Микрофинансовая организация KMF(КМФ),17-07-2023,Опыт создания и управления цифровыми банковскими продуктами. Опыт работы в качестве менеджера продукта /владельца продукта от 2х лет.,"Создание и управление цифровым продуктом. Управление клиентским опытом, создание CJM. Формирование и проработка гипотез в рамках улучшения новых и текущих...",От 3 до 6 лет,Полная занятость,https://hh.ru/vacancy/83528947,Product Manager,"Product Owner (Отдел цифровых продуктов). Опыт создания и управления цифровыми банковскими продуктами. Опыт работы в качестве менеджера продукта /владельца продукта от 2х лет. Создание и управление цифровым продуктом. Управление клиентским опытом, создание CJM. Формирование и проработка гипотез в рамках улучшения новых и текущих...",,0
436,Product Manager/Категорийный менеджер,350000 - 400000 KZT,Астана,12 месяцев-Астана,20-07-2023,Опыт работы от 4-х лет. Желателен опыт работы в строительном сегменте. Готовность к командировкам. Знание программы 1С 8...,"Закуп товара, работа с поставщиками. Поиск новых поставщиков, развитие курируемой категории, контроль стока. Формирование ассортиментной матрицы в рамках определенных товарных...",От 3 до 6 лет,Полная занятость,https://hh.ru/vacancy/83731240,Product Manager,"Product Manager/Категорийный менеджер. Опыт работы от 4-х лет. Желателен опыт работы в строительном сегменте. Готовность к командировкам. Знание программы 1С 8... Закуп товара, работа с поставщиками. Поиск новых поставщиков, развитие курируемой категории, контроль стока. Формирование ассортиментной матрицы в рамках определенных товарных...",1c,1
437,Product manager,400000 - 900000 KZT,Алматы,ЧАСТНАЯ КОМПАНИЯ ENAQD LTD.,01-07-2023,Поддерживайте глубокое понимание соответствующих нормативных актов и требований к соблюдению требований в сфере форекс и платежей.,"Овладение простотой и творческим мышлением как в вашем собственном наборе продуктов, так и за его пределами. Создайте стратегию продукта, а...",От 3 до 6 лет,Полная занятость,https://hh.ru/vacancy/82873299,Product Manager,"Product manager. Поддерживайте глубокое понимание соответствующих нормативных актов и требований к соблюдению требований в сфере форекс и платежей. Овладение простотой и творческим мышлением как в вашем собственном наборе продуктов, так и за его пределами. Создайте стратегию продукта, а...",,0
438,Product Analyst,700000 KZT,Алматы,OrientSwiss Kazakhstan ОриентСуис Казахстан,23-07-2023,English language fluency: writing – Advanced / speaking – Upper-intermediate. Minimum 1-2 years’ experience in relevant role. Bachelor’s degree in...,"Acting as Business Data Steward work towards ensuring quality of the Operational data assets, datasets, data records, data elements definitions...",От 3 до 6 лет,Полная занятость,https://hh.ru/vacancy/83263017,Product Manager,"Product Analyst. English language fluency: writing – Advanced / speaking – Upper-intermediate. Minimum 1-2 years’ experience in relevant role. Bachelor’s degree in... Acting as Business Data Steward work towards ensuring quality of the Operational data assets, datasets, data records, data elements definitions...",,0
439,Product Owner / Product Manager,,Алматы,Jusan Bank,19-07-2023,"Навыки управления проектами, постановки целей и задач, оперативной реализации управленческих решений. Навыки управления персоналом. Условия и бизнес-процессы по реализации...","Управление бэклогом продукта. Координация деятельности команды разработки продукта. Формирование предложений по электронным услугам Банка. Анализ электронных услуг Банка, предложений рынка...",От 3 до 6 лет,Полная занятость,https://hh.ru/vacancy/74925701,Product Manager,"Product Owner / Product Manager. Навыки управления проектами, постановки целей и задач, оперативной реализации управленческих решений. Навыки управления персоналом. Условия и бизнес-процессы по реализации... Управление бэклогом продукта. Координация деятельности команды разработки продукта. Формирование предложений по электронным услугам Банка. Анализ электронных услуг Банка, предложений рынка...",,0
440,Product Manager,,Алматы,Ocean-D,26-06-2023,Опыт работы в качестве Менеджера Продукта / Владельца продукта от 3х лет. Умение работать с продуктовыми метриками. Умение посчитать ROI...,"Тебе предстоит изучать конкурентную среду, разбираться в трендах и технологиях отрасли и внедрять их в продукт. Искать точки роста в...",От 3 до 6 лет,Полная занятость,https://hh.ru/vacancy/82414105,Product Manager,"Product Manager. Опыт работы в качестве Менеджера Продукта / Владельца продукта от 3х лет. Умение работать с продуктовыми метриками. Умение посчитать ROI... Тебе предстоит изучать конкурентную среду, разбираться в трендах и технологиях отрасли и внедрять их в продукт. Искать точки роста в...",,0
441,Product Researcher / Finance Analyst / Финансовый аналитик,1100 - 1400 USD,Алматы,Udalenno,03-07-2023,High English level (C1). Experienced user of Excel and Google Sheets. Important: You love and understand numbers.,Product research for an Amazon business. Analyzing products in stock and configuring repricing software strategies to compete in a marketplace...,От 1 года до 3 лет,Полная занятость,https://hh.ru/vacancy/82918379,Product Manager,Product Researcher / Finance Analyst / Финансовый аналитик. High English level (C1). Experienced user of Excel and Google Sheets. Important: You love and understand numbers. Product research for an Amazon business. Analyzing products in stock and configuring repricing software strategies to compete in a marketplace...,excel,1
442,Специалист по продуктовому маркетингу (Product marketing Manager),,Алматы,ASTER AUTO,24-07-2023,Аналитический склад мышления. Опыт не менее 6х лет в маркетинге (диджитал или продакт или аналитика).,"Исследования и анализ потребительского поведения. Тестирование гипотез развития продукта, анализ ценностного восприятия продукта. Управление воронками продаж и коммуникациями на этапах...",Более 6 лет,Полная занятость,https://hh.ru/vacancy/83913457,Product Manager,"Специалист по продуктовому маркетингу (Product marketing Manager). Аналитический склад мышления. Опыт не менее 6х лет в маркетинге (диджитал или продакт или аналитика). Исследования и анализ потребительского поведения. Тестирование гипотез развития продукта, анализ ценностного восприятия продукта. Управление воронками продаж и коммуникациями на этапах...",,0
443,Product менеджер,,Астана,"Beeline, ТМ",19-07-2023,"Опыт работы в качестве product/project -менеджера в области e-commerce, telecom, банков и retail не менее 3 лет.","Разработка и реализация стратегии продукта Mainsite B2B (сайт для корпоративных клиентов Beeline Business), управление road map продукта.",От 3 до 6 лет,Полная занятость,https://hh.ru/vacancy/83677550,Product Manager,"Product менеджер. Опыт работы в качестве product/project -менеджера в области e-commerce, telecom, банков и retail не менее 3 лет. Разработка и реализация стратегии продукта Mainsite B2B (сайт для корпоративных клиентов Beeline Business), управление road map продукта.",,0
444,Помощник менеджера по продукту / Junior product manager (стажёр),,Астана,Unicorn Tech Oy,10-07-2023,Требуемый опыт работы: не требуется. — навык презентации себя и проекта перед инвесторами.,Находить конкурентов и делать конкурентный анализ. Подготавливать аналитические отчеты. Делать презентации и выступать на публике. Анализировать рынок. Организовывать и проводить...,Нет опыта,Стажировка,https://hh.ru/vacancy/83186597,Product Manager,Помощник менеджера по продукту / Junior product manager (стажёр). Требуемый опыт работы: не требуется. — навык презентации себя и проекта перед инвесторами. Находить конкурентов и делать конкурентный анализ. Подготавливать аналитические отчеты. Делать презентации и выступать на публике. Анализировать рынок. Организовывать и проводить...,,0
445,Менеджер по управлению территорией - Восток (Consumer Products Division),,Павлодар,Лореаль Казахстан,01-07-2023,Опыт работы в продажах в международной компании. Развитые переговорные и управленческие навыки. Знание английского языка приветствуется.,"Управление продажами на вверенной территории. Контроль дистрибьютора на вверенной территории. Мотивация, обучение и развитие торговой команды. Ведение установленной отчетности.",От 1 года до 3 лет,Полная занятость,https://hh.ru/vacancy/82866629,Product Manager,"Менеджер по управлению территорией - Восток (Consumer Products Division). Опыт работы в продажах в международной компании. Развитые переговорные и управленческие навыки. Знание английского языка приветствуется. Управление продажами на вверенной территории. Контроль дистрибьютора на вверенной территории. Мотивация, обучение и развитие торговой команды. Ведение установленной отчетности.",,0
446,Product manager со знанием китайского языка,,Алматы,Golden Bridge Partners,24-07-2023,Обязательное знание казахского и китайского языков! Навыки делового общения. Умение налаживать контакт. Умение расположить к себе. Желательно знание английского языка.,Ответственность за все бизнес-миссии B2B и подбор партнеров. Создание и управление планами проекта. Эффективная коммуникация с заинтересованными...,От 1 года до 3 лет,Полная занятость,https://hh.ru/vacancy/83788949,Product Manager,Product manager со знанием китайского языка. Обязательное знание казахского и китайского языков! Навыки делового общения. Умение налаживать контакт. Умение расположить к себе. Желательно знание английского языка. Ответственность за все бизнес-миссии B2B и подбор партнеров. Создание и управление планами проекта. Эффективная коммуникация с заинтересованными...,,0
447,Product Manager (специалист по продукции),,Караганда,Компания Витанова,17-07-2023,"Высшее биологическое или медицинское образование. Коммуникабельность, ответственность, исполнительность.",Информационная поддержка продаж. Обучение клиентов работе с оборудованием и наборами. Разработка маркетинговых мероприятий. Консультация клиентов по всем возникающим в процессе...,Нет опыта,Полная занятость,https://hh.ru/vacancy/83519107,Product Manager,"Product Manager (специалист по продукции). Высшее биологическое или медицинское образование. Коммуникабельность, ответственность, исполнительность. Информационная поддержка продаж. Обучение клиентов работе с оборудованием и наборами. Разработка маркетинговых мероприятий. Консультация клиентов по всем возникающим в процессе...",,0
448,Product Manager,,Алматы,ALLUR AUTO,26-06-2023,Высшее профессиональное образование - маркетинг/экономика/финансы. Опыт работы в автобизнесе и непосредственно с автомобильными продуктами. Знание английского языка – не ниже...,Проведение анализа рыночной и экономической ситуации и подготовка. Соответствующих отчетов. Проведение анализ автомобильного рынка страны и экономической ситуации. (,От 1 года до 3 лет,Полная занятость,https://hh.ru/vacancy/82450598,Product Manager,Product Manager. Высшее профессиональное образование - маркетинг/экономика/финансы. Опыт работы в автобизнесе и непосредственно с автомобильными продуктами. Знание английского языка – не ниже... Проведение анализа рыночной и экономической ситуации и подготовка. Соответствующих отчетов. Проведение анализ автомобильного рынка страны и экономической ситуации. (,,0
449,Product manager (Менеджер продукта),,Астана,Documentolog,21-07-2023,"Опыт работы на аналогичной позиции от 1 года. Бизнес подход, понимание стратегии и целей компании. Понимание User Story, UX/UI...",Составление технических заданий для разработчиков и/или постановок задач для дизайнеров и разработчиков. Определение и приоритизация задач/решений на основе...,От 1 года до 3 лет,Полная занятость,https://hh.ru/vacancy/83828971,Product Manager,"Product manager (Менеджер продукта). Опыт работы на аналогичной позиции от 1 года. Бизнес подход, понимание стратегии и целей компании. Понимание User Story, UX/UI... Составление технических заданий для разработчиков и/или постановок задач для дизайнеров и разработчиков. Определение и приоритизация задач/решений на основе...",ui/ux,1
450,Product manager,,Алматы,AVIATA.KZ,23-07-2023,"Успешный опыт работы в IT не менее 5 лет ( продакт менеджер , проджект менеджер, техлид, бизнес-аналитик). Хорошее понимание методов разработки...","Развивать API платформы (поиск, тарификация, бронирование, выписка), подключать новых поставщиков, внедрять новые услуги. Влиять на продажи/доходность с помощью технологий...",От 3 до 6 лет,Полная занятость,https://hh.ru/vacancy/83289390,Product Manager,"Product manager. Успешный опыт работы в IT не менее 5 лет ( продакт менеджер , проджект менеджер, техлид, бизнес-аналитик). Хорошее понимание методов разработки... Развивать API платформы (поиск, тарификация, бронирование, выписка), подключать новых поставщиков, внедрять новые услуги. Влиять на продажи/доходность с помощью технологий...",,0
451,Product менеджер в Игровую платформу,,Алматы,"Beeline, ТМ",13-07-2023,Есть опыт разработки и развития нескольких продуктов одновременно в роли Product Owner/ Product manager (опыт в game dev - плюс).,"На основе данных управлять воронкой конверсии как в раздел Игры, так и в каждую конкретную игру. Вместе с командой разработки...",Более 6 лет,Полная занятость,https://hh.ru/vacancy/83374373,Product Manager,"Product менеджер в Игровую платформу. Есть опыт разработки и развития нескольких продуктов одновременно в роли Product Owner/ Product manager (опыт в game dev - плюс). На основе данных управлять воронкой конверсии как в раздел Игры, так и в каждую конкретную игру. Вместе с командой разработки...",,0
452,Старший менеджер продуктов (Product Manager),,Астана,"Beeline, ТМ",10-07-2023,"Высшее (менеджмент, телекоммуникации, экономическое) образование, Высшее ИТ, маркетинг, менеджмент или управление проектами. Знание принципов работы, ключевых систем, структуры ИТ систем...","Навыки анализа, планирования, прогнозирования, бюджетирования, разработки и внедрения продуктов. Находить и анализировать возможности рынка и потребности ЦА для создания концепта...",От 1 года до 3 лет,Полная занятость,https://hh.ru/vacancy/83189246,Product Manager,"Старший менеджер продуктов (Product Manager). Высшее (менеджмент, телекоммуникации, экономическое) образование, Высшее ИТ, маркетинг, менеджмент или управление проектами. Знание принципов работы, ключевых систем, структуры ИТ систем... Навыки анализа, планирования, прогнозирования, бюджетирования, разработки и внедрения продуктов. Находить и анализировать возможности рынка и потребности ЦА для создания концепта...",,0
453,Senior Product Manager (Corporate brand generics),,Алматы,TEVA,18-07-2023,"Higher education. 3-5 years’ overall experience in marketing of multinational FMCG and/or Pharmaceutical company. Excellent analytical skills, ability...","Analyze market performance of CBG portfolio, Monitor competitive activities, regularly execute pricing monitoring; prepare regular performance reports + upon management...",От 3 до 6 лет,Полная занятость,https://hh.ru/vacancy/83620419,Product Manager,"Senior Product Manager (Corporate brand generics). Higher education. 3-5 years’ overall experience in marketing of multinational FMCG and/or Pharmaceutical company. Excellent analytical skills, ability... Analyze market performance of CBG portfolio, Monitor competitive activities, regularly execute pricing monitoring; prepare regular performance reports + upon management...",,0
454,Product manager VAS B2B,,Алматы,Мобайл Телеком-Сервис (Объединенная Компания Tele2/ALTEL),12-07-2023,"Образование: высшее техническое, экономическое, маркетинговое образование. Опыт работы;не менее 1 года в коммерческой сфере. Опыт работы в мобильных операторах...",Разработка стратегии взаимодействия с партнерами. Исследование рынка и поиск потенциальных партнеров. Анализ конкурентов и их стратегий. Определение критериев отбора партнеров...,От 3 до 6 лет,Полная занятость,https://hh.ru/vacancy/83310309,Product Manager,"Product manager VAS B2B. Образование: высшее техническое, экономическое, маркетинговое образование. Опыт работы;не менее 1 года в коммерческой сфере. Опыт работы в мобильных операторах... Разработка стратегии взаимодействия с партнерами. Исследование рынка и поиск потенциальных партнеров. Анализ конкурентов и их стратегий. Определение критериев отбора партнеров...",,0
455,Product manager в отдел по работе с Китаем (со знанием китайского языка),,Алматы,RHENUS INTERMODAL SYSTEMS,11-07-2023,"Опыт работы со складами. Образование – высшее, средне-спец.. Знание китайского языка. Опыт работы с СВХ. MS Office, Excel. Английский – Intermediate.",Строгое выполнение поставленных задач. - Ведение отчетности. - Привлечение клиентов. - Выстраивание взаимоотношений со складами.,От 3 до 6 лет,Полная занятость,https://hh.ru/vacancy/83278632,Product Manager,"Product manager в отдел по работе с Китаем (со знанием китайского языка). Опыт работы со складами. Образование – высшее, средне-спец.. Знание китайского языка. Опыт работы с СВХ. MS Office, Excel. Английский – Intermediate. Строгое выполнение поставленных задач. - Ведение отчетности. - Привлечение клиентов. - Выстраивание взаимоотношений со складами.","excel, microsoft office",2
456,Web Product Analyst,3500 EUR,Алматы,Wisebits,26-06-2023,"Опыт работы Web или продуктовым аналитиком. Экспертные знания в Google Analytics (понимание принципов сбора и агреггации данных, кастомные отчеты, обращения...","Работа с базами данных: в основном MySQL и реже Clickhouse. Выполнение отдельных запросов от Project, Product managers , а также от...",От 3 до 6 лет,Полная занятость,https://hh.ru/vacancy/82402898,Product Manager,"Web Product Analyst. Опыт работы Web или продуктовым аналитиком. Экспертные знания в Google Analytics (понимание принципов сбора и агреггации данных, кастомные отчеты, обращения... Работа с базами данных: в основном MySQL и реже Clickhouse. Выполнение отдельных запросов от Project, Product managers , а также от...","clickhouse, mysql",2
457,Специалист по продуктовому маркетингу/Product manager,350000 KZT,Алматы,КСЭ Казахстан,21-07-2023,"Опыт запуска продуктов, услуг, дополнительных опций со стороны продающих подразделений (маркетинг, коммерция). Преимуществом будет являться работа в логистических компаниях, ритейле...","Подготовка тактики и стратегии развития продукта, включая: Ценовое позиционирование. Определение и развитие приоритетных каналов продаж. Запуск новых источников монетизации.",Нет опыта,Полная занятость,https://hh.ru/vacancy/82849045,Product Manager,"Специалист по продуктовому маркетингу/Product manager. Опыт запуска продуктов, услуг, дополнительных опций со стороны продающих подразделений (маркетинг, коммерция). Преимуществом будет являться работа в логистических компаниях, ритейле... Подготовка тактики и стратегии развития продукта, включая: Ценовое позиционирование. Определение и развитие приоритетных каналов продаж. Запуск новых источников монетизации.",,0
458,Product manager,,Алматы,МФО ОнлайнКазФинанс (ТМ Solva),04-07-2023,Успешный бэкграунд управления продуктом в секторах МСБ или B2C (желательно). Актуальный опыт работы в компаниях финансового сегмента (в...,"Управлять продуктом и отвечать за PnL. Искать проблемы и предлагать идеи для улучшения экономических и бизнес-показателей, глубоко погрузиться в...",От 3 до 6 лет,Полная занятость,https://hh.ru/vacancy/82978237,Product Manager,"Product manager. Успешный бэкграунд управления продуктом в секторах МСБ или B2C (желательно). Актуальный опыт работы в компаниях финансового сегмента (в... Управлять продуктом и отвечать за PnL. Искать проблемы и предлагать идеи для улучшения экономических и бизнес-показателей, глубоко погрузиться в...",,0
459,Бренд-менеджер (Brand/Product manager) по продвижению эксклюзивной продукции,,Караганда,Аманат,11-07-2023,"...на позиции медицинского представителя по продвижению брендов лекарственных средств, продакт - менеджера , бренд-менеджера приветствуется. Знания и навыки основных маркетинговых подходов...",Разработка и реализация плана по развитию новых и поддержанию уже существующих брендов компании в долгосрочной перспективе. Аналитика больших объемов данных...,Нет опыта,Полная занятость,https://hh.ru/vacancy/76640573,Product Manager,"Бренд-менеджер (Brand/Product manager) по продвижению эксклюзивной продукции. ...на позиции медицинского представителя по продвижению брендов лекарственных средств, продакт - менеджера , бренд-менеджера приветствуется. Знания и навыки основных маркетинговых подходов... Разработка и реализация плана по развитию новых и поддержанию уже существующих брендов компании в долгосрочной перспективе. Аналитика больших объемов данных...",,0
460,Product Manager,,Алматы,АНТАЛ БИЗНЕС РЕШЕНИЯ (ТМ Antal Kazakhstan),04-07-2023,"...на позиции медицинского представителя по продвижению брендов лекарственных средств, продакт - менеджера , бренд-менеджера приветствуется. Знания и навыки основных маркетинговых подходов...",Разработка и реализация плана по развитию новых и поддержанию уже существующих брендов компании в долгосрочной перспективе. Аналитика больших объёмов данных...,От 1 года до 3 лет,Полная занятость,https://hh.ru/vacancy/82979694,Product Manager,"Product Manager. ...на позиции медицинского представителя по продвижению брендов лекарственных средств, продакт - менеджера , бренд-менеджера приветствуется. Знания и навыки основных маркетинговых подходов... Разработка и реализация плана по развитию новых и поддержанию уже существующих брендов компании в долгосрочной перспективе. Аналитика больших объёмов данных...",,0
461,Разработчик Oracle PL/SQL (FinTech remote),,Алматы,Финансовые Платформы,22-07-2023,Опыт работы с СУБД Oracle (9i-19c) не менее 3 лет. Опыт проектирования БД. Разработка SQL-запросов (СУБД...,"Участвовать в проекте миграции данных высоконагруженного банковского приложения, работающего на базе СУБД Oracle. Разрабатывать пакетные структуры PL/SQL.",От 3 до 6 лет,Полная занятость,https://hh.ru/vacancy/83722777,Programmer,"Разработчик Oracle PL/SQL (FinTech remote). Опыт работы с СУБД Oracle (9i-19c) не менее 3 лет. Опыт проектирования БД. Разработка SQL-запросов (СУБД... Участвовать в проекте миграции данных высоконагруженного банковского приложения, работающего на базе СУБД Oracle. Разрабатывать пакетные структуры PL/SQL.","oracle, sql",2
462,Android - разработчик,,Алматы,АО «Bank Freedom Finance Kazakhstan»,17-07-2023,Опыт разработки Android приложений не менее 1 года. Желание развиваться в сфере Android разработки. Наличие высшего образования.,Развитие и поддержка мобильных приложений Банка на платформе Android. Создание нового и оптимизация работы имеющегося функционала.,От 1 года до 3 лет,Полная занятость,https://hh.ru/vacancy/83522498,Programmer,Android - разработчик. Опыт разработки Android приложений не менее 1 года. Желание развиваться в сфере Android разработки. Наличие высшего образования. Развитие и поддержка мобильных приложений Банка на платформе Android. Создание нового и оптимизация работы имеющегося функционала.,android,1
463,BI разработчик,,Алматы,Банк ВТБ (Казахстан) Дочерняя организация Акционерное общество,20-07-2023,"Высшее техническое образование. Понимание архитектуры DWH. Знания PL/SQL, SQL и оптимизации, банковских продуктов, бухгалтерии и учета. Опыт разработки регуляторных...",Разрабатывать и сопровождать витрины данных и отчетов. Разрабатывать BI-приложения. Оперативно исправлять ошибки в случае сбоя / выявлять расхождения.,От 1 года до 3 лет,Полная занятость,https://hh.ru/vacancy/83727049,Programmer,"BI разработчик. Высшее техническое образование. Понимание архитектуры DWH. Знания PL/SQL, SQL и оптимизации, банковских продуктов, бухгалтерии и учета. Опыт разработки регуляторных... Разрабатывать и сопровождать витрины данных и отчетов. Разрабатывать BI-приложения. Оперативно исправлять ошибки в случае сбоя / выявлять расхождения.","data warehouse, sql",2
464,Middle Unity Developer (Разработчик игр на Unity),,Алматы,Medeu Dev (Медеу Дев),30-06-2023,Техническое образование (желательно высшее). Отличное знание: Основ программирования. Принципов ООП. Компьютерной графики. Клиент-серверного взаимодействия. Опыт программирования от 2 лет...,"Поддержка и развитие уже опубликованных игр. Интеграция сервисов и SDK. Адаптация игр под новые платформы, публикация, сопровождение. Разработка новых игр...",От 1 года до 3 лет,Полная занятость,https://hh.ru/vacancy/82822234,Programmer,"Middle Unity Developer (Разработчик игр на Unity). Техническое образование (желательно высшее). Отличное знание: Основ программирования. Принципов ООП. Компьютерной графики. Клиент-серверного взаимодействия. Опыт программирования от 2 лет... Поддержка и развитие уже опубликованных игр. Интеграция сервисов и SDK. Адаптация игр под новые платформы, публикация, сопровождение. Разработка новых игр...",,0
465,C# разработчик,50000 - 140000 RUR,Астана,Cybernetically Inc.,24-07-2023,Отслеживание последних тенденций и новых технологий в индустрии. Профессиональный или любительский опыт в разработке на C# и знание .NET-фреймворков.,"Вы будете работать в тесном взаимодействии с нашей командой разработчиков и дизайнеров, внося свой вклад в создание первоклассных решений.",От 1 года до 3 лет,Полная занятость,https://hh.ru/vacancy/83312070,Programmer,"C# разработчик. Отслеживание последних тенденций и новых технологий в индустрии. Профессиональный или любительский опыт в разработке на C# и знание .NET-фреймворков. Вы будете работать в тесном взаимодействии с нашей командой разработчиков и дизайнеров, внося свой вклад в создание первоклассных решений.",".net, c#",2
466,Middle Computer Vision разработчик,300000 - 600000 KZT,Астана,Cleverest Technologies,03-07-2023,Имеешь нестандартное и богатое идеями мышление. Умеешь оперативно и качественно выполнять свою работу. Есть знания и опыт в Computer Vision...,Разработка кода для проектов по Computer Vision.,От 1 года до 3 лет,Полная занятость,https://hh.ru/vacancy/82922194,Programmer,Middle Computer Vision разработчик. Имеешь нестандартное и богатое идеями мышление. Умеешь оперативно и качественно выполнять свою работу. Есть знания и опыт в Computer Vision... Разработка кода для проектов по Computer Vision.,,0
467,Инженер-программист Creatio,,Алматы,INForce,12-07-2023,"Понимание принципов работы REST, SQL, JS и C#. Высшее или среднее специальное образование в IT-области или прохождение соответствующих курсов.","Разработка и внедрение новых модулей в системе Creatio в составе проектной команды. Развитие и поддержка существующих модулей, работа с обращениями...",Нет опыта,Полная занятость,https://hh.ru/vacancy/83346300,Programmer,"Инженер-программист Creatio. Понимание принципов работы REST, SQL, JS и C#. Высшее или среднее специальное образование в IT-области или прохождение соответствующих курсов. Разработка и внедрение новых модулей в системе Creatio в составе проектной команды. Развитие и поддержка существующих модулей, работа с обращениями...","c#, javascript, sql",3
468,Android-разработчик,500000 - 1100000 KZT,Алматы,Колеса,05-07-2023,"Опыт разработки под платформу Android и наличие завершенных Android приложений. Желание развиваться в сфере Android разработки. Уверенное понимание Java, Kotlin...",Развивать и поддерживать мобильные приложения лучших IT-продуктов Казахстана на платформе Android. Создавать новый функционал и оптимизировать работу имеющегося.,От 1 года до 3 лет,Полная занятость,https://hh.ru/vacancy/83003088,Programmer,"Android-разработчик. Опыт разработки под платформу Android и наличие завершенных Android приложений. Желание развиваться в сфере Android разработки. Уверенное понимание Java, Kotlin... Развивать и поддерживать мобильные приложения лучших IT-продуктов Казахстана на платформе Android. Создавать новый функционал и оптимизировать работу имеющегося.","android, java, kotlin",3
469,Python Developer,,Алматы,SlonW,11-07-2023,"Уверенные знания и опыт работы с Python (фреймворки Django, Flask) от 4 лет. Навыки объектно-ориентированного программирования. Уверенное владение системой...","Разработка бэкенда для веб-приложений с использованием Django, Flask и т.д.. Проектирование и совершенствование архитектуры ПО. Повышение производительности и...",От 3 до 6 лет,Полная занятость,https://hh.ru/vacancy/83284841,Programmer,"Python Developer. Уверенные знания и опыт работы с Python (фреймворки Django, Flask) от 4 лет. Навыки объектно-ориентированного программирования. Уверенное владение системой... Разработка бэкенда для веб-приложений с использованием Django, Flask и т.д.. Проектирование и совершенствование архитектуры ПО. Повышение производительности и...","django, flask, python",3
470,Разработчик 1C,1000000 KZT,Алматы,SMARTCO SOLUTIONS,26-06-2023,"Высшее образование. Опыт в разработке и модификации систем 1С. Знание концепции объектно-ориентированного программирования. Опыт разработки требований, архитектуры, unit...",Участие в проектах внедрения системы 1С для внешних Заказчиков (доработка системы в соответствии с требованиями Заказчика). Разработка интеграционных модулей.,От 3 до 6 лет,Полная занятость,https://hh.ru/vacancy/82415250,Programmer,"Разработчик 1C. Высшее образование. Опыт в разработке и модификации систем 1С. Знание концепции объектно-ориентированного программирования. Опыт разработки требований, архитектуры, unit... Участие в проектах внедрения системы 1С для внешних Заказчиков (доработка системы в соответствии с требованиями Заказчика). Разработка интеграционных модулей.",1c,1
471,"Веб-разработчик, Middle React Developer",400000 - 600000 KZT,Алматы,Nadvan ABO Group (Надван АБО Груп),02-07-2023,"Только с коммерческим опытом! Уверенный знания React. Опыт работы с API интеграциями, Jamstack. Отличные знания HTML/CSS/JS. Знание ООП.",Разработка и развитие проектов на React. Выполнение задач по техническому сопровождению сайтов. Верстка и программирование сайтов на различных CMS.,От 1 года до 3 лет,Полная занятость,https://hh.ru/vacancy/82882262,Programmer,"Веб-разработчик, Middle React Developer. Только с коммерческим опытом! Уверенный знания React. Опыт работы с API интеграциями, Jamstack. Отличные знания HTML/CSS/JS. Знание ООП. Разработка и развитие проектов на React. Выполнение задач по техническому сопровождению сайтов. Верстка и программирование сайтов на различных CMS.","css, html, javascript, react",4
472,Разработчик сайта (сео оптимизация),,Астана,ARTER,10-07-2023,Знание SEO. Знание Wordpress.,"Продвижение сайта по SEO. Держать сайт в топ 3-4. Постоянная работа над сайтом. Закупать ссылки, и постоянное увеличение ссылочной...",От 1 года до 3 лет,Частичная занятость,https://hh.ru/vacancy/83235162,Programmer,"Разработчик сайта (сео оптимизация). Знание SEO. Знание Wordpress. Продвижение сайта по SEO. Держать сайт в топ 3-4. Постоянная работа над сайтом. Закупать ссылки, и постоянное увеличение ссылочной...",,0
473,Программист PLC SCADA,,Астана,Казахалтын Тechnology,17-07-2023,"Высшее или среднее техническое образование по специализации IT-технологий, автоматизация и управление, информационные системы). Стаж работы по специальности не менее...",Обеспечение бесперебойной работы АСУ ТП. Разработка технологии решения задачи по всем этапам обработки информации.,От 3 до 6 лет,Полная занятость,https://hh.ru/vacancy/83517298,Programmer,"Программист PLC SCADA. Высшее или среднее техническое образование по специализации IT-технологий, автоматизация и управление, информационные системы). Стаж работы по специальности не менее... Обеспечение бесперебойной работы АСУ ТП. Разработка технологии решения задачи по всем этапам обработки информации.",,0
474,Программист 1С (удалённо),1000 USD,Алматы,Энтерэго,12-07-2023,Опыт работы программистом 1С от 1 года. Русский язык (устный и письменный). Знание 1С 8. Красивый чистый код.,"Программная доработка 1С 8 (различные конфигурации): нестандартные отчеты, выгрузки, правила обмена, настройка прав, синхронизация конфигураций, интеграция 1С с...",От 1 года до 3 лет,Полная занятость,https://hh.ru/vacancy/81837897,Programmer,"Программист 1С (удалённо). Опыт работы программистом 1С от 1 года. Русский язык (устный и письменный). Знание 1С 8. Красивый чистый код. Программная доработка 1С 8 (различные конфигурации): нестандартные отчеты, выгрузки, правила обмена, настройка прав, синхронизация конфигураций, интеграция 1С с...",1c,1
475,XR Developer,3000 - 4000 USD,Алматы,Игошена Ж.Н.,24-07-2023,4 years of related education and experience. Strong execution skills – ability to get the job done from start to finish.,Create innovative learning solutions focused on the learner’s experience. Collaborate and partner with employees across organizational boundaries.,От 3 до 6 лет,Полная занятость,https://hh.ru/vacancy/83923468,Programmer,XR Developer. 4 years of related education and experience. Strong execution skills – ability to get the job done from start to finish. Create innovative learning solutions focused on the learner’s experience. Collaborate and partner with employees across organizational boundaries.,,0
476,Python разработчик,,Алматы,Prime Source,26-06-2023,Требуемый опыт работы: 3–6 лет. Высшее образование в области технических или естественных наук. GeoServer. Postgre SQL (PostGIS). Javascript.,Участие в разработке проектов в области Геоинформационных систем. Работа с базами геопространственных данных.,От 3 до 6 лет,Полная занятость,https://hh.ru/vacancy/82389017,Programmer,Python разработчик. Требуемый опыт работы: 3–6 лет. Высшее образование в области технических или естественных наук. GeoServer. Postgre SQL (PostGIS). Javascript. Участие в разработке проектов в области Геоинформационных систем. Работа с базами геопространственных данных.,"javascript, postgresql, python, sql",4
477,Java full stack developer (Middle/Senior),800000 KZT,Астана,FSD,17-07-2023,Опыт программирования на Java от 3 лет. Понимание принципов ООП. Умение разбираться в чужом коде. PostgreSQL (писать сложные вложенные запросы...,"Разработка backend-приложений на языке Java. Разработка frontend-клиентов с использованием веб-технологий jQuery , AngularJS, React, NodeJS. Выполнение изменений в...",От 3 до 6 лет,Полная занятость,https://hh.ru/vacancy/83520037,Programmer,"Java full stack developer (Middle/Senior). Опыт программирования на Java от 3 лет. Понимание принципов ООП. Умение разбираться в чужом коде. PostgreSQL (писать сложные вложенные запросы... Разработка backend-приложений на языке Java. Разработка frontend-клиентов с использованием веб-технологий jQuery , AngularJS, React, NodeJS. Выполнение изменений в...","angular, java, jquery, node.js, postgresql, react",6
478,Разработчик Python,,Алматы,Тинькофф,17-07-2023,Отличное знание Python 3 и опыт промышленной разработки на Python от трех лет. Опыт многопоточного и асинхронного программирования.,Проектирование компонентов систем. Организация процесса разработки. Написание и ревью кода. Наставление менее опытных коллег.,От 3 до 6 лет,Полная занятость,https://hh.ru/vacancy/83521985,Programmer,Разработчик Python. Отличное знание Python 3 и опыт промышленной разработки на Python от трех лет. Опыт многопоточного и асинхронного программирования. Проектирование компонентов систем. Организация процесса разработки. Написание и ревью кода. Наставление менее опытных коллег.,python,1
479,Java-разработчик (Middle/Senior),,Астана,Тамур,04-07-2023,"Уверенное знание Java, принципов ООП, работа с многопоточностью, файлами, базами данных, лямбда-выражениями. - Знание базовых backend-технологий: JSP, Servlet, Socket. -","Разработка backend-приложений на языке Java. - Разработка frontend-клиентов с использованием веб-технологий jQuery , AngularJS, React, NodeJS. - Документирование функциональных возможностей...",От 1 года до 3 лет,Полная занятость,https://hh.ru/vacancy/82983879,Programmer,"Java-разработчик (Middle/Senior). Уверенное знание Java, принципов ООП, работа с многопоточностью, файлами, базами данных, лямбда-выражениями. - Знание базовых backend-технологий: JSP, Servlet, Socket. - Разработка backend-приложений на языке Java. - Разработка frontend-клиентов с использованием веб-технологий jQuery , AngularJS, React, NodeJS. - Документирование функциональных возможностей...","angular, java, jquery, node.js, react",5
480,Middle/Senior Python Developer,,Алматы,"Bank RBK, АО",29-06-2023,"Опыт создания приложений и разработки API на Python, используя веб-фреймворки и библиотеки (DJango или Asyncio / FastAPI и др.).",Разработка клиентских продуктов Банка. Участие в проектировании архитектуры и предложений по улучшению решений и процессов.,От 1 года до 3 лет,Полная занятость,https://hh.ru/vacancy/82773299,Programmer,"Middle/Senior Python Developer. Опыт создания приложений и разработки API на Python, используя веб-фреймворки и библиотеки (DJango или Asyncio / FastAPI и др.). Разработка клиентских продуктов Банка. Участие в проектировании архитектуры и предложений по улучшению решений и процессов.","django, fastapi, python",3
481,Fullstack-разработчик,,Алматы,Arbuz Group (Арбуз Груп),30-06-2023,Опыт работы от 4 лет. Программирование на JavaScript и PHP. Опыт работы с фреймворком Vue.js или React.js (у нас — Vue.js).,"Разработка пользовательских веб-интерфейсов и бэкенда. Создание и программирование алгоритмов логики работы интерфейсов и систем. Проектирование систем, подсистем и новых...",От 1 года до 3 лет,Полная занятость,https://hh.ru/vacancy/82845160,Programmer,"Fullstack-разработчик. Опыт работы от 4 лет. Программирование на JavaScript и PHP. Опыт работы с фреймворком Vue.js или React.js (у нас — Vue.js). Разработка пользовательских веб-интерфейсов и бэкенда. Создание и программирование алгоритмов логики работы интерфейсов и систем. Проектирование систем, подсистем и новых...","javascript, php, react, vue.js",4
482,Backend разработчик,,Алматы,RAMS QAZAQSTAN,19-07-2023,Отличные знания PHP. * Уверенное знание фреймворка Laravel. * PostgreSQL/MySQL. * понимание принципов ООП и паттерна MVC. * Умение разбираться в чужом коде.,,От 1 года до 3 лет,Полная занятость,https://hh.ru/vacancy/82214898,Programmer,Backend разработчик. Отличные знания PHP. * Уверенное знание фреймворка Laravel. * PostgreSQL/MySQL. * понимание принципов ООП и паттерна MVC. * Умение разбираться в чужом коде.,"laravel, mysql, php, postgresql",4
483,Java Back-end Developer,500000 KZT,Алматы,UCO,01-07-2023,Дружная команда cертифицированных профессионалов с опытом (Обмен знаниями). Получение опыта на реальных проектах.,"Участие в проектах по разработке новых продуктов. Оптимизация и поддержка созданных продуктов. Проектная разработка по различным методологиям - водопад, SCRUM, KANBAN...",От 3 до 6 лет,Полная занятость,https://hh.ru/vacancy/81404723,Programmer,"Java Back-end Developer. Дружная команда cертифицированных профессионалов с опытом (Обмен знаниями). Получение опыта на реальных проектах. Участие в проектах по разработке новых продуктов. Оптимизация и поддержка созданных продуктов. Проектная разработка по различным методологиям - водопад, SCRUM, KANBAN...","java, kanban, scrum",3
484,Middle/Senior Java Developer,,Алматы,One technologies,23-07-2023,"Опыт в DevOps, CI/CD. Опыт создания отчетов (Jasper Reports, Crystal Reports, ...). Опыт разработки микросервисной архитектуры. Знание и опыт написания...","Разрабатывать новые и улучшать существующие сервисы. Активно участвовать в процессе разработки, от проектирования архитектуры до релиза. Менторство.",От 3 до 6 лет,Полная занятость,https://hh.ru/vacancy/83515279,Programmer,"Middle/Senior Java Developer. Опыт в DevOps, CI/CD. Опыт создания отчетов (Jasper Reports, Crystal Reports, ...). Опыт разработки микросервисной архитектуры. Знание и опыт написания... Разрабатывать новые и улучшать существующие сервисы. Активно участвовать в процессе разработки, от проектирования архитектуры до релиза. Менторство.","ci/cd, java",2
485,Backend разработчик,400000 - 600000 KZT,Алматы,Birdhouse,12-07-2023,Опыт работы на позиции Backend разработчик не менее 2х лет.,Разработка и поддержка серверной части проекта. Работа с базами данных. Разработка API. Оптимизация производительности. Тестирование и отладка. Работа с другими...,От 3 до 6 лет,Полная занятость,https://hh.ru/vacancy/83343396,Programmer,Backend разработчик. Опыт работы на позиции Backend разработчик не менее 2х лет. Разработка и поддержка серверной части проекта. Работа с базами данных. Разработка API. Оптимизация производительности. Тестирование и отладка. Работа с другими...,,0
486,Frontend-разработчик (React),,Алматы,Тинькофф,21-07-2023,Отличные знания JavaScript. Опыт работы с React. Понимание современного стека web-разработки. Готовность работать в распределенной команде. Опыт работы с...,В большинстве команд используем общий стек: технический радар Тинькофф. Проводим регулярные (но не слишком частые) общие встречи внутреннего фронтенд-сообщества.,От 3 до 6 лет,Полная занятость,https://hh.ru/vacancy/82857710,Programmer,Frontend-разработчик (React). Отличные знания JavaScript. Опыт работы с React. Понимание современного стека web-разработки. Готовность работать в распределенной команде. Опыт работы с... В большинстве команд используем общий стек: технический радар Тинькофф. Проводим регулярные (но не слишком частые) общие встречи внутреннего фронтенд-сообщества.,"javascript, react",2
487,Android Developer Middle,800000 - 1000000 KZT,Алматы,Tredo,22-07-2023,"Опыт разработки приложений под Android от 2-3х лет. Уверенное владение языками Kotlin/Java. Знание архитектурных паттернов: MVP, MVC...",Эффективное делегирование задач между членами команды. Высокая степень вовлеченности и развития навыков у команды. Управление и выстраивание системы мотивации для...,От 3 до 6 лет,Полная занятость,https://hh.ru/vacancy/83657333,Programmer,"Android Developer Middle. Опыт разработки приложений под Android от 2-3х лет. Уверенное владение языками Kotlin/Java. Знание архитектурных паттернов: MVP, MVC... Эффективное делегирование задач между членами команды. Высокая степень вовлеченности и развития навыков у команды. Управление и выстраивание системы мотивации для...","android, java, kotlin",3
488,Unity3D / C# разработчик,,Астана,ROQED,28-06-2023,"Уверенное знание Unity3D, C#. Опыт разработки не менее 1-года. Навыки работы с Git. Английский язык на уровне...",Развитие текущих и создание новых интерактивных проектов. Участие в разработке и отработке новых технологий для 3D и VR областей.,От 1 года до 3 лет,Полная занятость,https://hh.ru/vacancy/71749573,Programmer,"Unity3D / C# разработчик. Уверенное знание Unity3D, C#. Опыт разработки не менее 1-года. Навыки работы с Git. Английский язык на уровне... Развитие текущих и создание новых интерактивных проектов. Участие в разработке и отработке новых технологий для 3D и VR областей.","c#, git",2
489,Frontend-разработчик (Middle),,Алматы,Bereke Bank,26-06-2023,"Уверенное знание JS. Навыки работы с React, TypeScript. Опыт верстки и построения адаптивных/кросс-браузерных веб приложений. Понимание принипов построения...",Разработка нового фронта для бизнес портала. Декомпозирование бизнес-требований на задачи. Взаимодействие с коллегами (бэкенд и фронтенд-разработчики).,От 3 до 6 лет,Полная занятость,https://hh.ru/vacancy/82426761,Programmer,"Frontend-разработчик (Middle). Уверенное знание JS. Навыки работы с React, TypeScript. Опыт верстки и построения адаптивных/кросс-браузерных веб приложений. Понимание принипов построения... Разработка нового фронта для бизнес портала. Декомпозирование бизнес-требований на задачи. Взаимодействие с коллегами (бэкенд и фронтенд-разработчики).","javascript, react, typescript",3
490,Flutter разработчик,300000 - 400000 KZT,Алматы,ТУРГУНБАЕВ Е. Е,22-07-2023,Опыт работы с Flutter 1-2 года. Опыт работы с Git. Опыт работы с паттерном Bloc для state management’a.,Pixel perfect верстка с Фигмы.,От 1 года до 3 лет,Полная занятость,https://hh.ru/vacancy/82974614,Programmer,Flutter разработчик. Опыт работы с Flutter 1-2 года. Опыт работы с Git. Опыт работы с паттерном Bloc для state management’a. Pixel perfect верстка с Фигмы.,"flutter, git",2
491,Стажер-программист 1С,70000 KZT,Алматы,Кибернетика.com,24-07-2023,"Если ты начинающий специалист с небольшим опытом или без опыта, но с желанием стать программистом 1С: Хотеть самообучаться.",Отправляем на курсы по бухгалтерскому учету. «Старшие товарищи» не оставят тебя в сложной ситуации наедине с клиентом. Индивидуальный план развития.,Нет опыта,Стажировка,https://hh.ru/vacancy/83911461,Programmer,"Стажер-программист 1С. Если ты начинающий специалист с небольшим опытом или без опыта, но с желанием стать программистом 1С: Хотеть самообучаться. Отправляем на курсы по бухгалтерскому учету. «Старшие товарищи» не оставят тебя в сложной ситуации наедине с клиентом. Индивидуальный план развития.",1c,1
492,Инженер-программист АСУ ТП,,Актобе,"МунайГаз, Инжиниринговая Компания",29-06-2023,"Требуемые навыки (квалификация): Высшее образование. Опыт работ с оборудованием КИПиА, АСУТП в нефтегазовой промышленности не менее 1 года.","Разработка и внедрение прикладного ПО АСУ ТП на базе программных продуктов Emerson Process Management, Siemens и др. Консультации персонала заказчиков...",От 1 года до 3 лет,Полная занятость,https://hh.ru/vacancy/82778965,Programmer,"Инженер-программист АСУ ТП. Требуемые навыки (квалификация): Высшее образование. Опыт работ с оборудованием КИПиА, АСУТП в нефтегазовой промышленности не менее 1 года. Разработка и внедрение прикладного ПО АСУ ТП на базе программных продуктов Emerson Process Management, Siemens и др. Консультации персонала заказчиков...",,0
493,C# разработчик,50000 - 140000 RUR,Алматы,Cybernetically Inc.,24-07-2023,Отслеживание последних тенденций и новых технологий в индустрии. Профессиональный или любительский опыт в разработке на C# и знание .NET-фреймворков.,"Вы будете работать в тесном взаимодействии с нашей командой разработчиков и дизайнеров, внося свой вклад в создание первоклассных решений.",От 1 года до 3 лет,Полная занятость,https://hh.ru/vacancy/83312071,Programmer,"C# разработчик. Отслеживание последних тенденций и новых технологий в индустрии. Профессиональный или любительский опыт в разработке на C# и знание .NET-фреймворков. Вы будете работать в тесном взаимодействии с нашей командой разработчиков и дизайнеров, внося свой вклад в создание первоклассных решений.",".net, c#",2
494,Разработчик Python,,Астана,Тинькофф,17-07-2023,Отличное знание Python 3 и опыт промышленной разработки на Python от трех лет. Опыт многопоточного и асинхронного программирования.,Проектирование компонентов систем. Организация процесса разработки. Написание и ревью кода. Наставление менее опытных коллег.,От 3 до 6 лет,Полная занятость,https://hh.ru/vacancy/83521957,Programmer,Разработчик Python. Отличное знание Python 3 и опыт промышленной разработки на Python от трех лет. Опыт многопоточного и асинхронного программирования. Проектирование компонентов систем. Организация процесса разработки. Написание и ревью кода. Наставление менее опытных коллег.,python,1
495,Программист-разработчик,,Караганда,Digital Direction,24-07-2023,"Техническое образование (ИТ, математическое, техническое). Опыт работы от 1 до 3 лет. Желание развиваться и учиться. Опыт работы с реляционными...","Участвовать в тестировании решения. Поддерживать и развивать решения. Взаимодействовать с аналитиками и разработчиками. Разработка web-приложений и сайтов, доработка существующих...",От 1 года до 3 лет,Полная занятость,https://hh.ru/vacancy/81009070,Programmer,"Программист-разработчик. Техническое образование (ИТ, математическое, техническое). Опыт работы от 1 до 3 лет. Желание развиваться и учиться. Опыт работы с реляционными... Участвовать в тестировании решения. Поддерживать и развивать решения. Взаимодействовать с аналитиками и разработчиками. Разработка web-приложений и сайтов, доработка существующих...",,0
496,Разработчик чат ботов,,Алматы,Exalted Dynasty (SyncMe),05-07-2023,"Основными критериями для выбора являются достойный опыт в кодинге и умение создавать интеграции со сторонними сервисами, преимущественно - Chat GPT от...",,От 3 до 6 лет,Проектная работа,https://hh.ru/vacancy/83040273,Programmer,"Разработчик чат ботов. Основными критериями для выбора являются достойный опыт в кодинге и умение создавать интеграции со сторонними сервисами, преимущественно - Chat GPT от...",,0
497,Business Development Manager,,Астана,Directum,21-07-2023,"ECM/BPM/CSP платформа Directum. Отдельные решения, напр. Contracts Management, Invoice Management, AI-инструменты и др. Высшее образование.",Участвовать в планировании и координировании задач. Проводить переговоры с локальными экспертами и менеджментом потенциальных клиентов и партнёров. Выстраивать нетворкинговую сеть.,От 3 до 6 лет,Полная занятость,https://hh.ru/vacancy/83822375,Programmer,"Business Development Manager. ECM/BPM/CSP платформа Directum. Отдельные решения, напр. Contracts Management, Invoice Management, AI-инструменты и др. Высшее образование. Участвовать в планировании и координировании задач. Проводить переговоры с локальными экспертами и менеджментом потенциальных клиентов и партнёров. Выстраивать нетворкинговую сеть.",,0
498,Golang разработчик,,Алматы,Freedom Technologies,13-07-2023,Опыт разработки на Go не менее 3 лет. Опыт разработки микросервисных приложений на Go. Понимание сетевых протоколов. Знания REST API...,Создание программных решений. Управление разработкой программного обеспечения полного жизненного цикла. Технический анализ и тестирование. Участие в разработке сложного решения в...,От 3 до 6 лет,Полная занятость,https://hh.ru/vacancy/83384266,Programmer,Golang разработчик. Опыт разработки на Go не менее 3 лет. Опыт разработки микросервисных приложений на Go. Понимание сетевых протоколов. Знания REST API... Создание программных решений. Управление разработкой программного обеспечения полного жизненного цикла. Технический анализ и тестирование. Участие в разработке сложного решения в...,"go, rest api",2
499,Разработчик NodeJS,80000 - 150000 RUR,Астана,Грин-Апи,23-07-2023,"Опыт серверной разработки веб-приложений (желателен). Наличие собственных проектов, запущенных в промышленную эксплуатацию (или хотя бы пет проекты).","Участие в разработке бэкенда на NodeJS. Интеграция с RabbitMQ, MondoBD. Глубокое погружение в реверс инжиниринг приложений (Android, Web).",Нет опыта,Полная занятость,https://hh.ru/vacancy/83760123,Programmer,"Разработчик NodeJS. Опыт серверной разработки веб-приложений (желателен). Наличие собственных проектов, запущенных в промышленную эксплуатацию (или хотя бы пет проекты). Участие в разработке бэкенда на NodeJS. Интеграция с RabbitMQ, MondoBD. Глубокое погружение в реверс инжиниринг приложений (Android, Web).","android, node.js",2
500,IOS-Android developer,,Астана,АДмастерс,19-07-2023,Новые знания и сильное окружение. Не менее 3 лет профессионального опыта в разработке мобильных приложений. Уверенное знание разработки под iOS...,Разрабатывать и поддерживать функционал продукта. Вместе с командой развивать архитектуру проекта. Автоматизировать разработку и тестирование.,От 3 до 6 лет,Полная занятость,https://hh.ru/vacancy/83667080,Programmer,IOS-Android developer. Новые знания и сильное окружение. Не менее 3 лет профессионального опыта в разработке мобильных приложений. Уверенное знание разработки под iOS... Разрабатывать и поддерживать функционал продукта. Вместе с командой развивать архитектуру проекта. Автоматизировать разработку и тестирование.,"android, ios",2
501,Backend разработчик/Программист (strong junior / middle),350000 - 500000 KZT,Актау,Oktrening,20-07-2023,,"3. Вам нужно будет попунктно выполнять задачи по разработки функционала, так же тестировать, выявлять баги и устранять их, достигая поставленных...",От 1 года до 3 лет,Полная занятость,https://hh.ru/vacancy/83760919,Programmer,"Backend разработчик/Программист (strong junior / middle).  3. Вам нужно будет попунктно выполнять задачи по разработки функционала, так же тестировать, выявлять баги и устранять их, достигая поставленных...",,0
502,Инженер-схемотехник / программист микроконтроллеров,,Алматы,НПП ТехноЛаб,21-07-2023,Предпочтение инженерам-универсалам: схемотехника + программирование микроконтроллеров. Важно уметь быстро разрабатывать современную цифровую и аналоговую схемотехнику и писать под неё...,"Семейство электровелосипедов нового поколения (разработка силовой установки и систем управления, внедрение LiFePo4 батарей). - Платформа для разработки носимых устройств, интегрированная...",От 3 до 6 лет,Полная занятость,https://hh.ru/vacancy/83357120,Programmer,"Инженер-схемотехник / программист микроконтроллеров. Предпочтение инженерам-универсалам: схемотехника + программирование микроконтроллеров. Важно уметь быстро разрабатывать современную цифровую и аналоговую схемотехнику и писать под неё... Семейство электровелосипедов нового поколения (разработка силовой установки и систем управления, внедрение LiFePo4 батарей). - Платформа для разработки носимых устройств, интегрированная...",,0
503,Специалист программист 1С,150000 - 250000 KZT,Кокшетау,I.T.Expert,17-07-2023,"Опыт работы в IT, от 5 лет. Широкие компетенции в ИТ. Способность быстро обучаться. Ответственность за результаты работы.","Установка, настройка 1С. - Программное сопровождение 1С. - Администрирование 1С. - Консультация клиентов по программным продуктам 1C. -",От 3 до 6 лет,Полная занятость,https://hh.ru/vacancy/83513639,Programmer,"Специалист программист 1С. Опыт работы в IT, от 5 лет. Широкие компетенции в ИТ. Способность быстро обучаться. Ответственность за результаты работы. Установка, настройка 1С. - Программное сопровождение 1С. - Администрирование 1С. - Консультация клиентов по программным продуктам 1C. -",1c,1
504,Стажер-программист 1С,,Алматы,АЛМАЗБЕКОВ,19-07-2023,"Сертификат о прохождении курса по завершению. Ты ответственный, целеустремлённый и исполнительный.",Обучение работе в программе 1С от администрирования до программирования.,Нет опыта,Стажировка,https://hh.ru/vacancy/82954970,Programmer,"Стажер-программист 1С. Сертификат о прохождении курса по завершению. Ты ответственный, целеустремлённый и исполнительный. Обучение работе в программе 1С от администрирования до программирования.",1c,1
505,Android - разработчик (Junior+/Middle),,Астана,Тамур,10-07-2023,Хорошего знания языка Kotlin. - Хорошего знания юай фреймворка Jetpack Compose. - Опыта работы с асинхронным программированием. Понимание его принципов. -,"Flow/Coroutines. - Разрабатывать нативное приложение под Android с использованием Jetpack Compose. - Участвовать в разработке нового функционала. - Дорабатывать существующее приложения, багфикс. -",От 1 года до 3 лет,Полная занятость,https://hh.ru/vacancy/83223168,Programmer,"Android - разработчик (Junior+/Middle). Хорошего знания языка Kotlin. - Хорошего знания юай фреймворка Jetpack Compose. - Опыта работы с асинхронным программированием. Понимание его принципов. - Flow/Coroutines. - Разрабатывать нативное приложение под Android с использованием Jetpack Compose. - Участвовать в разработке нового функционала. - Дорабатывать существующее приложения, багфикс. -","android, kotlin",2
506,Backend Node.js разработчик,400000 KZT,Астана,KDS Solutions,17-07-2023,Опыт работы в разработке веб-приложений с использованием ExpressJS/TotalJS и сопутствующих технологий не менее 2 лет. - Глубокое понимание NodeJS...,"Разработка архитектуры веб-приложений на основе ExpressJS/Total.js, определение структуры компонентов и принятие технических решений. - Создание высококачественного и масштабируемого кода...",От 1 года до 3 лет,Полная занятость,https://hh.ru/vacancy/83514128,Programmer,"Backend Node.js разработчик. Опыт работы в разработке веб-приложений с использованием ExpressJS/TotalJS и сопутствующих технологий не менее 2 лет. - Глубокое понимание NodeJS... Разработка архитектуры веб-приложений на основе ExpressJS/Total.js, определение структуры компонентов и принятие технических решений. - Создание высококачественного и масштабируемого кода...","express.js, javascript, node.js",3
507,Программист-схемотехник,,Астана,SpaceLab,03-07-2023,"Требуемый опыт работы: 1–3 года. Опыт работы от 1-3 года. Требование: знание STM, ESP, ATMEGA, TMS чипов.","Схемотехника, трассировка плат, программирование чипов.",От 1 года до 3 лет,Проектная работа,https://hh.ru/vacancy/82903692,Programmer,"Программист-схемотехник. Требуемый опыт работы: 1–3 года. Опыт работы от 1-3 года. Требование: знание STM, ESP, ATMEGA, TMS чипов. Схемотехника, трассировка плат, программирование чипов.",,0
508,Разработчик С++,300000 - 1000000 KZT,Алматы,«Научно-Исследовательская Лаборатория «Гамма Технологии»,17-07-2023,"Твердые знания языков программирования С, С++. Опыт разработки приложений на языках С, С++ не менее 2-х лет.",Разработка программного обеспечения.,От 3 до 6 лет,Полная занятость,https://hh.ru/vacancy/55839478,Programmer,"Разработчик С++. Твердые знания языков программирования С, С++. Опыт разработки приложений на языках С, С++ не менее 2-х лет. Разработка программного обеспечения.",,0
509,Программист 1С,90000 - 300000 KZT,Актау,Информационный Технологический Сервис,20-07-2023,Опыт работы от 2-х лет. Высшее или среднее профессиональное образование. Практические навыки программирования на платформе 1С:Предприятие 8...,Администрирование и конфигурирование программ 1С. Поддержка и обслуживание платформы 1С 8.2/8.3. Автоматизация бизнеса клиентов с...,От 1 года до 3 лет,Полная занятость,https://hh.ru/vacancy/83757000,Programmer,Программист 1С. Опыт работы от 2-х лет. Высшее или среднее профессиональное образование. Практические навыки программирования на платформе 1С:Предприятие 8... Администрирование и конфигурирование программ 1С. Поддержка и обслуживание платформы 1С 8.2/8.3. Автоматизация бизнеса клиентов с...,1c,1
510,Middle Python Developer,,Алматы,AVIATA.KZ,22-07-2023,"Опыт работы с технологиями Redis, Rabbit MQ, Docker, либо с их аналогами. Опыт работы с SOAP, Web services и REST.",Разработка web части сайтов. Разработка REST сервисов. Разработка микросервисов. Разработка клиентов для работы со сторонними API. Написание unit тестов.,От 1 года до 3 лет,Полная занятость,https://hh.ru/vacancy/83188462,Programmer,"Middle Python Developer. Опыт работы с технологиями Redis, Rabbit MQ, Docker, либо с их аналогами. Опыт работы с SOAP, Web services и REST. Разработка web части сайтов. Разработка REST сервисов. Разработка микросервисов. Разработка клиентов для работы со сторонними API. Написание unit тестов.","docker, python, redis, soap",4
511,Front-end разработчик (Svelte),400000 KZT,Алматы,Med365,29-06-2023,"опыт работы с любым из следующих фреймворков: Angular, React, Vue, Svelte. - уверенное знание TypeScript, Javascript и ES6. -","написание кода шаблонов и компонентов для взаимодействия с внешними сервисами. - поиск и отладка проблем, работа с существующим кодом, написанным другими...",От 1 года до 3 лет,Полная занятость,https://hh.ru/vacancy/82753415,Programmer,"Front-end разработчик (Svelte). опыт работы с любым из следующих фреймворков: Angular, React, Vue, Svelte. - уверенное знание TypeScript, Javascript и ES6. - написание кода шаблонов и компонентов для взаимодействия с внешними сервисами. - поиск и отладка проблем, работа с существующим кодом, написанным другими...","angular, javascript, react, typescript, vue.js",5
512,Android разработчик,300000 - 300000 KZT,Алматы,TMT INC,22-07-2023,"Опыт разработки приложений под Android. Понимаете, что такое WebView приложения, и умеете их разрабатывать. Знаете, что такое DeepLinks и как...",Создание мобильных приложений на платформе Android.,От 1 года до 3 лет,Полная занятость,https://hh.ru/vacancy/83402509,Programmer,"Android разработчик. Опыт разработки приложений под Android. Понимаете, что такое WebView приложения, и умеете их разрабатывать. Знаете, что такое DeepLinks и как... Создание мобильных приложений на платформе Android.",android,1
513,PHP-разработчик (Laravel),,Караганда,"Олимп КДЛ, ТМ (ТОО Мырза Хан)",18-07-2023,"PHP 7-8, MySQL. Понимание принципов OOП. Уверенные знания Laravel. Опыт работы с Vue. Знание фреймоворка Yii2.","Разработка web-приложений и сайтов, доработка существующих проектов. Интеграции с различными сервисами.",От 1 года до 3 лет,Частичная занятость,https://hh.ru/vacancy/83590782,Programmer,"PHP-разработчик (Laravel). PHP 7-8, MySQL. Понимание принципов OOП. Уверенные знания Laravel. Опыт работы с Vue. Знание фреймоворка Yii2. Разработка web-приложений и сайтов, доработка существующих проектов. Интеграции с различными сервисами.","laravel, mysql, php, vue.js",4
514,Мобильный разработчик React Native,,Алматы,Орион Система,20-07-2023,JavaScript ES6+ / TypeScript. Опыт разработки на JavaScript/Typescript от 1-го года. Уверенное владение React.js и React Native.,Разработка и поддержка мобильного приложения.,От 1 года до 3 лет,Полная занятость,https://hh.ru/vacancy/83724836,Programmer,Мобильный разработчик React Native. JavaScript ES6+ / TypeScript. Опыт разработки на JavaScript/Typescript от 1-го года. Уверенное владение React.js и React Native. Разработка и поддержка мобильного приложения.,"javascript, react, react native, typescript",4
515,Back-end разработчик,400000 KZT,Алматы,PAYDA Accounting Development (ПАЙДА Аккаунтинг Девелопмент),24-07-2023,"Уверенное знание Python и фреймворка FastApi. Знание принципов ООП, SOLID, паттернов проектирования. Опыт с микросервисной и монолитной архитектурами.",Разработка и настройка ПО для интеграционных сервисов на основе микросервисной архитектуры. Создание новых систем и рефакторинг существующих систем.,От 1 года до 3 лет,Полная занятость,https://hh.ru/vacancy/82522439,Programmer,"Back-end разработчик. Уверенное знание Python и фреймворка FastApi. Знание принципов ООП, SOLID, паттернов проектирования. Опыт с микросервисной и монолитной архитектурами. Разработка и настройка ПО для интеграционных сервисов на основе микросервисной архитектуры. Создание новых систем и рефакторинг существующих систем.","fastapi, python",2
516,Python backend разработчик,300000 - 500000 KZT,Алматы,«DZHANDOSOV SOFT»,27-06-2023,Опыт работы с Python 3.6+. Опыт работы с PostgreSQL и его администрирование. Хорошее знание Django 3.2 и...,Разработка Web-приложений и сервисов. Сопровождение и поддержка Web-приложений. Написание интеграционных тестов. Шаблоны проектирования.,От 3 до 6 лет,Полная занятость,https://hh.ru/vacancy/82508298,Programmer,Python backend разработчик. Опыт работы с Python 3.6+. Опыт работы с PostgreSQL и его администрирование. Хорошее знание Django 3.2 и... Разработка Web-приложений и сервисов. Сопровождение и поддержка Web-приложений. Написание интеграционных тестов. Шаблоны проектирования.,"django, postgresql, python",3
517,Web-разработчик,150000 KZT,Алматы,Истамбеков Аден Рустамович,12-07-2023,Знание микросервисов. REST. Gitlab Cl.,Поддержка готового сайта. Разработка новых разделов. Работа с CRM. Go-kit.,От 1 года до 3 лет,Полная занятость,https://hh.ru/vacancy/83317179,Programmer,Web-разработчик. Знание микросервисов. REST. Gitlab Cl. Поддержка готового сайта. Разработка новых разделов. Работа с CRM. Go-kit.,"gitlab, go",2
518,Разработчик PHP (удаленно),,Алматы,FintechSoft (ФинтехСофт),15-07-2023,"Опыт работы с языком программирования PHP и фреймворками, такими как Laravel, Symfony или Yii2. Знание HTML, CSS и JavaScript...","Разработка и поддержка веб-приложений на языке программирования PHP. Создание эффективного и масштабируемого кода, соответствующего требованиям проекта. Интеграция веб-приложений...",От 1 года до 3 лет,Полная занятость,https://hh.ru/vacancy/83471692,Programmer,"Разработчик PHP (удаленно). Опыт работы с языком программирования PHP и фреймворками, такими как Laravel, Symfony или Yii2. Знание HTML, CSS и JavaScript... Разработка и поддержка веб-приложений на языке программирования PHP. Создание эффективного и масштабируемого кода, соответствующего требованиям проекта. Интеграция веб-приложений...","css, html, javascript, laravel, php, symfony",6
519,Developer,2000 - 2500 USD,Караганда,LenaSoftTeam spol.s r.o.,03-07-2023,"Мы ищем опытного разработчика с многолетним опытом работы на C#, MS SQL, умеющим взаимодействовать с командой разработчиков, для чего необходим...",О продукте: Автоматическая платформа торговли ценными бумагами. Минимально 5+ лет в разработке программного обеспечения .NET C#. Разработка баз данных...,Более 6 лет,Полная занятость,https://hh.ru/vacancy/76601398,Programmer,"Developer. Мы ищем опытного разработчика с многолетним опытом работы на C#, MS SQL, умеющим взаимодействовать с командой разработчиков, для чего необходим... О продукте: Автоматическая платформа торговли ценными бумагами. Минимально 5+ лет в разработке программного обеспечения .NET C#. Разработка баз данных...",".net, c#, mssql, sql",4
520,Frontend Senior Developer (Team-Lead),1000000 KZT,Алматы,Зина Групп,26-06-2023,"Стек: Vue 3 , TypeScript, JavaScript, Quasar as UiKit. Sentry / storybook (+ Figma integration). Писать код, много кода. Опыт коммерческой разработки...",Разрабатывать новые компоненты нашего продукта с нуля. Участвовать в разработке архитектуры. Проводить code-review коллег. Улучшать существующую часть продукта.,От 3 до 6 лет,Полная занятость,https://hh.ru/vacancy/82393981,Programmer,"Frontend Senior Developer (Team-Lead). Стек: Vue 3 , TypeScript, JavaScript, Quasar as UiKit. Sentry / storybook (+ Figma integration). Писать код, много кода. Опыт коммерческой разработки... Разрабатывать новые компоненты нашего продукта с нуля. Участвовать в разработке архитектуры. Проводить code-review коллег. Улучшать существующую часть продукта.","figma, javascript, typescript, vue.js",4
521,Middle Python Разработчик,,Алматы,Arbuz Group (Арбуз Груп),01-07-2023,"Опыт работы от 2-лет. Понимание алгоритмов и структур данных. Программирование на Python (FastAPI, SQLAlchemy). Умение писать чистый, тестируемый код.","Распил монолита написанной на PHP на Python. Создание и программирование алгоритмов логики работы интерфейсов и систем. Проектирование систем, подсистем и...",От 1 года до 3 лет,Полная занятость,https://hh.ru/vacancy/82870573,Programmer,"Middle Python Разработчик. Опыт работы от 2-лет. Понимание алгоритмов и структур данных. Программирование на Python (FastAPI, SQLAlchemy). Умение писать чистый, тестируемый код. Распил монолита написанной на PHP на Python. Создание и программирование алгоритмов логики работы интерфейсов и систем. Проектирование систем, подсистем и...","fastapi, php, python",3
522,Middle Unity Developer / Разработчик на Unity,250000 - 450000 KZT,Павлодар,TECHNICAL CAPABILITIES CIS,18-07-2023,"Высшее техническое образование. Опыт разработки приложений под мобильные платформы (iOS, Android) от 5-ти лет. Опыт работы в гейм-деве...",Введение в компанию. Разработка программного кода игровых приложений для мобильных платформ на C# в Unity. Взаимодействие с командой проекта: другим...,Более 6 лет,Полная занятость,https://hh.ru/vacancy/83601486,Programmer,"Middle Unity Developer / Разработчик на Unity. Высшее техническое образование. Опыт разработки приложений под мобильные платформы (iOS, Android) от 5-ти лет. Опыт работы в гейм-деве... Введение в компанию. Разработка программного кода игровых приложений для мобильных платформ на C# в Unity. Взаимодействие с командой проекта: другим...","android, c#, ios",3
523,Программист-разработчик ТОО Актех,,Алматы,AKTEH (АкТех),10-07-2023,"Базовые знания в разработке любых клиент серверных приложений. Базовые знания работы с СУБД MS SQL, SQLite и т.п.",,От 1 года до 3 лет,Полная занятость,https://hh.ru/vacancy/83192712,Programmer,"Программист-разработчик ТОО Актех. Базовые знания в разработке любых клиент серверных приложений. Базовые знания работы с СУБД MS SQL, SQLite и т.п.","mssql, sql, sqlite",3
524,"Full-stack C# разработчик (Middle+), удаленно",2400 USD,Караганда,Ерошенко,24-07-2023,"Знание C# и Net Core. Понимание принципов веб-дизайна и верстки. Знание Javascript, jQuery, CSS, Bootstrap. Дисциплинированность, желание изучать новые...",Разработка ПО на C# Net Core + Создание пользовательских интерфейсов. Оптимизация и доработка существующих проектов.,От 3 до 6 лет,Полная занятость,https://hh.ru/vacancy/83917138,Programmer,"Full-stack C# разработчик (Middle+), удаленно. Знание C# и Net Core. Понимание принципов веб-дизайна и верстки. Знание Javascript, jQuery, CSS, Bootstrap. Дисциплинированность, желание изучать новые... Разработка ПО на C# Net Core + Создание пользовательских интерфейсов. Оптимизация и доработка существующих проектов.","bootstrap, c#, css, javascript, jquery",5
525,Менеджер по продажам международных транспортных услуг / BDM / Business development manager,700000 - 1500000 KZT,Алматы,FM Logistic,12-07-2023,Опыт работы на аналогичной позиции в сфере транспортной логистики не менее 2-х лет. Опыт поиска и привлечения новых клиентов.,"Управлению цепочкой поставок, таких как складирование, перевозки. Всеми видами транспорта, упаковка и расфасовка, таможенное. Оформление. Продвижение на рынке всего спектра...",От 1 года до 3 лет,Полная занятость,https://hh.ru/vacancy/77692368,Programmer,"Менеджер по продажам международных транспортных услуг / BDM / Business development manager. Опыт работы на аналогичной позиции в сфере транспортной логистики не менее 2-х лет. Опыт поиска и привлечения новых клиентов. Управлению цепочкой поставок, таких как складирование, перевозки. Всеми видами транспорта, упаковка и расфасовка, таможенное. Оформление. Продвижение на рынке всего спектра...",,0
526,Senior IOS Developer,,Алматы,Arbuz Group (Арбуз Груп),30-06-2023,"Опыт работы от 3 лет. Уверенное знание Swift. Наличие в App Store приложений, в создании которых кандидат принимал. Участие.",Разработка и поддержка мобильного приложения под IOS. Отладка и участие в тестировании приложения. Размещение приложения в AppStore. Разработка инструкций по...,От 3 до 6 лет,Полная занятость,https://hh.ru/vacancy/82844313,Programmer,"Senior IOS Developer. Опыт работы от 3 лет. Уверенное знание Swift. Наличие в App Store приложений, в создании которых кандидат принимал. Участие. Разработка и поддержка мобильного приложения под IOS. Отладка и участие в тестировании приложения. Размещение приложения в AppStore. Разработка инструкций по...","ios, swift",2
527,Android-разработчик,,Алматы,QOMEK KAZAKHSTAN (КОМЕК КАЗАХСТАН),04-07-2023,Понимание принципов работы HTTP и REST. Знание методов обеспечения безопасности в мобильных приложениях. Знакомство с популярными паттернами проектирования.,Команде.,От 1 года до 3 лет,Полная занятость,https://hh.ru/vacancy/82968642,Programmer,Android-разработчик. Понимание принципов работы HTTP и REST. Знание методов обеспечения безопасности в мобильных приложениях. Знакомство с популярными паттернами проектирования. Команде.,android,1
528,Программист С++ (Поведение летательных аппаратов),,Алматы,Eagle Dynamics,13-07-2023,"Уверенное владение С++. Умение работать с чужим кодом (зачастую недокументированным). Знания общей физики. Знания аэродинамики, современных и исторических ЛА и...","Настройка поведения ИИ летательных аппаратов их лётной модели и модели повреждений. Разработка навигационных задач (взлёт/посадка с аэродромов, кораблей, подготовленных...",От 1 года до 3 лет,Полная занятость,https://hh.ru/vacancy/80613859,Programmer,"Программист С++ (Поведение летательных аппаратов). Уверенное владение С++. Умение работать с чужим кодом (зачастую недокументированным). Знания общей физики. Знания аэродинамики, современных и исторических ЛА и... Настройка поведения ИИ летательных аппаратов их лётной модели и модели повреждений. Разработка навигационных задач (взлёт/посадка с аэродромов, кораблей, подготовленных...",,0
529,Программист-схемотехник,,Астана,WSE,03-07-2023,"Построение электрических схем и базовых UML диаграмм (прецедентов, классов, последовательностей). Любить электронику и паяльник. Требования: Высшее техническое образование.","Комплексная разработка электронных приборов в области промышленной автоматизации (схемотехника, ПО, пусконаладка). Реверс-инжиниринг электронных приборов. Работа в Altium Designer.",От 3 до 6 лет,Полная занятость,https://hh.ru/vacancy/82886116,Programmer,"Программист-схемотехник. Построение электрических схем и базовых UML диаграмм (прецедентов, классов, последовательностей). Любить электронику и паяльник. Требования: Высшее техническое образование. Комплексная разработка электронных приборов в области промышленной автоматизации (схемотехника, ПО, пусконаладка). Реверс-инжиниринг электронных приборов. Работа в Altium Designer.",,0
530,Frontend-разработчик (middle),,Алматы,Международная беттинг компания Parimatch (ТОО БК PM Бет),24-07-2023,"Релевантный коммерческий опыт от 2-х лет. Уверенное знание JS (vanilla, ES5+). Уверенное знание React. Эксперт в HTML+CSS...","Разработка кроссплатформенных веб-приложений (desktop, mobile) с использованием React и нашей системы дизайна. Подготовка A/B тестов на фронтенде.",От 3 до 6 лет,Полная занятость,https://hh.ru/vacancy/83258599,Programmer,"Frontend-разработчик (middle). Релевантный коммерческий опыт от 2-х лет. Уверенное знание JS (vanilla, ES5+). Уверенное знание React. Эксперт в HTML+CSS... Разработка кроссплатформенных веб-приложений (desktop, mobile) с использованием React и нашей системы дизайна. Подготовка A/B тестов на фронтенде.","css, html, javascript, react",4
531,Разработчик по FLIGHTDYNAMICS / BACKEND Developer,,Астана,DOCUMENTOLOG CREATIVE STUDIO,12-07-2023,"Высшее образование: техническое или естественнонаучное направление (математика, механика и тд.). Обязателен опыт работы по разработке программного обеспечения для управления движением...","Программирование, моделирование полёта, динамики пространственного движения КА и работы системы управления в среде разработки Visual Studio/ IntelliJ IDEA (на C...",Нет опыта,Полная занятость,https://hh.ru/vacancy/83311652,Programmer,"Разработчик по FLIGHTDYNAMICS / BACKEND Developer. Высшее образование: техническое или естественнонаучное направление (математика, механика и тд.). Обязателен опыт работы по разработке программного обеспечения для управления движением... Программирование, моделирование полёта, динамики пространственного движения КА и работы системы управления в среде разработки Visual Studio/ IntelliJ IDEA (на C...",,0
532,Linux программист,200000 KZT,Алматы,Logic Development,10-07-2023,Знание linux. Знание сетей tcp/ip. Исполнительность и трудовая дисциплина.,Интеграция оборудования видеонаблюдения и скуд с web. Программирование. Понятная задача на уже существующей боевой среде.,От 3 до 6 лет,Проектная работа,https://hh.ru/vacancy/83247491,Programmer,Linux программист. Знание linux. Знание сетей tcp/ip. Исполнительность и трудовая дисциплина. Интеграция оборудования видеонаблюдения и скуд с web. Программирование. Понятная задача на уже существующей боевой среде.,"linux, tcp/ip",2
533,Мобильный разработчик,,Шымкент,beyinfotech,30-06-2023,"Опыт работы в разработке мобильных приложений для платформы iOS и/или Android. Знание языков программирования, таких как Swift, Objective-C...",Разработка и поддержка мобильных приложений для операционных систем iOS и/или Android. Участие во всех этапах жизненного цикла разработки приложений...,От 3 до 6 лет,Полная занятость,https://hh.ru/vacancy/82821450,Programmer,"Мобильный разработчик. Опыт работы в разработке мобильных приложений для платформы iOS и/или Android. Знание языков программирования, таких как Swift, Objective-C... Разработка и поддержка мобильных приложений для операционных систем iOS и/или Android. Участие во всех этапах жизненного цикла разработки приложений...","android, ios, swift",3
534,1С Разработчик,500000 - 900000 KZT,Астана,Коркем Телеком,26-06-2023,Отличное понимание функционала 1С. Бухгалтерия и 1С. ЗУП4. Базовые знания бухгалтерского учета. Знание SQL. Знание архитектуры платформы...,"Сопровождение текущих систем 1С. Бухгалтерия 8.3, 1С. ЗУП. Доработка конфигураций 1С: создание новых форм документов, отчетов...",От 3 до 6 лет,Полная занятость,https://hh.ru/vacancy/82383947,Programmer,"1С Разработчик. Отличное понимание функционала 1С. Бухгалтерия и 1С. ЗУП4. Базовые знания бухгалтерского учета. Знание SQL. Знание архитектуры платформы... Сопровождение текущих систем 1С. Бухгалтерия 8.3, 1С. ЗУП. Доработка конфигураций 1С: создание новых форм документов, отчетов...","1c, 1c zup, sql",3
535,Fullstack разработчик,,Алматы,"Small, ТМ (Скиф Сауда, ТОО)",01-07-2023,"Опыт работы в области веб-разработки от 2-х лет (Портфолио приветствуется). Опыт работы с фронтенд-технологиями и фреймворками, такими...","Разработка и реализация веб-приложений в соответствии с требованиями проекта. Это включает создание функциональных и эстетически привлекательных пользовательских интерфейсов, реализацию...",От 1 года до 3 лет,Полная занятость,https://hh.ru/vacancy/81440773,Programmer,"Fullstack разработчик. Опыт работы в области веб-разработки от 2-х лет (Портфолио приветствуется). Опыт работы с фронтенд-технологиями и фреймворками, такими... Разработка и реализация веб-приложений в соответствии с требованиями проекта. Это включает создание функциональных и эстетически привлекательных пользовательских интерфейсов, реализацию...",,0
536,Web-разработчик,150000 - 500000 KZT,Талдыкорган,Частная компания “Automated Communication Solutions Ltd.”,24-07-2023,"Знание HTML5, CSS, JavaScript (jQuery, Ajax), Bootstrap, Laravel. Понимание клиент-серверной архитектуры HTTP протокола, умение писать код, которому не...",Доработка существующего функционала корпоративной CRM системы. Автоматизация бизнес процессов предприятия созданием корпоративных подпрограмм. Создание нового функционала. Участие в разработке и...,От 1 года до 3 лет,Полная занятость,https://hh.ru/vacancy/83587940,Programmer,"Web-разработчик. Знание HTML5, CSS, JavaScript (jQuery, Ajax), Bootstrap, Laravel. Понимание клиент-серверной архитектуры HTTP протокола, умение писать код, которому не... Доработка существующего функционала корпоративной CRM системы. Автоматизация бизнес процессов предприятия созданием корпоративных подпрограмм. Создание нового функционала. Участие в разработке и...","bootstrap, css, html, javascript, jquery, laravel",6
537,Golang разработчик,,Алматы,Prime Source,30-06-2023,"Опыт разработки на Go от 3-х лет (Fiber, Gorm, Gorilla, Fast HTTP, .net/HTTP). Хорошее понимание принципа функционального программирования.",Разработка и развитие новых и существующих проектов. Оптимизация производительности приложения. Взаимодействие с внешними API. Тестирование и документирование кода.,От 3 до 6 лет,Полная занятость,https://hh.ru/vacancy/82819316,Programmer,"Golang разработчик. Опыт разработки на Go от 3-х лет (Fiber, Gorm, Gorilla, Fast HTTP, .net/HTTP). Хорошее понимание принципа функционального программирования. Разработка и развитие новых и существующих проектов. Оптимизация производительности приложения. Взаимодействие с внешними API. Тестирование и документирование кода.",".net, go",2
538,Java разработчик Middle,,Алматы,ICORE-Integration,24-07-2023,"Знание и опыт разработки на Java (Core, Spring Boot, Hibernate). Понимание принципов ООП и умение их применять. Понимание принципов работы...",Написание backend части программного обеспечения. Разработка нового функционала. Сопровождение и доработка существующего функционала. Разработка нового функционала и сопровождение/доработка существующего...,От 1 года до 3 лет,Полная занятость,https://hh.ru/vacancy/83313297,Programmer,"Java разработчик Middle. Знание и опыт разработки на Java (Core, Spring Boot, Hibernate). Понимание принципов ООП и умение их применять. Понимание принципов работы... Написание backend части программного обеспечения. Разработка нового функционала. Сопровождение и доработка существующего функционала. Разработка нового функционала и сопровождение/доработка существующего...","java, spring",2
539,Программист-стажер 1C,,Алматы,Первый БИТ,19-07-2023,"Законченное образование (высшее или средне-специальное). Высокая обучаемость, развитое логическое мышление, коммуникабельность и стрессоустойчивость. Умение программировать на любом языке будет...","Установка, настройка, обновление программных продуктов 1С. Обучение и консультирование пользователей по ведению учета в различных конфигурациях 1С.",Нет опыта,Полная занятость,https://hh.ru/vacancy/78254940,Programmer,"Программист-стажер 1C. Законченное образование (высшее или средне-специальное). Высокая обучаемость, развитое логическое мышление, коммуникабельность и стрессоустойчивость. Умение программировать на любом языке будет... Установка, настройка, обновление программных продуктов 1С. Обучение и консультирование пользователей по ведению учета в различных конфигурациях 1С.",1c,1
540,Программист на CLU,45000 - 55000 KZT,Курчатов (Казахстан),HR-Bot,13-07-2023,Опыт в разработке приложений на языке CLU более 6-и лет. Опыт разработки приложений с использованием реляционных СУБД (опыт работы...,Участие в проектах по разработке бизнес приложений в качестве программиста-разработчика бизнес приложений на CLU.,От 3 до 6 лет,Полная занятость,https://hh.ru/vacancy/83392336,Programmer,Программист на CLU. Опыт в разработке приложений на языке CLU более 6-и лет. Опыт разработки приложений с использованием реляционных СУБД (опыт работы... Участие в проектах по разработке бизнес приложений в качестве программиста-разработчика бизнес приложений на CLU.,,0
541,Backend developer (jun+/Middle/Middle+) Laravel,,Алматы,ASSAR TEAM,05-07-2023,"уверенное знание laravel/php, rest full api, ООП, mysql, git, nginx, rabbitMQ. - есть опыт работы с ubuntu +18.04...",Middle/Middle+ Backend developer (PHP/Laravel). - развитие и поддержка существующих решений. - high load оптимизация. - разработка при необходимости SPA-проектов. -,От 1 года до 3 лет,Полная занятость,https://hh.ru/vacancy/83034268,Programmer,"Backend developer (jun+/Middle/Middle+) Laravel. уверенное знание laravel/php, rest full api, ООП, mysql, git, nginx, rabbitMQ. - есть опыт работы с ubuntu +18.04... Middle/Middle+ Backend developer (PHP/Laravel). - развитие и поддержка существующих решений. - high load оптимизация. - разработка при необходимости SPA-проектов. -","git, laravel, mysql, nginx, php",5
542,1С Разработчик / 1C Developer,,Алматы,Крупная международная ритейл компания,03-07-2023,"Знание английского языка для коммуникации с головным офисом. Знание 1С 8.3 УТ, ЗУП, БУХ. Знание Oracle, MSSQL, Trasact...","Участие в проектах по внутренней автоматизации на базе программных продуктов 1С. Поддержка типовых конфигураций (ЗУП,БУХ). Написание отчетов, обработок...",Более 6 лет,Полная занятость,https://hh.ru/vacancy/82922400,Programmer,"1С Разработчик / 1C Developer. Знание английского языка для коммуникации с головным офисом. Знание 1С 8.3 УТ, ЗУП, БУХ. Знание Oracle, MSSQL, Trasact... Участие в проектах по внутренней автоматизации на базе программных продуктов 1С. Поддержка типовых конфигураций (ЗУП,БУХ). Написание отчетов, обработок...","1c, 1c zup, mssql, oracle",4
543,Программист 1С (разработчик),1000000 KZT,Алматы,Бостан,03-07-2023,"Знание ПО 1С 8.3. Нетиповые конфигурации 1С: Зарплата и управление персоналом, 1С:Бухгалтерия, Управление торговлей, Управление...",Разработка конфигураций под задачи заказчика. Обновление не типовой конфигурации. Настройка обмена между нетиповыми конфигурациями 1С. Ведение проектов.,От 1 года до 3 лет,Полная занятость,https://hh.ru/vacancy/82915564,Programmer,"Программист 1С (разработчик). Знание ПО 1С 8.3. Нетиповые конфигурации 1С: Зарплата и управление персоналом, 1С:Бухгалтерия, Управление торговлей, Управление... Разработка конфигураций под задачи заказчика. Обновление не типовой конфигурации. Настройка обмена между нетиповыми конфигурациями 1С. Ведение проектов.","1c, 1c ut, 1c zup",3
544,Разработчик Low-code (ELMA),,Караганда,"Олимп КДЛ, ТМ (ТОО Мырза Хан)",18-07-2023,"Техническое образование (ИТ, математическое, техническое). Опыт работы с реляционными СУБД (MSSQL\ MySQL\ PostgreSQL\Oracle), знание SQL. Опыт программирования C#, JavaScript...",Реализовывать решения на платформах ELMA. Участвовать в тестировании решения. Поддерживать и развивать решения. Взаимодействовать с аналитиками и разработчиками.,От 1 года до 3 лет,Полная занятость,https://hh.ru/vacancy/83590808,Programmer,"Разработчик Low-code (ELMA). Техническое образование (ИТ, математическое, техническое). Опыт работы с реляционными СУБД (MSSQL\ MySQL\ PostgreSQL\Oracle), знание SQL. Опыт программирования C#, JavaScript... Реализовывать решения на платформах ELMA. Участвовать в тестировании решения. Поддерживать и развивать решения. Взаимодействовать с аналитиками и разработчиками.","c#, javascript, mssql, mysql, oracle, postgresql, sql",7
545,Middle+/Senior JS Fullstack и Frontend разработчик,800000 - 1200000 KZT,Алматы,SoBes,18-07-2023,"Необходимые навыки и опыт: * Высокий уровень владения React и NextJS. * Знание Mui, MobX и REST API - обязательное условие для этой...",,Более 6 лет,Полная занятость,https://hh.ru/vacancy/81877349,Programmer,"Middle+/Senior JS Fullstack и Frontend разработчик. Необходимые навыки и опыт: * Высокий уровень владения React и NextJS. * Знание Mui, MobX и REST API - обязательное условие для этой...","javascript, next.js, react, rest api",4
546,Разработчик бэкенда на Java в Путешествия,,Алматы,Яндекс,19-07-2023,Знаете классические алгоритмы и структуры данных. Умеете проектировать системы.,"Яндекс Путешествия — сервис для планирования поездок по России и миру. Мы не только помогаем пользователям бронировать отели, искать билеты на...",От 3 до 6 лет,Полная занятость,https://hh.ru/vacancy/82921404,Programmer,"Разработчик бэкенда на Java в Путешествия. Знаете классические алгоритмы и структуры данных. Умеете проектировать системы. Яндекс Путешествия — сервис для планирования поездок по России и миру. Мы не только помогаем пользователям бронировать отели, искать билеты на...",java,1
547,Golang-разработчик,,Алматы,Банк ЦентрКредит,10-07-2023,"Опыт работы с микросервисной архитектурой. Понимание принципов DDD, паттернов проектирования. Опыт работы с реляционными базами данных Oracle, PostgreSQL.",Разработка и развитие новых и существующих продуктов. Оптимизация производительности приложения. Взаимодействие с внешними API. Тестирование и документирование кода.,От 1 года до 3 лет,Полная занятость,https://hh.ru/vacancy/81892859,Programmer,"Golang-разработчик. Опыт работы с микросервисной архитектурой. Понимание принципов DDD, паттернов проектирования. Опыт работы с реляционными базами данных Oracle, PostgreSQL. Разработка и развитие новых и существующих продуктов. Оптимизация производительности приложения. Взаимодействие с внешними API. Тестирование и документирование кода.","go, oracle, postgresql",3
548,Менеджер по развитию бизнеса / Business Development Manager,250000 - 1000000 KZT,Актау,Бикада,24-07-2023,"Общаться с клиентами спокойно и живо, не боясь их статуса и должности.","Находить контакты потенциальных клиентов и связываться с ними. Проводить встречи, презентовать наши услуги. Готовить коммерческие предложения. Придумывать решения под задачу...",От 3 до 6 лет,Полная занятость,https://hh.ru/vacancy/83936750,Programmer,"Менеджер по развитию бизнеса / Business Development Manager. Общаться с клиентами спокойно и живо, не боясь их статуса и должности. Находить контакты потенциальных клиентов и связываться с ними. Проводить встречи, презентовать наши услуги. Готовить коммерческие предложения. Придумывать решения под задачу...",,0
549,Middle Golang разработчик,,Алматы,Airba Marketplace,03-07-2023,"Аналогичный опыт работы не менее 2-х лет. Глубокое понимание парадигмы функционального программирования, богатый опыт его использования. Знание GO.",Построение безопасности приложений.,От 1 года до 3 лет,Полная занятость,https://hh.ru/vacancy/82910480,Programmer,"Middle Golang разработчик. Аналогичный опыт работы не менее 2-х лет. Глубокое понимание парадигмы функционального программирования, богатый опыт его использования. Знание GO. Построение безопасности приложений.",go,1
550,Full-stack разработчик,,Алматы,Банк ЦентрКредит,04-07-2023,Высшее техническое образование. Знания работы карточного оборудования. Навыки по настройки карточного оборудования. Навыки разработки в среде PL/SQL.,Развитие мультивендорного ПО на устройствах самооблуживания. Разработка сценарицев АТМ и POS. Проведение сертификационных работ на карточном оборудование. Отслеживание причин возникновения...,От 1 года до 3 лет,Полная занятость,https://hh.ru/vacancy/82952792,Programmer,Full-stack разработчик. Высшее техническое образование. Знания работы карточного оборудования. Навыки по настройки карточного оборудования. Навыки разработки в среде PL/SQL. Развитие мультивендорного ПО на устройствах самооблуживания. Разработка сценарицев АТМ и POS. Проведение сертификационных работ на карточном оборудование. Отслеживание причин возникновения...,sql,1
551,Программист-разработчик,,Алматы,СОЛО ЛЛП (SOLO LLP),22-07-2023,Образование высшее. Опыт работы от 1 года.,Программирование микроконтроллеров типа STM 32 и подобных. Разработка программ с нуля. Отладка программ. Внедрение ПО и организация его работы.,От 1 года до 3 лет,Полная занятость,https://hh.ru/vacancy/82094409,Programmer,Программист-разработчик. Образование высшее. Опыт работы от 1 года. Программирование микроконтроллеров типа STM 32 и подобных. Разработка программ с нуля. Отладка программ. Внедрение ПО и организация его работы.,,0
552,Laravel Back End разработчик,200000 - 400000 KZT,Алматы,Nomad Standard Consulting,13-07-2023,"Умение разбираться в чужом коде. Знание принципов ООП, паттернов проектирования. Отличное знание PHP/Laravel 9.x. Опыт работы на Laravel...",Доработка/рефакторинг существующих проектов. Разработка проектов с нуля согласно требованиям ТЗ. Проектирование и разработка новых сервисов. Разработка API.,От 1 года до 3 лет,Полная занятость,https://hh.ru/vacancy/83387987,Programmer,"Laravel Back End разработчик. Умение разбираться в чужом коде. Знание принципов ООП, паттернов проектирования. Отличное знание PHP/Laravel 9.x. Опыт работы на Laravel... Доработка/рефакторинг существующих проектов. Разработка проектов с нуля согласно требованиям ТЗ. Проектирование и разработка новых сервисов. Разработка API.","laravel, php",2
553,Разработчик на Unreal Engine,,Алматы,Fntastic» (Фнтастик),23-07-2023,Применять аналитическое и критическое мышление для решения нестандартных задач. Опыт программирования на C++. Умение работать с системами контроля версий (Git...,Fntastic — международная организация со штаб-квартирой в Сингапуре. Разрабатывать новые и совершенствовать существующие элементы игровой логики. Программировать различные компоненты игровых...,Нет опыта,Полная занятость,https://hh.ru/vacancy/83725622,Programmer,Разработчик на Unreal Engine. Применять аналитическое и критическое мышление для решения нестандартных задач. Опыт программирования на C++. Умение работать с системами контроля версий (Git... Fntastic — международная организация со штаб-квартирой в Сингапуре. Разрабатывать новые и совершенствовать существующие элементы игровой логики. Программировать различные компоненты игровых...,"c++, git",2
554,Business Development Manager,,Алматы,COREX,21-07-2023,Degree in administration or business field would be an asset. Knowledge of pharmaceutical or logistics industry would be a plus.,Meeting assigned targets by generating business from new and existing clients. Pro-actively hunting for target organizations and establishing communications...,От 3 до 6 лет,Полная занятость,https://hh.ru/vacancy/83809683,Programmer,Business Development Manager. Degree in administration or business field would be an asset. Knowledge of pharmaceutical or logistics industry would be a plus. Meeting assigned targets by generating business from new and existing clients. Pro-actively hunting for target organizations and establishing communications...,,0
555,Backend senior/middle разработчик,550000 KZT,Алматы,BTS architects,01-07-2023,Опыт более 3 лет в разработках. Опыт работы в machine learning.,Разработка приложения и вебсайта. Работа в команде разработчиков.,От 3 до 6 лет,Полная занятость,https://hh.ru/vacancy/82870312,Programmer,Backend senior/middle разработчик. Опыт более 3 лет в разработках. Опыт работы в machine learning. Разработка приложения и вебсайта. Работа в команде разработчиков.,machine learning,1
556,Java разработчик (ESB-разработчик),,Астана,Банковское сервисное бюро Национального Банка Казахстана,05-07-2023,"Высшее образование в области информационных технологий или сертификации, связанные с ESB-технологиями от Software AG. Знание Active Directory, принципы работы...","Разработка/доработка новых требований, сопровождение текущих ИС. Работа в команде, участие в рабочей группе. Поддержка и масштабирование созданных интеграций.",От 3 до 6 лет,Полная занятость,https://hh.ru/vacancy/83005415,Programmer,"Java разработчик (ESB-разработчик). Высшее образование в области информационных технологий или сертификации, связанные с ESB-технологиями от Software AG. Знание Active Directory, принципы работы... Разработка/доработка новых требований, сопровождение текущих ИС. Работа в команде, участие в рабочей группе. Поддержка и масштабирование созданных интеграций.","active directory, java",2
557,Ruby Developer,,Алматы,Alameta,21-07-2023,"4+ лет опыта с Ruby, с использованием Ruby on Rails. Опыт с DB: SQL (PostgreSQL), NoSQL(Redis), Elasticsearch.",Cоздание агрегаций данных и работа с внутренними сервисами. Участие в разработке новых проектов и поддержка существующих.,От 3 до 6 лет,Полная занятость,https://hh.ru/vacancy/83802546,Programmer,"Ruby Developer. 4+ лет опыта с Ruby, с использованием Ruby on Rails. Опыт с DB: SQL (PostgreSQL), NoSQL(Redis), Elasticsearch. Cоздание агрегаций данных и работа с внутренними сервисами. Участие в разработке новых проектов и поддержка существующих.","elasticsearch, postgresql, redis, ruby, sql",5
558,Инженер - программист по разработке ПО (Middle C++ Developer),,Астана,Qaz Rail Automatic,03-07-2023,"Твердые знания языков программирования С, С++. - Знание STL, Qt, Linux, POSIX, Jenkins. - Опыт работы с RS-232, RS-485, Ethernet...",,От 1 года до 3 лет,Полная занятость,https://hh.ru/vacancy/82898657,Programmer,"Инженер - программист по разработке ПО (Middle C++ Developer). Твердые знания языков программирования С, С++. - Знание STL, Qt, Linux, POSIX, Jenkins. - Опыт работы с RS-232, RS-485, Ethernet...","c++, jenkins, linux",3
559,Flutter-разработчик,1000000 - 1500000 KZT,Алматы,CtrlA,02-07-2023,Знание английского языка.,Разработка мобильного приложения (система Flutter).,От 3 до 6 лет,Полная занятость,https://hh.ru/vacancy/82878683,Programmer,Flutter-разработчик. Знание английского языка. Разработка мобильного приложения (система Flutter).,flutter,1
560,Middle Python Developer,,Астана,Itransition,13-07-2023,2+ years of experience in IT. Experience in Python web development within Fast API framework with async requests.,,От 1 года до 3 лет,Полная занятость,https://hh.ru/vacancy/83409606,Programmer,Middle Python Developer. 2+ years of experience in IT. Experience in Python web development within Fast API framework with async requests.,"fastapi, python",2
561,Middle IOS разработчик,,Алматы,Мобайл Телеком-Сервис (Объединенная Компания Tele2/ALTEL),10-07-2023,"Отлично знаешь iOS SDK и архитектуру iOS. Отлично владеешь Swift. Знаешь и применял в работе MVVM, MVP, MVI.",Разрабатывать новые компоненты/модули в имеющемся приложении. Поддерживать уже существующие компоненты/модули. Проектировать (вместе с командой и тех.,От 1 года до 3 лет,Полная занятость,https://hh.ru/vacancy/83188081,Programmer,"Middle IOS разработчик. Отлично знаешь iOS SDK и архитектуру iOS. Отлично владеешь Swift. Знаешь и применял в работе MVVM, MVP, MVI. Разрабатывать новые компоненты/модули в имеющемся приложении. Поддерживать уже существующие компоненты/модули. Проектировать (вместе с командой и тех.","ios, swift",2
562,Разработчик Full Stack в Яндекс Вертикали,,Алматы,Яндекс,21-07-2023,"Любите проектировать архитектуру, а затем писать код. Работали в сфере финтеха.","CM.Finance — совместный продукт Auto.ru и CM.Expert, который помогает кампаниям выкупать автомобили с минимальными рисками. Сервис предоставляет мощную realtime-платформу по...",Более 6 лет,Полная занятость,https://hh.ru/vacancy/83812853,Programmer,"Разработчик Full Stack в Яндекс Вертикали. Любите проектировать архитектуру, а затем писать код. Работали в сфере финтеха. CM.Finance — совместный продукт Auto.ru и CM.Expert, который помогает кампаниям выкупать автомобили с минимальными рисками. Сервис предоставляет мощную realtime-платформу по...",,0
563,Senior Backend developer (Remote),3000 - 4500 USD,Алматы,РОДЖИИ ЕВРОПА,07-07-2023,"Отличное знание Java. Опыт создания REST-api. Опыт в написании микросервисов. Знание алгоритмов, структур данных и принципов выбора эффективных решений.","Разработка облачного сервиса для компании Роджии. Участие в проектировании и разработке смежных компонент (облачные модули, вычислительные модули, графика и др.).",Более 6 лет,Полная занятость,https://hh.ru/vacancy/83156182,Programmer,"Senior Backend developer (Remote). Отличное знание Java. Опыт создания REST-api. Опыт в написании микросервисов. Знание алгоритмов, структур данных и принципов выбора эффективных решений. Разработка облачного сервиса для компании Роджии. Участие в проектировании и разработке смежных компонент (облачные модули, вычислительные модули, графика и др.).",java,1
564,Frontend developer vue middle,,Астана,АДмастерс,19-07-2023,Новые знания и сильное окружение. Опыт коммерческой frontend разработки от 3-х лет. Знание современных стандартов и методов разработки веб...,"Поддерживать и развивать архитектуру проекта. Поднимать новый проект для переноса сайта на новые технологии (TypeScript, Vue3 +Vuetify) Разбирать старые...",От 3 до 6 лет,Полная занятость,https://hh.ru/vacancy/83667280,Programmer,"Frontend developer vue middle. Новые знания и сильное окружение. Опыт коммерческой frontend разработки от 3-х лет. Знание современных стандартов и методов разработки веб... Поддерживать и развивать архитектуру проекта. Поднимать новый проект для переноса сайта на новые технологии (TypeScript, Vue3 +Vuetify) Разбирать старые...","typescript, vue.js",2
565,Full Stack Developer,,Кокшетау,Eurasia Group Kazakhstan,10-07-2023,"Уверенные знания Python / Django. Уверенное знание JS (ES5, ES6). Уверенное знание React или Vue.js. Возможность сверстать страничку используя...",Доработка существующих проектов. Разработка API. Оперативно сдавать текущие проекты и приступать к новым. Проектирования архитектур веб-приложения. Проверка кода других...,От 3 до 6 лет,Полная занятость,https://hh.ru/vacancy/81846033,Programmer,"Full Stack Developer. Уверенные знания Python / Django. Уверенное знание JS (ES5, ES6). Уверенное знание React или Vue.js. Возможность сверстать страничку используя... Доработка существующих проектов. Разработка API. Оперативно сдавать текущие проекты и приступать к новым. Проектирования архитектур веб-приложения. Проверка кода других...","django, javascript, python, react, vue.js",5
566,Junior Ruby on Rails Developer,,Астана,Itransition,11-07-2023,"Basic Ruby programming skills. Understanding of web development principles. Understanding the basics of version control systems (Git, Subversion).",,Нет опыта,Полная занятость,https://hh.ru/vacancy/83267445,Programmer,"Junior Ruby on Rails Developer. Basic Ruby programming skills. Understanding of web development principles. Understanding the basics of version control systems (Git, Subversion).","git, ruby",2
567,Программист 1C,200000 - 800000 KZT,Актобе,Rubin Servis,10-07-2023,Опыт работы в конфигурировании на управляемых формах. Желание развиваться как специалист.,"Доработка типовых и отраслевых конфигураций, разработка отчетов и обработок. Обновление нетиповых конфигураций. Участие в проектах.",От 3 до 6 лет,Полная занятость,https://hh.ru/vacancy/83190624,Programmer,"Программист 1C. Опыт работы в конфигурировании на управляемых формах. Желание развиваться как специалист. Доработка типовых и отраслевых конфигураций, разработка отчетов и обработок. Обновление нетиповых конфигураций. Участие в проектах.",1c,1
568,Backend разработчик/Программист (str junior / middle),350000 - 500000 KZT,Шымкент,Oktrening,23-07-2023,,"3. Вам нужно будет попунктно выполнять задачи по разработки функционала, так же тестировать, выявлять баги и устранять их, достигая поставленных...",От 1 года до 3 лет,Полная занятость,https://hh.ru/vacancy/83759656,Programmer,"Backend разработчик/Программист (str junior / middle).  3. Вам нужно будет попунктно выполнять задачи по разработки функционала, так же тестировать, выявлять баги и устранять их, достигая поставленных...",,0
569,Разработчик NO CODE,200000 - 300000 KZT,Алматы,Частная компания “Automated Communication Solutions Ltd.”,23-07-2023,Уметь работать с базами данных. Обладать алгоритмическим мышлением. Умение адаптироваться под разные задачи/ многозадачность. Уверенный пользователь ПК и Google таблиц.,"Обучение в сфере построения бизнес-процессов и автоматизации коммуникаций основанной на AI. Отслеживание состояния продукта, его статистику и хода выполнения...",От 1 года до 3 лет,Полная занятость,https://hh.ru/vacancy/83042328,Programmer,"Разработчик NO CODE. Уметь работать с базами данных. Обладать алгоритмическим мышлением. Умение адаптироваться под разные задачи/ многозадачность. Уверенный пользователь ПК и Google таблиц. Обучение в сфере построения бизнес-процессов и автоматизации коммуникаций основанной на AI. Отслеживание состояния продукта, его статистику и хода выполнения...",,0
570,Разработчик процессов Elma BPM,,Алматы,Цифровизация,13-07-2023,Знание и хороший опыт работы с системой ELMA.,Разработка и запуск в эксплуатацию бизнес-процессов для компании на ELMA BMP.,Более 6 лет,Проектная работа,https://hh.ru/vacancy/83395079,Programmer,Разработчик процессов Elma BPM. Знание и хороший опыт работы с системой ELMA. Разработка и запуск в эксплуатацию бизнес-процессов для компании на ELMA BMP.,,0
571,Программист 1С,300000 KZT,Алматы,Ирбис Soft»,03-07-2023,"Иметь знание SQL, умение работать с базами данных. Иметь понимание принципов ООП. Приветствуется опыт работы в 1С.",Разрабатывать интеграционные модули. Сопровождать и поддерживать разработанный функционал (service desk). Тестировать свой код.,От 1 года до 3 лет,Полная занятость,https://hh.ru/vacancy/82888101,Programmer,"Программист 1С. Иметь знание SQL, умение работать с базами данных. Иметь понимание принципов ООП. Приветствуется опыт работы в 1С. Разрабатывать интеграционные модули. Сопровождать и поддерживать разработанный функционал (service desk). Тестировать свой код.","1c, sql",2
572,Senior Full stack Developer,1000000 - 1500000 KZT,Астана,Development Support Services,20-07-2023,"Отличное знание: Python, Django, Django Admin, Django REST Framework 6 / 7, React, Redux. - Базовые знания: Docker, Kubernetes, etc. -",Разрабатывать API для мобильных приложений клиента и драйвера. - Писать внутреннюю админку для трекинга и управления водителями. - Улучшать визуализацию данных на...,От 3 до 6 лет,Полная занятость,https://hh.ru/vacancy/83774456,Programmer,"Senior Full stack Developer. Отличное знание: Python, Django, Django Admin, Django REST Framework 6 / 7, React, Redux. - Базовые знания: Docker, Kubernetes, etc. - Разрабатывать API для мобильных приложений клиента и драйвера. - Писать внутреннюю админку для трекинга и управления водителями. - Улучшать визуализацию данных на...","django, docker, kubernetes, python, react",5
573,Senior – разработчик (Lead web developer),,Астана,ENEGIX,24-07-2023,"Сервер: php, MySQL. Хорошие знания PHP. Знания базы данных: MySQL (обязательно. Proficient in HTML, CSS, and JavaScript. Expertise in frameworks...","Front-end: HTML, CSS, JS. Умение давать оценку сроков выполнения задач и соблюдать их, вовремя сигнализировать о проблемах.",От 1 года до 3 лет,Полная занятость,https://hh.ru/vacancy/83932699,Programmer,"Senior – разработчик (Lead web developer). Сервер: php, MySQL. Хорошие знания PHP. Знания базы данных: MySQL (обязательно. Proficient in HTML, CSS, and JavaScript. Expertise in frameworks... Front-end: HTML, CSS, JS. Умение давать оценку сроков выполнения задач и соблюдать их, вовремя сигнализировать о проблемах.","css, html, javascript, mysql, php",5
574,Java разработчик,,Астана,ProPeople Global,10-07-2023,"Умение понимать чужой код, проводить рефакторинг кода. Знание и применение SOLID, DRY, KISS. Хорошие знания фреймворков, используемых в проекте и...","Разработка и поддержка серверной части приложений на языке Java. Проектирование, разработка и оптимизация backend-системы и ее компонентов.",От 3 до 6 лет,Полная занятость,https://hh.ru/vacancy/83189231,Programmer,"Java разработчик. Умение понимать чужой код, проводить рефакторинг кода. Знание и применение SOLID, DRY, KISS. Хорошие знания фреймворков, используемых в проекте и... Разработка и поддержка серверной части приложений на языке Java. Проектирование, разработка и оптимизация backend-системы и ее компонентов.",java,1
575,Middle Unity Developer,2000 - 3000 USD,Алматы,Kimikosoft,23-07-2023,"Опыт от 2х лет в разработке мобильных приложений, использующих Unity. Способность писать читаемый, поддерживаемый и расширяемый код.","Оптимизация, поддержка и расширение текущих проектов (RAM, performance, app size). Верстка UI. Работа со спайн-анимациями. Интеграция сторонних плагинов и...",От 1 года до 3 лет,Полная занятость,https://hh.ru/vacancy/83279189,Programmer,"Middle Unity Developer. Опыт от 2х лет в разработке мобильных приложений, использующих Unity. Способность писать читаемый, поддерживаемый и расширяемый код. Оптимизация, поддержка и расширение текущих проектов (RAM, performance, app size). Верстка UI. Работа со спайн-анимациями. Интеграция сторонних плагинов и...",,0
576,Backend developer (Senior),2000000 KZT,Алматы,TECHSOLUTIONS LTD. (ТЕКСОЛЮШНС ЛТД.),18-07-2023,"C#, .Net 6. SQL, Redis. AWS. Docker. Microservices. English: intermediate. Опыт работы по методологии Agile (Scrum). Опыт работы в облачной...",Участие в разработке серверного кода. Интеграция сторонних приложений. Интеграция внутренних и внешних API. Разработка платформы на основе микросервисов.,От 3 до 6 лет,Полная занятость,https://hh.ru/vacancy/77447423,Programmer,"Backend developer (Senior). C#, .Net 6. SQL, Redis. AWS. Docker. Microservices. English: intermediate. Опыт работы по методологии Agile (Scrum). Опыт работы в облачной... Участие в разработке серверного кода. Интеграция сторонних приложений. Интеграция внутренних и внешних API. Разработка платформы на основе микросервисов.",".net, agile, aws, c#, docker, redis, scrum, sql",8
577,Разработчик на Unreal Engine,,Астана,Fntastic» (Фнтастик),23-07-2023,Применять аналитическое и критическое мышление для решения нестандартных задач. Опыт программирования на C++. Умение работать с системами контроля версий (Git...,Fntastic — международная организация со штаб-квартирой в Сингапуре. Разрабатывать новые и совершенствовать существующие элементы игровой логики. Программировать различные компоненты игровых...,Нет опыта,Полная занятость,https://hh.ru/vacancy/83725621,Programmer,Разработчик на Unreal Engine. Применять аналитическое и критическое мышление для решения нестандартных задач. Опыт программирования на C++. Умение работать с системами контроля версий (Git... Fntastic — международная организация со штаб-квартирой в Сингапуре. Разрабатывать новые и совершенствовать существующие элементы игровой логики. Программировать различные компоненты игровых...,"c++, git",2
578,Web-программист (Bitrix-разработчик),,Караганда,Компания Hoster.KZ,22-07-2023,"Опыт разработки проектов на CMS 1C-Битрикс не менее 1 года. Уверенное знание PHP, MySQL, Javascript, HTML, CSS (умение...",Разработка и сопровождение веб-сайтов на CMS 1C-Битрикс. Разработка новых модулей и компонентов. Подключение платежных систем и служб...,Нет опыта,Полная занятость,https://hh.ru/vacancy/83387356,Programmer,"Web-программист (Bitrix-разработчик). Опыт разработки проектов на CMS 1C-Битрикс не менее 1 года. Уверенное знание PHP, MySQL, Javascript, HTML, CSS (умение... Разработка и сопровождение веб-сайтов на CMS 1C-Битрикс. Разработка новых модулей и компонентов. Подключение платежных систем и служб...","1c, css, html, javascript, mysql, php",6
579,Training & Development Manager,,Астана,АСБИС Казахстан,19-07-2023,Previous experience as a Training & Development Manager or in a similar field. Proficiency in English and Russian. Excellent verbal and...,We are looking for an experienced Training & Development Manager for Breezy Company to improve the productivity of the employees.,От 1 года до 3 лет,Полная занятость,https://hh.ru/vacancy/83707963,Programmer,Training & Development Manager. Previous experience as a Training & Development Manager or in a similar field. Proficiency in English and Russian. Excellent verbal and... We are looking for an experienced Training & Development Manager for Breezy Company to improve the productivity of the employees.,,0
580,Программист-консультант 1C,,Алматы,"Казтелепорт, АО",27-06-2023,,Прием и выполнение заявок от пользователей информационной системы 1С Комплексная автоматизация для Казахстана. Коммуникация с разработчиками по заявкам от...,От 3 до 6 лет,Полная занятость,https://hh.ru/vacancy/82490954,Programmer,Программист-консультант 1C.  Прием и выполнение заявок от пользователей информационной системы 1С Комплексная автоматизация для Казахстана. Коммуникация с разработчиками по заявкам от...,1c,1
581,Программист 1с (удаленно),,Костанай,IT TOP,09-07-2023,Опыт работы на управляемых формах и с расширениями. Умение разбираться в чужом коде.,"Доработки 1с различного характера, согласно ТЗ. Отчеты, обработки, документы, расширения.",От 3 до 6 лет,Частичная занятость,https://hh.ru/vacancy/83181369,Programmer,"Программист 1с (удаленно). Опыт работы на управляемых формах и с расширениями. Умение разбираться в чужом коде. Доработки 1с различного характера, согласно ТЗ. Отчеты, обработки, документы, расширения.",1c,1
582,"Программист 1С ""Бухгалтерия""",500000 KZT,Алматы,АБДИ Компани,18-07-2023,Знали особенности ведения бухгалтерского учёта. Умели отстаивать свою точку зрения. Доводили начатое до конца. Не боялись нестандартных ситуаций.,"Обновление нетиповых конфигураций 1С Бухгалтерия для Казахстана 3.0. Разработка нового, доработка существующего функционала 1С по готовым техническим...",От 1 года до 3 лет,Полная занятость,https://hh.ru/vacancy/83624805,Programmer,"Программист 1С ""Бухгалтерия"". Знали особенности ведения бухгалтерского учёта. Умели отстаивать свою точку зрения. Доводили начатое до конца. Не боялись нестандартных ситуаций. Обновление нетиповых конфигураций 1С Бухгалтерия для Казахстана 3.0. Разработка нового, доработка существующего функционала 1С по готовым техническим...","1c, 1c accounting",2
583,Frontend-разработчик,,Алматы,Сәтті Жұлдыз,12-07-2023,"HTML, CSS, JavaScript. Bootstrap, React, XML, Json. Опыт разработки на JavaScript/TypeScript, React.js не менее 4-х лет. Опыт менторства.",Написание программного кода с заданным качеством и в соответствии с корпоративными стандартами разработки. Поддержка и оптимизация текущих проектов.,От 3 до 6 лет,Полная занятость,https://hh.ru/vacancy/72274536,Programmer,"Frontend-разработчик. HTML, CSS, JavaScript. Bootstrap, React, XML, Json. Опыт разработки на JavaScript/TypeScript, React.js не менее 4-х лет. Опыт менторства. Написание программного кода с заданным качеством и в соответствии с корпоративными стандартами разработки. Поддержка и оптимизация текущих проектов.","bootstrap, css, html, javascript, react, typescript",6
584,Разработчик бизнес-процессов / Разработчик Atlassian,600000 KZT,Алматы,Колеса,21-07-2023,"Точные следования поставленным задачам. Умение находить общий язык с людьми. Не ждать задач, а постоянно дополнять, улучшать и полностью переделывать.",Разработка бизнес-процессов. Поддержка существующих бизнес-процессов. Разработка дополнительной логики бизнес процессов путем написания кода и процедур (на данный момент...,От 1 года до 3 лет,Полная занятость,https://hh.ru/vacancy/82281386,Programmer,"Разработчик бизнес-процессов / Разработчик Atlassian. Точные следования поставленным задачам. Умение находить общий язык с людьми. Не ждать задач, а постоянно дополнять, улучшать и полностью переделывать. Разработка бизнес-процессов. Поддержка существующих бизнес-процессов. Разработка дополнительной логики бизнес процессов путем написания кода и процедур (на данный момент...",,0
585,Инженер-электронщик / программист микроконтроллеров,,Астана,НПП ТехноЛаб,21-07-2023,Предпочтение инженерам-универсалам: схемотехника + программирование микроконтроллеров. Важно уметь быстро разрабатывать современную цифровую и аналоговую схемотехнику и писать под неё...,"Семейство электровелосипедов нового поколения (разработка силовой установки и систем управления, внедрение LiFePo4 батарей). - Платформа для разработки носимых устройств, интегрированная...",От 3 до 6 лет,Полная занятость,https://hh.ru/vacancy/83357119,Programmer,"Инженер-электронщик / программист микроконтроллеров. Предпочтение инженерам-универсалам: схемотехника + программирование микроконтроллеров. Важно уметь быстро разрабатывать современную цифровую и аналоговую схемотехнику и писать под неё... Семейство электровелосипедов нового поколения (разработка силовой установки и систем управления, внедрение LiFePo4 батарей). - Платформа для разработки носимых устройств, интегрированная...",,0
586,".NET, C#, Azure developer",2000 - 4000 USD,Астана,SimpleCode,06-07-2023,Excellent knowledge of .net framework. Ability to effectively solve complex problems in highly loaded multicomponent environment. At least 2 years...,Remote work. Reward for writing technical articles. Yearly bonuses. Transparent growth of technical skills within the company based on the...,От 1 года до 3 лет,Полная занятость,https://hh.ru/vacancy/83077500,Programmer,".NET, C#, Azure developer. Excellent knowledge of .net framework. Ability to effectively solve complex problems in highly loaded multicomponent environment. At least 2 years... Remote work. Reward for writing technical articles. Yearly bonuses. Transparent growth of technical skills within the company based on the...",".net, azure, c#",3
587,Unity developer,100000 - 150000 RUR,Астана,Pixorbi,08-07-2023,Опыт работы в Unity и программирования на C#. Понимание принципов ООП. Умение работать с GIT. Активное взаимодействие с гейм дизайнером.,Верстка интерфейса в Unity. Разработка новых игровых механик. Оптимизация уже написанного кода.,От 3 до 6 лет,Полная занятость,https://hh.ru/vacancy/83179194,Programmer,Unity developer. Опыт работы в Unity и программирования на C#. Понимание принципов ООП. Умение работать с GIT. Активное взаимодействие с гейм дизайнером. Верстка интерфейса в Unity. Разработка новых игровых механик. Оптимизация уже написанного кода.,"c#, git",2
588,1С Программист - Разработчик (Middle/Senior 1С Разработчик) в г. Алматы,,Алматы,Медикер,20-07-2023,Знания в области ИТ. Знание платформы и конфигурации 1С 8.3. Реализация доработок и новых разработок в соответствии со...,"Доработка текущего и разработка нового функционала 1С:Медицина. Больница, под задачи компании. Доработка и разработка интеграций с внутренними корпоративными...",От 1 года до 3 лет,Полная занятость,https://hh.ru/vacancy/83732746,Programmer,"1С Программист - Разработчик (Middle/Senior 1С Разработчик) в г. Алматы. Знания в области ИТ. Знание платформы и конфигурации 1С 8.3. Реализация доработок и новых разработок в соответствии со... Доработка текущего и разработка нового функционала 1С:Медицина. Больница, под задачи компании. Доработка и разработка интеграций с внутренними корпоративными...",1c,1
589,Python Backend-разработчик,,Алматы,ALLUR AUTO,20-07-2023,"Опыт в разработке ПО не менее 3 лет. Опыт работы с Python, Flask, Django. Опыт работы с базами данных.",Разработка и поддержка серверной части приложения. Работа с базами данных и кэшированием данных. Создание и поддержка API для взаимодействия с...,От 3 до 6 лет,Полная занятость,https://hh.ru/vacancy/81930954,Programmer,"Python Backend-разработчик. Опыт в разработке ПО не менее 3 лет. Опыт работы с Python, Flask, Django. Опыт работы с базами данных. Разработка и поддержка серверной части приложения. Работа с базами данных и кэшированием данных. Создание и поддержка API для взаимодействия с...","django, flask, python",3
590,Affiliate-manager/Аккаунт-менеджер/Менеджер по ведению партнеров/BDM (Business Development Manager),200000 - 2000000 KZT,Алматы,TMT INC,23-07-2023,Опыт в продажах. Базовые знания в сфере маркетинга. Понимание рынка CPA/affiliate рекламы. Знание английского B2+.,"Активное привлечение новых партнеров, а так же обработка входящих обращений. Консультация и поддержка имеющихся партнеров. Консультация, помощь и завлечение перспективных...",От 1 года до 3 лет,Полная занятость,https://hh.ru/vacancy/83768745,Programmer,"Affiliate-manager/Аккаунт-менеджер/Менеджер по ведению партнеров/BDM (Business Development Manager). Опыт в продажах. Базовые знания в сфере маркетинга. Понимание рынка CPA/affiliate рекламы. Знание английского B2+. Активное привлечение новых партнеров, а так же обработка входящих обращений. Консультация и поддержка имеющихся партнеров. Консультация, помощь и завлечение перспективных...",,0
591,"Fullstack-разработчик (PHP, senior)",1000000 - 1500000 KZT,Алматы,AiSa,26-06-2023,"Опыт работы в разработках Fullstack более 3-х лет. Знание PHP, Java. От 3-х лет в сфере разработки веб...","Зона ответственности сотрудника: Разработка мобильных приложений (будет плюсом). Доработка маркетплейса как с нуля, так и с коробки. Разработка функционала с...",От 3 до 6 лет,Полная занятость,https://hh.ru/vacancy/82397080,Programmer,"Fullstack-разработчик (PHP, senior). Опыт работы в разработках Fullstack более 3-х лет. Знание PHP, Java. От 3-х лет в сфере разработки веб... Зона ответственности сотрудника: Разработка мобильных приложений (будет плюсом). Доработка маркетплейса как с нуля, так и с коробки. Разработка функционала с...","java, php",2
592,Инженер-программист АСУ ТП,,Караганда,Алтай Полиметаллы,13-07-2023,Требования: инженерно-экономическое или техническое образование и стаж работы по специальности не менее 3 лет. Ключевые навыки программиста:,"Работы с оборудованием и программным обеспечением Siemens(S7-400, S7-1200, S7-300), Allen Bradley Написание и...",От 3 до 6 лет,Полная занятость,https://hh.ru/vacancy/83371345,Programmer,"Инженер-программист АСУ ТП. Требования: инженерно-экономическое или техническое образование и стаж работы по специальности не менее 3 лет. Ключевые навыки программиста: Работы с оборудованием и программным обеспечением Siemens(S7-400, S7-1200, S7-300), Allen Bradley Написание и...",,0
593,Unity - разработчик,,Астана,"Назарбаев интеллектуальные школы, Автономная организация образования",22-07-2023,Навыки от 2 лет. Unity: Минимальная версия 2020. Понимание ООП (Объектно-ориентированное программирование). Умение работать с интерфейсом. Умение работать с...,"Задачи: Разработка симуляторов на Unity3D под операционную систему Windows, включая создание и расширение функциональности симуляторов. Работа с графикой...",От 3 до 6 лет,Полная занятость,https://hh.ru/vacancy/82294063,Programmer,"Unity - разработчик. Навыки от 2 лет. Unity: Минимальная версия 2020. Понимание ООП (Объектно-ориентированное программирование). Умение работать с интерфейсом. Умение работать с... Задачи: Разработка симуляторов на Unity3D под операционную систему Windows, включая создание и расширение функциональности симуляторов. Работа с графикой...",,0
594,Программист 1С (SENIOR/MIDDLE),400000 KZT,Петропавловск,Антис-Мед,03-07-2023,"Обучение пользователей. Выполнение такого спектра обязанностей ,требует большого объема знаний и навыков, поэтому Нам важно наличие Высшего образования в области...",Разработка модификаций и конфигураций 1С. -Поддержка и обновление существующих систем. -Работа с базами данных. -Анализ требований бизнеса и преобразование...,От 3 до 6 лет,Полная занятость,https://hh.ru/vacancy/82886270,Programmer,"Программист 1С (SENIOR/MIDDLE). Обучение пользователей. Выполнение такого спектра обязанностей ,требует большого объема знаний и навыков, поэтому Нам важно наличие Высшего образования в области... Разработка модификаций и конфигураций 1С. -Поддержка и обновление существующих систем. -Работа с базами данных. -Анализ требований бизнеса и преобразование...",1c,1
595,Программист 1С,,Астана,БСС,23-07-2023,"Опыт работы не менее 2-х лет с любым из программных продуктов 1С Предприятие: (УТ, Розница, Документооборот).",Разработка информационной системы на базе платформы 1С Предприятие 8.3. Сопровождение типовых и измененных конфигураций 1С Предприятие.,От 1 года до 3 лет,Полная занятость,https://hh.ru/vacancy/83545520,Programmer,"Программист 1С. Опыт работы не менее 2-х лет с любым из программных продуктов 1С Предприятие: (УТ, Розница, Документооборот). Разработка информационной системы на базе платформы 1С Предприятие 8.3. Сопровождение типовых и измененных конфигураций 1С Предприятие.",1c,1
596,"Разработчик C#, Собственные продажи, Управление контентом и торговлей",,Астана,Ozon,03-07-2023,"Уверенные знания .NET и C# – на уровне Middle и выше. Практический опыт работы с базами данных, знание SQL и умение...",Разрабатывать business-critical для компании проекты и обеспечивать стабильность их работы. Писать качественный и покрытый тестами код. Участвовать в стендапах...,От 3 до 6 лет,Полная занятость,https://hh.ru/vacancy/81609732,Programmer,"Разработчик C#, Собственные продажи, Управление контентом и торговлей. Уверенные знания .NET и C# – на уровне Middle и выше. Практический опыт работы с базами данных, знание SQL и умение... Разрабатывать business-critical для компании проекты и обеспечивать стабильность их работы. Писать качественный и покрытый тестами код. Участвовать в стендапах...",".net, c#, sql",3
597,Senior Android Native developer,5000 - 9000 USD,Алматы,ТРТ,13-07-2023,"The company offers exposure to a variety of industries and technologies, room to grow as a professional, time in projects...",Verifiable experience in building and using CI/CD/Auto tools and platforms.,Более 6 лет,Полная занятость,https://hh.ru/vacancy/83411003,Programmer,"Senior Android Native developer. The company offers exposure to a variety of industries and technologies, room to grow as a professional, time in projects... Verifiable experience in building and using CI/CD/Auto tools and platforms.","android, ci/cd",2
598,Программист 1C,330000 - 400000 KZT,Алматы,Sinooil,19-07-2023,Высшее образование (информационные технологии). Навыки конфигурирования и настройки 1С. Знание интеграционных аспектов. Опыт работы с пользовательскими отчетами.,"Поддержка и сопровождение системы 1С. Разработка и актуализация операционных инструкций и другой проектной документации. Тестирование функциональности системы, в т.",От 1 года до 3 лет,Полная занятость,https://hh.ru/vacancy/83657230,Programmer,"Программист 1C. Высшее образование (информационные технологии). Навыки конфигурирования и настройки 1С. Знание интеграционных аспектов. Опыт работы с пользовательскими отчетами. Поддержка и сопровождение системы 1С. Разработка и актуализация операционных инструкций и другой проектной документации. Тестирование функциональности системы, в т.",1c,1
599,BI Developer,,Алматы,Мобайл Телеком-Сервис (Объединенная Компания Tele2/ALTEL),10-07-2023,"Образование: высшее в области технологий (ИТ/Телеком), математики, экономики. Статистика – начальный уровень. Продвинутые знания реляционных баз данных: Опыт работы с...",Поддержку и развитие BI инструментария. Построение дашбордов и отчетности. Обучение пользователей использованию BI. Развивать Self-Service Business Intelligence (BI).,От 1 года до 3 лет,Полная занятость,https://hh.ru/vacancy/83203260,Programmer,"BI Developer. Образование: высшее в области технологий (ИТ/Телеком), математики, экономики. Статистика – начальный уровень. Продвинутые знания реляционных баз данных: Опыт работы с... Поддержку и развитие BI инструментария. Построение дашбордов и отчетности. Обучение пользователей использованию BI. Развивать Self-Service Business Intelligence (BI).",,0
600,Программист 1C,,Астана,Банур НС,19-07-2023,Опыт разработки на языке 1С от 5 лет. Опыт работы с Веб-сервисами. Опыт интеграции с внешними системами.,1С:ERP. 1С:Комплексная автоматизация. 1С: Розница. Доработка типовых конфигураций на платформе 1С (1С:ERP...,Более 6 лет,Полная занятость,https://hh.ru/vacancy/83676621,Programmer,Программист 1C. Опыт разработки на языке 1С от 5 лет. Опыт работы с Веб-сервисами. Опыт интеграции с внешними системами. 1С:ERP. 1С:Комплексная автоматизация. 1С: Розница. Доработка типовых конфигураций на платформе 1С (1С:ERP...,"1c, erp",2
601,Java/Python developer Lead,,Алматы,Народный банк Казахстана,13-07-2023,Знание языка программирования Python or Java (Senior). Опыт разработки ETL/ELT процессов. Опыт работы с БД (Oracle / Greenplum или аналоги).,Разработка Spark приложений для обработки данных. Оптимизация существующих приложений. Code review. Управление небольшой командой разработчиков (до 5 человек).,От 1 года до 3 лет,Полная занятость,https://hh.ru/vacancy/83388921,Programmer,Java/Python developer Lead. Знание языка программирования Python or Java (Senior). Опыт разработки ETL/ELT процессов. Опыт работы с БД (Oracle / Greenplum или аналоги). Разработка Spark приложений для обработки данных. Оптимизация существующих приложений. Code review. Управление небольшой командой разработчиков (до 5 человек).,"etl, java, oracle, python, spark",5
602,Back-end разработчик (Golang),,Алматы,TECHNODOM Operator (Технодом Оператор),20-07-2023,"Плюсом будет: Интерес к развитию и в других направлениях. Есть микросервисы на Java11/Kotlin (Spring, Camunda). Знание английского языка...","Разрабатывать высоконагруженные и распределенные решения на Golang. Участвовать в разработке от проработки архитектуры и написания кода, до мониторинга работы под...",От 1 года до 3 лет,Полная занятость,https://hh.ru/vacancy/81584220,Programmer,"Back-end разработчик (Golang). Плюсом будет: Интерес к развитию и в других направлениях. Есть микросервисы на Java11/Kotlin (Spring, Camunda). Знание английского языка... Разрабатывать высоконагруженные и распределенные решения на Golang. Участвовать в разработке от проработки архитектуры и написания кода, до мониторинга работы под...","go, kotlin, spring",3
603,Разработчик Low-code (CRM Creatio),,Алматы,"Beeline, ТМ",17-07-2023,"Опыт работы CRM Creatio не менее 3-х лет и аналогичных BPM системах. Знание .NET, C#, JavaScript, CSS, HTML.","Разработка программного обеспечения в системе CRM Creatio, работа с заказчиками и продуктовой командой. Анализ и проведение новых доработок в Creatio...",От 1 года до 3 лет,Полная занятость,https://hh.ru/vacancy/83518279,Programmer,"Разработчик Low-code (CRM Creatio). Опыт работы CRM Creatio не менее 3-х лет и аналогичных BPM системах. Знание .NET, C#, JavaScript, CSS, HTML. Разработка программного обеспечения в системе CRM Creatio, работа с заказчиками и продуктовой командой. Анализ и проведение новых доработок в Creatio...",".net, c#, css, html, javascript",5
604,Разработчик 1С,,Алматы,СберРешения,14-07-2023,Высшее образование. Опыт работы в должности разработчика 1С: ЗУП и Бухгалтерия предприятия от 1 года.,"Выполнение заявок от внутренних пользователей по настройке и доработке 1С. Участие в разработке нового функционала, обработок и отчетов в...",От 1 года до 3 лет,Полная занятость,https://hh.ru/vacancy/83454625,Programmer,"Разработчик 1С. Высшее образование. Опыт работы в должности разработчика 1С: ЗУП и Бухгалтерия предприятия от 1 года. Выполнение заявок от внутренних пользователей по настройке и доработке 1С. Участие в разработке нового функционала, обработок и отчетов в...","1c, 1c zup",2
605,Дизайнер / разработчик адаптационных курсов,,Астана,ForteBank,05-07-2023,"В рамках развития программы адаптации для новых работников мы в поисках кандидата, который поможет проанализировать имеющиеся электронные курсы новичков и...",создание/переработка имеющихся электронных курсов с использованием программного обеспечения ISpring / формат SCORM. - умение готовить и оформлять презентации. - доступная визуализация данных...,От 1 года до 3 лет,Полная занятость,https://hh.ru/vacancy/83002960,Programmer,"Дизайнер / разработчик адаптационных курсов. В рамках развития программы адаптации для новых работников мы в поисках кандидата, который поможет проанализировать имеющиеся электронные курсы новичков и... создание/переработка имеющихся электронных курсов с использованием программного обеспечения ISpring / формат SCORM. - умение готовить и оформлять презентации. - доступная визуализация данных...",,0
606,Программист 1С,,Алматы,"Galanz Bottlers, АО",29-06-2023,"Типовые конфигурации 1С: Зарплата и управление персоналом, 1С:Бухгалтерия, Управление торговлей 2.0,3.0 , Управление производственным предприятием...",Поддержка и развитие существующих информационных систем клиента на платформе 1С:Предприятие 8.3. Решение задач по интеграции с внешними...,Более 6 лет,Полная занятость,https://hh.ru/vacancy/82791737,Programmer,"Программист 1С. Типовые конфигурации 1С: Зарплата и управление персоналом, 1С:Бухгалтерия, Управление торговлей 2.0,3.0 , Управление производственным предприятием... Поддержка и развитие существующих информационных систем клиента на платформе 1С:Предприятие 8.3. Решение задач по интеграции с внешними...","1c, 1c ut, 1c zup",3
607,BDM/Business Development Manager по направлению Электрические сети,500000 KZT,Алматы,ST Integrator Company,17-07-2023,Высшее образование (экономическое/техническое). Опыт работы в В2В продажах от 3-х лет. Технические знания в области видеонаблюдения...,Разработка и реализация стратегий по увеличению продаж по направлениям электрические сети и каблирование. Сотрудничество с отделами продаж и маркетинга для...,От 3 до 6 лет,Полная занятость,https://hh.ru/vacancy/83550115,Programmer,BDM/Business Development Manager по направлению Электрические сети. Высшее образование (экономическое/техническое). Опыт работы в В2В продажах от 3-х лет. Технические знания в области видеонаблюдения... Разработка и реализация стратегий по увеличению продаж по направлениям электрические сети и каблирование. Сотрудничество с отделами продаж и маркетинга для...,,0
608,Middle Fullstack-Разработчик,450000 - 750000 KZT,Алматы,Athena Plus,01-07-2023,"Требуемые навыки: MySQL. XML/JSON. Опыт работы как с микросервисными, так и монолитными архитектурами.",Дополнительно к Node.js - Express (библиотека для взаимодействия платформы Node.js с сервером) и/или Mongo DB (база данных для получения и...,От 1 года до 3 лет,Полная занятость,https://hh.ru/vacancy/82866762,Programmer,"Middle Fullstack-Разработчик. Требуемые навыки: MySQL. XML/JSON. Опыт работы как с микросервисными, так и монолитными архитектурами. Дополнительно к Node.js - Express (библиотека для взаимодействия платформы Node.js с сервером) и/или Mongo DB (база данных для получения и...","javascript, mongodb, mysql, node.js",4
609,Front-end разработчик,,Алматы,Академия Профилактической Медицины,04-07-2023,"хорошие знания JavaScript. — опыт React, Redux, Saga от 3-x лет. — понимание концепций ООП разработки. — опыт TypeScript и NodeJs.",Фронтенд.,От 3 до 6 лет,Полная занятость,https://hh.ru/vacancy/82995310,Programmer,"Front-end разработчик. хорошие знания JavaScript. — опыт React, Redux, Saga от 3-x лет. — понимание концепций ООП разработки. — опыт TypeScript и NodeJs. Фронтенд.","javascript, node.js, react, typescript",4
610,Методолог / продуктолог / менеджер отдела Research and Development,,Алматы,Республиканская школа лидерства Жаңа Ұрпақ,13-07-2023,"Опыт проведения тренингов, вебинаров по hard и soft-skills (продуктовое обучение, продажи, переговоры, коммуникации, обслуживание клиентов) от 1 года.","Организует процессы непрерывного развития продуктов компании. Разрабатывать тренинговые программы, онлайн и оффлайн тренинги, мастер – классы, онлайн курсы и методические материалы...",От 1 года до 3 лет,Полная занятость,https://hh.ru/vacancy/83370387,Programmer,"Методолог / продуктолог / менеджер отдела Research and Development. Опыт проведения тренингов, вебинаров по hard и soft-skills (продуктовое обучение, продажи, переговоры, коммуникации, обслуживание клиентов) от 1 года. Организует процессы непрерывного развития продуктов компании. Разрабатывать тренинговые программы, онлайн и оффлайн тренинги, мастер – классы, онлайн курсы и методические материалы...",,0
611,Ведущий программист 1C,,Астана,КМГ-Кумколь,19-07-2023,"Опыт разработки клиент-серверных приложений на платформе 1С 8.3, работа с хранилищем конфигурации. — Опыт совместной разработки, работа в...","Доработка типовых конфигураций 1С ERP, Бух 3.0, ЗУП 3.1 и прочие. — Разработка новых конфигураций на основе БСП. —",От 1 года до 3 лет,Полная занятость,https://hh.ru/vacancy/83680855,Programmer,"Ведущий программист 1C. Опыт разработки клиент-серверных приложений на платформе 1С 8.3, работа с хранилищем конфигурации. — Опыт совместной разработки, работа в... Доработка типовых конфигураций 1С ERP, Бух 3.0, ЗУП 3.1 и прочие. — Разработка новых конфигураций на основе БСП. —","1c, 1c zup, erp",3
612,Старший программист 1с/Team Lead,1000000 - 1500000 KZT,Алматы,ИНФОРМАЦИОННЫЕ СИСТЕМЫ БИЗНЕСА,23-07-2023,Знание ERP системы будет преимуществом. Требования: Опыт работы от 1 года. Знание Программы 1С.,"Управление и обучение команды программистов 1С. - Сопровождение, разработка и участие во внедрении программных приложений на платформе 1С.",От 3 до 6 лет,Полная занятость,https://hh.ru/vacancy/83766465,Programmer,"Старший программист 1с/Team Lead. Знание ERP системы будет преимуществом. Требования: Опыт работы от 1 года. Знание Программы 1С. Управление и обучение команды программистов 1С. - Сопровождение, разработка и участие во внедрении программных приложений на платформе 1С.","1c, erp",2
613,Senior Full stack Developer,1000000 - 1500000 KZT,Алматы,Development Support Services,20-07-2023,"Отличное знание: Python, Django, Django Admin, Django REST Framework 6 / 7, React, Redux. - Базовые знания: Docker, Kubernetes, etc. -",Разрабатывать API для мобильных приложений клиента и драйвера. - Писать внутреннюю админку для трекинга и управления водителями. - Улучшать визуализацию данных на...,От 3 до 6 лет,Полная занятость,https://hh.ru/vacancy/83774457,Programmer,"Senior Full stack Developer. Отличное знание: Python, Django, Django Admin, Django REST Framework 6 / 7, React, Redux. - Базовые знания: Docker, Kubernetes, etc. - Разрабатывать API для мобильных приложений клиента и драйвера. - Писать внутреннюю админку для трекинга и управления водителями. - Улучшать визуализацию данных на...","django, docker, kubernetes, python, react",5
614,Full-Stack Разработчик,,Алматы,QazCloud,20-07-2023,"Испытанные навыки в Python , PHP , Go и др. 3+ лет опыта в области разработки. Опыт работы с популярными фреймворками...","Развитие и поддержка продукта ""Бонусы"" на telecom.kz, терминалы самообслуживания. Разработка микросервисов и клиентов для работы со сторонними API.",От 3 до 6 лет,Полная занятость,https://hh.ru/vacancy/83748564,Programmer,"Full-Stack Разработчик. Испытанные навыки в Python , PHP , Go и др. 3+ лет опыта в области разработки. Опыт работы с популярными фреймворками... Развитие и поддержка продукта ""Бонусы"" на telecom.kz, терминалы самообслуживания. Разработка микросервисов и клиентов для работы со сторонними API.","go, php, python",3
615,Business Development Manager,400000 KZT,Астана,АДмастерс,14-07-2023,"Опыт работы в сфере продаж или развития бизнеса от 5 лет. Уверенные навыки коммуникации и презентации, способность убеждать и влиять...",Активный поиск новых клиентов и партнеров для расширения клиентской базы компании. Ведение переговоров и презентаций продуктов и услуг компании.,От 3 до 6 лет,Полная занятость,https://hh.ru/vacancy/83428727,Programmer,"Business Development Manager. Опыт работы в сфере продаж или развития бизнеса от 5 лет. Уверенные навыки коммуникации и презентации, способность убеждать и влиять... Активный поиск новых клиентов и партнеров для расширения клиентской базы компании. Ведение переговоров и презентаций продуктов и услуг компании.",,0
616,Business Development Manager (inDrive.Delivery),,Алматы,inDrive,24-07-2023,"Successful experience (at least 5 years) in project management, operations, e-commerce business management or delivery management as a business...",Launch and development of new clients and partners. Support of the full cycle of client connection: signing of the contract...,Более 6 лет,Полная занятость,https://hh.ru/vacancy/83926004,Programmer,"Business Development Manager (inDrive.Delivery). Successful experience (at least 5 years) in project management, operations, e-commerce business management or delivery management as a business... Launch and development of new clients and partners. Support of the full cycle of client connection: signing of the contract...",,0
617,Разработчик ПО (Middle),,Астана,Азия-Софт Сервис ЛТД,10-07-2023,"Java SE, PostgreSQL, Java Spring, REST API, SOAP. Желательно: framework – Oracle ADF (Oracle JDeveloper). - наличие опыта реализации и поддержки сервисов...","Процесс разработки: обследование задачи, написание программного кода, отладка, сдача проекта. Технологический стек: Проект: сопровождение, развитие систем. Формат: офлайн или онлайн...",От 3 до 6 лет,Полная занятость,https://hh.ru/vacancy/83229785,Programmer,"Разработчик ПО (Middle). Java SE, PostgreSQL, Java Spring, REST API, SOAP. Желательно: framework – Oracle ADF (Oracle JDeveloper). - наличие опыта реализации и поддержки сервисов... Процесс разработки: обследование задачи, написание программного кода, отладка, сдача проекта. Технологический стек: Проект: сопровождение, развитие систем. Формат: офлайн или онлайн...","java, oracle, postgresql, rest api, soap, spring",6
618,Программист 1С,250000 KZT,Шымкент,Smart System Solutions,21-07-2023,"Навыки написания интеграций и обменов с CRM и ERP системами. Навыки написания оптимального кода, запросов. Знание оперативного и бухгалтерского учетов.",Оптимизация и автоматизация бизнес-процессов компании. Разработка новых и доработка текущих механизмов в разных системах. Разработка обменов с другими CRM...,От 3 до 6 лет,Полная занятость,https://hh.ru/vacancy/82913790,Programmer,"Программист 1С. Навыки написания интеграций и обменов с CRM и ERP системами. Навыки написания оптимального кода, запросов. Знание оперативного и бухгалтерского учетов. Оптимизация и автоматизация бизнес-процессов компании. Разработка новых и доработка текущих механизмов в разных системах. Разработка обменов с другими CRM...","1c, erp",2
619,Senior Java backend разработчик,,Алматы,ДОЧЕРНЯЯ ОРГАНИЗАЦИЯ НАРОДНОГО БАНКА КАЗАХСТАНА HALYK FINSERVICE,20-07-2023,"Опыт разработки Java (Kotlin), Spring Boot, JPA. Опыт работы с Docker и K8s. Опыт работы с реляционными БД...",Участвовать в разработке серверного кода. Разрабатывать решения на основе микросервисов. Автоматизировать тестирование (юнит / интеграционного / e2e ). Проводить ревью кода...,От 3 до 6 лет,Полная занятость,https://hh.ru/vacancy/83733127,Programmer,"Senior Java backend разработчик. Опыт разработки Java (Kotlin), Spring Boot, JPA. Опыт работы с Docker и K8s. Опыт работы с реляционными БД... Участвовать в разработке серверного кода. Разрабатывать решения на основе микросервисов. Автоматизировать тестирование (юнит / интеграционного / e2e ). Проводить ревью кода...","docker, java, kotlin, kubernetes, spring",5
620,Frontend-разработчик Эксперт,,Алматы,Банк ЦентрКредит,04-07-2023,Опыт разработки на React JS от 2-х лет. Опыт разработки Web-приложений и UI компонентов. Знание современного JavaScript.,Разработка и развитие новых и существующих продуктов. Оптимизация производительности приложения. Взаимодействие с внешними API. Тестирование и документирование кода.,От 3 до 6 лет,Полная занятость,https://hh.ru/vacancy/82977614,Programmer,Frontend-разработчик Эксперт. Опыт разработки на React JS от 2-х лет. Опыт разработки Web-приложений и UI компонентов. Знание современного JavaScript. Разработка и развитие новых и существующих продуктов. Оптимизация производительности приложения. Взаимодействие с внешними API. Тестирование и документирование кода.,"javascript, react",2
621,Colvir Разработчик (PL/SQL),,Алматы,Банк ЦентрКредит,23-07-2023,ORACLE PL/Sql (advanced level) - на уровне написания больших сложносоставных запросов и других объектов БД ORACLE. Практический опыт использования VCS...,"Работа в ПО COLVIR в направлениях модулей: Главная книга, Зарплатный модуль, Персонал. АХД, Налоговый учет. Написание процедур/функций для миграции...",От 1 года до 3 лет,Полная занятость,https://hh.ru/vacancy/83431785,Programmer,"Colvir Разработчик (PL/SQL). ORACLE PL/Sql (advanced level) - на уровне написания больших сложносоставных запросов и других объектов БД ORACLE. Практический опыт использования VCS... Работа в ПО COLVIR в направлениях модулей: Главная книга, Зарплатный модуль, Персонал. АХД, Налоговый учет. Написание процедур/функций для миграции...","oracle, sql",2
622,Инженер-программист АСУТП,,Алматы,ТехноНИКОЛЬ,19-07-2023,"Высшее образование в области: Автоматизация и управление, радиотехника и электроника. Опыт работы наладчиком/ инженером КИПиА.","Развитие и поддержка производственных систем управления, программирование/настройка и диагностика неисправностей ПЛК (SIEMENS SIMATIC S7-1500/1200), ЧРП, КИПиА.",От 3 до 6 лет,Полная занятость,https://hh.ru/vacancy/83673842,Programmer,"Инженер-программист АСУТП. Высшее образование в области: Автоматизация и управление, радиотехника и электроника. Опыт работы наладчиком/ инженером КИПиА. Развитие и поддержка производственных систем управления, программирование/настройка и диагностика неисправностей ПЛК (SIEMENS SIMATIC S7-1500/1200), ЧРП, КИПиА.",,0
623,PHP Developer (Yii2),1000 - 2000 USD,Караганда,Mediabet,11-07-2023,"Опыт работы с PHP, JavaScript. - Знание веб-верстки. - Уверенные знания PHP 7+, знание фреймворка Yii2. - Внимание к деталям...","Проектирование и разработка новых сервисов. - Поддержка существующих сайтов и сервсиво, рефакторинг и оптимизация существующего кода. - Проектирование решений для реализации задуманного...",От 3 до 6 лет,Полная занятость,https://hh.ru/vacancy/83272528,Programmer,"PHP Developer (Yii2). Опыт работы с PHP, JavaScript. - Знание веб-верстки. - Уверенные знания PHP 7+, знание фреймворка Yii2. - Внимание к деталям... Проектирование и разработка новых сервисов. - Поддержка существующих сайтов и сервсиво, рефакторинг и оптимизация существующего кода. - Проектирование решений для реализации задуманного...","javascript, php",2
624,React Native разработчик,250000 - 700000 KZT,Астана,Documentolog,22-07-2023,Знание современных стандартов и методов разработки веб-приложений. - Отличные знания JavaScript. - Отличные знания HTML5 и CSS3. -,"Создание и поддержка приложения на React Native. - Работать в команде с дизайнерами и менеджерами. - Анализ требований, составление плана работ и...",От 1 года до 3 лет,Полная занятость,https://hh.ru/vacancy/83223225,Programmer,"React Native разработчик. Знание современных стандартов и методов разработки веб-приложений. - Отличные знания JavaScript. - Отличные знания HTML5 и CSS3. - Создание и поддержка приложения на React Native. - Работать в команде с дизайнерами и менеджерами. - Анализ требований, составление плана работ и...","css, html, javascript, react, react native",5
625,Разработчик C#.NET,,Астана,Business and Technology Services,18-07-2023,"ASP.NET Core 6, EF Core 6. БД: MS SQL 2019. Языки: C#, T-SQL. Jira, Gitlab. Успешный релевантный опыт.",Agile-разработка ИТ-системы согласно ТЗ в команде «под ключ»: Создание кода методом ППП (псевдокод). Проектирование БД. Применение паттернов проектирования...,От 3 до 6 лет,Полная занятость,https://hh.ru/vacancy/83589756,Programmer,"Разработчик C#.NET. ASP.NET Core 6, EF Core 6. БД: MS SQL 2019. Языки: C#, T-SQL. Jira, Gitlab. Успешный релевантный опыт. Agile-разработка ИТ-системы согласно ТЗ в команде «под ключ»: Создание кода методом ППП (псевдокод). Проектирование БД. Применение паттернов проектирования...",".net, agile, c#, gitlab, jira, mssql, sql",7
626,Программист 1С ЗУП,,Тараз,Казфосфат,20-07-2023,"Высшее образование в сфере ИТ. Опыт работы не менее 3 лет. Знание платформы 1С8.2, 1С8...","Администрирование SQL базы данных комплекса 1С: «Зарплата и управление персоналом» (ЗУП 8.2). Бэкапирование и восстановление средствами SQL, средствами...",От 1 года до 3 лет,Полная занятость,https://hh.ru/vacancy/83767691,Programmer,"Программист 1С ЗУП. Высшее образование в сфере ИТ. Опыт работы не менее 3 лет. Знание платформы 1С8.2, 1С8... Администрирование SQL базы данных комплекса 1С: «Зарплата и управление персоналом» (ЗУП 8.2). Бэкапирование и восстановление средствами SQL, средствами...","1c, 1c zup, sql",3
627,Программист 1С,100000 - 400000 KZT,Алматы,Avangard Business Solutions,30-06-2023,Необходим опыт работы 1-2 года и выше. Знание типовых конфигураций. Опыт конфигурирования прикладных решений.,Доработка конфигураций. Оценка работ. Поддержка и консультации пользователей. Доработка подсистем и модулей существующих конфигураций; на базе платформы 1С 8.,От 1 года до 3 лет,Полная занятость,https://hh.ru/vacancy/82830082,Programmer,Программист 1С. Необходим опыт работы 1-2 года и выше. Знание типовых конфигураций. Опыт конфигурирования прикладных решений. Доработка конфигураций. Оценка работ. Поддержка и консультации пользователей. Доработка подсистем и модулей существующих конфигураций; на базе платформы 1С 8.,1c,1
628,Middle PHP разработчик,300000 - 600000 KZT,Караганда,WOOPPAY,21-07-2023,"Писать чистый код, следовать принципам: DRY, YAGNI, KISS SOLID. GoF паттерны проектирования. Уметь работать с legacy кодом и проводить рефакторинг.",Разработка веб-приложений. Исправление багов. Сопровождение и рефакторинг существующих проектов. Написание авто тестов.,От 1 года до 3 лет,Полная занятость,https://hh.ru/vacancy/83816233,Programmer,"Middle PHP разработчик. Писать чистый код, следовать принципам: DRY, YAGNI, KISS SOLID. GoF паттерны проектирования. Уметь работать с legacy кодом и проводить рефакторинг. Разработка веб-приложений. Исправление багов. Сопровождение и рефакторинг существующих проектов. Написание авто тестов.",php,1
629,IOS разработчик,,Алматы,Prime Source,27-06-2023,Опыт IOS разработки от 2-х лет. Опыт разработки и проектирования архитектуры приложения или отдельных фич.,,От 3 до 6 лет,Полная занятость,https://hh.ru/vacancy/82551475,Programmer,IOS разработчик. Опыт IOS разработки от 2-х лет. Опыт разработки и проектирования архитектуры приложения или отдельных фич.,ios,1
630,1С Программист,,Алматы,СК Jusan Garant,24-07-2023,"Образование высшее или средне специальное (Программирование, ИТ/ИБ). Знание типовых конфигураций 1С и знание языка программирования 1С.","Поддержка работы 1С Бухгалтерия 8,3. Разработка нового функционала, доработки имеющегося. Анализ кода и рефакторинг. Написание отчетов и доработка...",От 1 года до 3 лет,Полная занятость,https://hh.ru/vacancy/83911113,Programmer,"1С Программист. Образование высшее или средне специальное (Программирование, ИТ/ИБ). Знание типовых конфигураций 1С и знание языка программирования 1С. Поддержка работы 1С Бухгалтерия 8,3. Разработка нового функционала, доработки имеющегося. Анализ кода и рефакторинг. Написание отчетов и доработка...","1c, 1c accounting",2
631,Channel and category development manager,,Алматы,Danone в России,10-07-2023,5-10 years of experience in Sales/Category Management/KA Management/Trade Terms Management in a leading FMCG companies or...,"Define respective strategic goals in terms of investments strategy, based on customers segmentation. Ensure that customer’s trade terms conditionality...",Более 6 лет,Полная занятость,https://hh.ru/vacancy/83241327,Programmer,"Channel and category development manager. 5-10 years of experience in Sales/Category Management/KA Management/Trade Terms Management in a leading FMCG companies or... Define respective strategic goals in terms of investments strategy, based on customers segmentation. Ensure that customer’s trade terms conditionality...",,0
632,1C УТ программист,,Алматы,Chocofamily,12-07-2023,"Профессиональный опыт программирования на базе 1С УТ. Знание конструктивной работы в УТ 3.0. Обмен УТ 3.0, БП...",Автоматизация бизнес-процессов работы склада. Доработка функционала под требования бизнеса для УТ. Обмен между УТ и 1С бухгалтерией.,От 1 года до 3 лет,Полная занятость,https://hh.ru/vacancy/83340008,Programmer,"1C УТ программист. Профессиональный опыт программирования на базе 1С УТ. Знание конструктивной работы в УТ 3.0. Обмен УТ 3.0, БП... Автоматизация бизнес-процессов работы склада. Доработка функционала под требования бизнеса для УТ. Обмен между УТ и 1С бухгалтерией.","1c, 1c ut",2
633,Старший инженер программист 1С,700000 - 800000 KZT,Астана,DIBA GROUP,24-07-2023,Опыт разработки на платформе 1С:Предприятие 8.x от 3-х лет. Знание принципов клиент-серверной архитектуры 1С.,Разработка новых инструментов и доработка существующих в наших системах 1С. Проработка и оптимизация архитектуры и алгоритмов. Решение задач интеграции...,От 3 до 6 лет,Полная занятость,https://hh.ru/vacancy/83922263,Programmer,Старший инженер программист 1С. Опыт разработки на платформе 1С:Предприятие 8.x от 3-х лет. Знание принципов клиент-серверной архитектуры 1С. Разработка новых инструментов и доработка существующих в наших системах 1С. Проработка и оптимизация архитектуры и алгоритмов. Решение задач интеграции...,1c,1
634,Java Middle Developer,,Астана,Itransition,23-07-2023,"1+ years of experience in IT. Experience with modern Java technologies for server solutions (Kotlin, Java 8+), Spring...",,От 1 года до 3 лет,Полная занятость,https://hh.ru/vacancy/80964202,Programmer,"Java Middle Developer. 1+ years of experience in IT. Experience with modern Java technologies for server solutions (Kotlin, Java 8+), Spring...","java, kotlin, spring",3
635,Backend разработчик/Программист (str junior / middle),350000 - 500000 KZT,Атырау,Oktrening,24-07-2023,,"3. Вам нужно будет попунктно выполнять задачи по разработки функционала, так же тестировать, выявлять баги и устранять их, достигая поставленных...",От 1 года до 3 лет,Полная занятость,https://hh.ru/vacancy/82171735,Programmer,"Backend разработчик/Программист (str junior / middle).  3. Вам нужно будет попунктно выполнять задачи по разработки функционала, так же тестировать, выявлять баги и устранять их, достигая поставленных...",,0
636,Программист 1С,100000 - 500000 KZT,Петропавловск,KARPOV GROUP,03-07-2023,"Желание работать и развиваться в сфере 1С. -Понимание программы 1С 8. -Способность работать в режиме многозадачности. -Ответственность, самостоятельность.","разработка и поддержка конфигураций на платформе 8 (УНФ, Бухгалтерия, Торговля). -интеграция информационных систем. -разработки дополнительных отчетов и обработок. -",От 3 до 6 лет,Полная занятость,https://hh.ru/vacancy/82916188,Programmer,"Программист 1С. Желание работать и развиваться в сфере 1С. -Понимание программы 1С 8. -Способность работать в режиме многозадачности. -Ответственность, самостоятельность. разработка и поддержка конфигураций на платформе 8 (УНФ, Бухгалтерия, Торговля). -интеграция информационных систем. -разработки дополнительных отчетов и обработок. -","1c, 1c unf",2
637,Разработчик. Net,,Алматы,Жилищный строительный сберегательный банк Отбасы банк,03-07-2023,От 2-х лет в сфере разработки и сопровождения мобильных приложений на Flutter. Основные требования. От 2-х лет в...,"Разработка, внедрение информационных систем компании. Разработка интеграционных сервисов. Доработка и сопровождение программного обеспечения.",От 1 года до 3 лет,Полная занятость,https://hh.ru/vacancy/82888746,Programmer,"Разработчик. Net. От 2-х лет в сфере разработки и сопровождения мобильных приложений на Flutter. Основные требования. От 2-х лет в... Разработка, внедрение информационных систем компании. Разработка интеграционных сервисов. Доработка и сопровождение программного обеспечения.",flutter,1
638,Middle Программист 1С,550000 - 800000 KZT,Алматы,ВНЕДРЕНИЕ.KZ,13-07-2023,"Знания структур, массив, таблица значений, соответствие, циклы, условия, выборка и их методы). - Уверенное знание Конвертации (переносы, обмены не типовые). -","Требуемые hard skills: - Написание не сложных обработок (печатные формы, обработки по групповому изменению данных). - Написание обработок по загрузке из разных...",От 1 года до 3 лет,Полная занятость,https://hh.ru/vacancy/83338316,Programmer,"Middle Программист 1С. Знания структур, массив, таблица значений, соответствие, циклы, условия, выборка и их методы). - Уверенное знание Конвертации (переносы, обмены не типовые). - Требуемые hard skills: - Написание не сложных обработок (печатные формы, обработки по групповому изменению данных). - Написание обработок по загрузке из разных...",1c,1
639,PHP\Laravel Middle Разработчик,500000 KZT,Алматы,Lead Partners,23-07-2023,Опыт работы от 2 лет в разработке на PHP и использовании фреймворка Laravel. - Глубокое понимание принципов объектно-ориентированного программирования (ООП). -,Разработка и поддержка веб-приложений на базе PHP и фреймворка Laravel. - Участие в проектировании архитектуры приложений. - Оптимизация и улучшение существующего...,От 3 до 6 лет,Полная занятость,https://hh.ru/vacancy/83724995,Programmer,PHP\Laravel Middle Разработчик. Опыт работы от 2 лет в разработке на PHP и использовании фреймворка Laravel. - Глубокое понимание принципов объектно-ориентированного программирования (ООП). - Разработка и поддержка веб-приложений на базе PHP и фреймворка Laravel. - Участие в проектировании архитектуры приложений. - Оптимизация и улучшение существующего...,"laravel, php",2
640,Программист PLC SCADA,,Степногорск,Казахалтын Тechnology,17-07-2023,"Высшее или среднее техническое образование по специализации IT-технологий, автоматизация и управление, информационные системы). Стаж работы по специальности не менее...",Обеспечение бесперебойной работы АСУ ТП. Разработка технологии решения задачи по всем этапам обработки информации.,От 3 до 6 лет,Полная занятость,https://hh.ru/vacancy/83517385,Programmer,"Программист PLC SCADA. Высшее или среднее техническое образование по специализации IT-технологий, автоматизация и управление, информационные системы). Стаж работы по специальности не менее... Обеспечение бесперебойной работы АСУ ТП. Разработка технологии решения задачи по всем этапам обработки информации.",,0
641,Разработчик NO CODE,150000 KZT,Талдыкорган,Частная компания “Automated Communication Solutions Ltd.”,23-07-2023,Уметь работать с базами данных. Обладать алгоритмическим мышлением. Умение адаптироваться под разные задачи/ многозадачность. Уверенный пользователь ПК и Google таблиц.,"Обучение в сфере построения бизнес-процессов и автоматизации коммуникаций основанной на AI. Отслеживание состояния продукта, его статистику и хода выполнения...",Нет опыта,Полная занятость,https://hh.ru/vacancy/83529459,Programmer,"Разработчик NO CODE. Уметь работать с базами данных. Обладать алгоритмическим мышлением. Умение адаптироваться под разные задачи/ многозадачность. Уверенный пользователь ПК и Google таблиц. Обучение в сфере построения бизнес-процессов и автоматизации коммуникаций основанной на AI. Отслеживание состояния продукта, его статистику и хода выполнения...",,0
642,Backend разработчик/Программист (strong junior / middle),350000 - 500000 KZT,Караганда,Oktrening,20-07-2023,,"3. Вам нужно будет попунктно выполнять задачи по разработки функционала, так же тестировать, выявлять баги и устранять их, достигая поставленных...",От 1 года до 3 лет,Полная занятость,https://hh.ru/vacancy/83760917,Programmer,"Backend разработчик/Программист (strong junior / middle).  3. Вам нужно будет попунктно выполнять задачи по разработки функционала, так же тестировать, выявлять баги и устранять их, достигая поставленных...",,0
643,PHP-разработчик (Team leader),,Алматы,ALSER (Gulser Computers),19-07-2023,Отличное знание PHP. Опыт разработки с Yii2-framework или Laravel. Опыт работы с MySQL. Четкое понимание и применение паттернов...,,От 3 до 6 лет,Полная занятость,https://hh.ru/vacancy/83674024,Programmer,PHP-разработчик (Team leader). Отличное знание PHP. Опыт разработки с Yii2-framework или Laravel. Опыт работы с MySQL. Четкое понимание и применение паттернов...,"laravel, mysql, php",3
644,Программист 1С,,Алматы,Hyundai Trans Kazakhstan,21-07-2023,"Знание: СКД, Web сервисы, http сервисы, Конвертация 2.0. Желательно знание конфигурации ERP 2.4. Отличное знание встроенного языка.","Разработка новых модулей, отчетов, обработок. Доработка модулей существующих конфигураций. Обновление нетиповых и сопровождение существующих конфигураций. Обмены со сторонними ПО.",От 3 до 6 лет,Полная занятость,https://hh.ru/vacancy/83334353,Programmer,"Программист 1С. Знание: СКД, Web сервисы, http сервисы, Конвертация 2.0. Желательно знание конфигурации ERP 2.4. Отличное знание встроенного языка. Разработка новых модулей, отчетов, обработок. Доработка модулей существующих конфигураций. Обновление нетиповых и сопровождение существующих конфигураций. Обмены со сторонними ПО.","1c, 1c skd, erp",3
645,Инженер-программист,,Караганда,"Евразиан Фудс Корпорэйшн, АО",01-07-2023,"Знание и умение применения языков программирования PHP, Python, C++(Qt), JavaScript (jquery, и т.п.). Работа с базами данных MySQL...","Функционал: Администрирование серверов и БД. Разработка WEB-интерфейсов. Разработка скриптов сбора данных с различных устройств (ПЛК, счетчики электроэнергии и воды...",От 1 года до 3 лет,Полная занятость,https://hh.ru/vacancy/81069416,Programmer,"Инженер-программист. Знание и умение применения языков программирования PHP, Python, C++(Qt), JavaScript (jquery, и т.п.). Работа с базами данных MySQL... Функционал: Администрирование серверов и БД. Разработка WEB-интерфейсов. Разработка скриптов сбора данных с различных устройств (ПЛК, счетчики электроэнергии и воды...","c++, javascript, jquery, mysql, php, python",6
646,Fico разработчик,,Алматы,Bereke Bank,26-06-2023,"Опыт работы в области разработки, включая разработку c использованием платформы BPM. Опыт в автоматизации процессов. Опыт работы с одним из...","Работа с коробочными решениями, и разработка на них (low-code). Разработка web интерфейса (low-code). Обеспечение разработки в продуктовых командах.",От 1 года до 3 лет,Полная занятость,https://hh.ru/vacancy/82432083,Programmer,"Fico разработчик. Опыт работы в области разработки, включая разработку c использованием платформы BPM. Опыт в автоматизации процессов. Опыт работы с одним из... Работа с коробочными решениями, и разработка на них (low-code). Разработка web интерфейса (low-code). Обеспечение разработки в продуктовых командах.",,0
647,Backend Senior Python Developer (Team-Lead),1000000 KZT,Алматы,Зина Групп,23-07-2023,"Писать код, много кода. Опыт коммерческой разработки на Python от 3х лет. Опыт работы с асинхронными фрейворками FastAPI/aiohttp.",Разрабатывать новые компоненты нашего продукта с нуля. Участвовать в разработке архитектуры. Проводить code-review коллег. Улучшать существующую часть продукта.,От 3 до 6 лет,Полная занятость,https://hh.ru/vacancy/83026152,Programmer,"Backend Senior Python Developer (Team-Lead). Писать код, много кода. Опыт коммерческой разработки на Python от 3х лет. Опыт работы с асинхронными фрейворками FastAPI/aiohttp. Разрабатывать новые компоненты нашего продукта с нуля. Участвовать в разработке архитектуры. Проводить code-review коллег. Улучшать существующую часть продукта.","fastapi, python",2
648,Senior developer,900000 KZT,Алматы,BTS PETROLEUM,10-07-2023,"Опыт работы на аналогичной позиции не менее 3 лет. Опыт работы с API, особенно в контексте сравнения цен и анализа...","Руководство командой разработки, состоящей из программистов, тестировщиков и аналитиков. Поддержка команды в достижении их целей, предоставление обратной связи и проведение...",От 3 до 6 лет,Полная занятость,https://hh.ru/vacancy/83191326,Programmer,"Senior developer. Опыт работы на аналогичной позиции не менее 3 лет. Опыт работы с API, особенно в контексте сравнения цен и анализа... Руководство командой разработки, состоящей из программистов, тестировщиков и аналитиков. Поддержка команды в достижении их целей, предоставление обратной связи и проведение...",,0
649,Senior Golang developer,,Алматы,Мобайл Телеком-Сервис (Объединенная Компания Tele2/ALTEL),19-07-2023,"Знание ООП. MVC frameworks (Spring, Spring Boot). Знание Java / Go. Знание RESTfull API, SOAP. Протоколы http\https. PostgreSQL, MongoDB, Redis...","Разработка нового функционала. Первичное тестирование новых разработок, в том числе проверка кода (Java, Go) команды разработки. Разработка и проведение модульного...",От 3 до 6 лет,Полная занятость,https://hh.ru/vacancy/83659430,Programmer,"Senior Golang developer. Знание ООП. MVC frameworks (Spring, Spring Boot). Знание Java / Go. Знание RESTfull API, SOAP. Протоколы http\https. PostgreSQL, MongoDB, Redis... Разработка нового функционала. Первичное тестирование новых разработок, в том числе проверка кода (Java, Go) команды разработки. Разработка и проведение модульного...","go, java, mongodb, postgresql, redis, soap, spring",7
650,Разработчик Java Script на Three.js / Constract,100 - 500 USD,Астана,Kaif Games,21-07-2023,"Навык разработки в Java Skript. Навык разработки в Tree.js или Constract. Умение работать по ТЗ, в срок. Высокие коммуникативные навыки.","Проектная работа, разработка интерактивной рекламы для готовой игры в 3д пространстве, по четко описанному ТЗ, с готовым сценарием и...",От 1 года до 3 лет,Проектная работа,https://hh.ru/vacancy/83829461,Programmer,"Разработчик Java Script на Three.js / Constract. Навык разработки в Java Skript. Навык разработки в Tree.js или Constract. Умение работать по ТЗ, в срок. Высокие коммуникативные навыки. Проектная работа, разработка интерактивной рекламы для готовой игры в 3д пространстве, по четко описанному ТЗ, с готовым сценарием и...","java, javascript",2
651,Разработчик корпоративных web-приложений (Outsystems),,Алматы,ICORE-Integration,23-07-2023,"Знание Low-code системы OutSystems обязателен. Знания верстки (HTML 5, CSS 3). Знание Java, JavaScript (jQuery, Ajax). Опыт разработки на...","Разработка ПО в составе команды разработчиков. Разработка автоматизации Банковских бизнес-процессов, структуры данных и пользовательских интерфейсов на low-code платформе.",От 1 года до 3 лет,Полная занятость,https://hh.ru/vacancy/83293339,Programmer,"Разработчик корпоративных web-приложений (Outsystems). Знание Low-code системы OutSystems обязателен. Знания верстки (HTML 5, CSS 3). Знание Java, JavaScript (jQuery, Ajax). Опыт разработки на... Разработка ПО в составе команды разработчиков. Разработка автоматизации Банковских бизнес-процессов, структуры данных и пользовательских интерфейсов на low-code платформе.","css, html, java, javascript, jquery",5
652,Unity developer (PVP Board Game),,Алматы,XIM Inc.,30-06-2023,"Опыт коммерческой разработки игр с использованием Unity3D от 2 лет (в том числе опыт работы в команде), наличие...","Реализация логики новых игровых механик, внедрение графической составляющей игры. Разработка и поддержка клиент-серверного взаимодействия. Создание и поддержка вспомогательного инструментария...",От 1 года до 3 лет,Полная занятость,https://hh.ru/vacancy/82850104,Programmer,"Unity developer (PVP Board Game). Опыт коммерческой разработки игр с использованием Unity3D от 2 лет (в том числе опыт работы в команде), наличие... Реализация логики новых игровых механик, внедрение графической составляющей игры. Разработка и поддержка клиент-серверного взаимодействия. Создание и поддержка вспомогательного инструментария...",,0
653,PHP developer,,Костанай,МФО LFTech (ТМ Деньги Маркет),03-07-2023,"Необходимые навыки: — Отличное знание и умение применять на практике ООП, SOLID. — Уверенное знание PHP. — Умение проектировать БД. — Базовые навыки работы...",,От 3 до 6 лет,Полная занятость,https://hh.ru/vacancy/81932725,Programmer,"PHP developer. Необходимые навыки: — Отличное знание и умение применять на практике ООП, SOLID. — Уверенное знание PHP. — Умение проектировать БД. — Базовые навыки работы...",php,1
654,Full-Stack разработчик,,Алматы,Алма Телекоммуникейшнс Казахстан ( ТМ АЛМА-ТВ),12-07-2023,"Знание и опыт работы PHP (Laravel) обязательно. - Знание и опыт работы с JavaScript, React и/или Vue.js. - Опыт работы с...","Full Stack разработчика команды на PHP в АО ""Алма Телекоммуникейшнс Казахстан"" (торговая марка ""АЛМА+""). - Разработка приложений на frontend и backend. -",От 3 до 6 лет,Полная занятость,https://hh.ru/vacancy/81877723,Programmer,"Full-Stack разработчик. Знание и опыт работы PHP (Laravel) обязательно. - Знание и опыт работы с JavaScript, React и/или Vue.js. - Опыт работы с... Full Stack разработчика команды на PHP в АО ""Алма Телекоммуникейшнс Казахстан"" (торговая марка ""АЛМА+""). - Разработка приложений на frontend и backend. -","javascript, laravel, php, react, vue.js",5
655,Программист 1C,500000 - 600000 KZT,Караганда,МФО Экспресс займ,20-07-2023,Стаж работы в области обслуживания и доработки продуктов 1С не менее 3 года.,"1С - Разработка и доработка, сопровождение.",От 3 до 6 лет,Полная занятость,https://hh.ru/vacancy/50254679,Programmer,"Программист 1C. Стаж работы в области обслуживания и доработки продуктов 1С не менее 3 года. 1С - Разработка и доработка, сопровождение.",1c,1
656,C# .NET Developer со знанием английского языка (Германия),,Алматы,Transparent Hiring,30-06-2023,Strong proficiency in C# and .NET Core with a focus on clean code principles and unit testing. Experience working with...,"Collaborate closely with the agile team to tackle new and exciting projects. Architect scalable and maintainable system solutions, ensuring they...",От 1 года до 3 лет,Полная занятость,https://hh.ru/vacancy/82841340,Programmer,"C# .NET Developer со знанием английского языка (Германия). Strong proficiency in C# and .NET Core with a focus on clean code principles and unit testing. Experience working with... Collaborate closely with the agile team to tackle new and exciting projects. Architect scalable and maintainable system solutions, ensuring they...",".net, agile, c#, unit testing",4
657,Программист АСУТП,,Усть-Каменогорск,Силумин-Восток,14-07-2023,Образование высшее техническое. Опыт работы не менее 1 года.,"Программирование промышленных контроллеров. - Разработка и внедрение прикладного ПО SCADA систем АСУ ТП. - Ведение технической документации (ИМО, инструкции, руководства). -",От 1 года до 3 лет,Полная занятость,https://hh.ru/vacancy/83427347,Programmer,"Программист АСУТП. Образование высшее техническое. Опыт работы не менее 1 года. Программирование промышленных контроллеров. - Разработка и внедрение прикладного ПО SCADA систем АСУ ТП. - Ведение технической документации (ИМО, инструкции, руководства). -",,0
658,Java Middle Developer,,Алматы,Itransition,23-07-2023,"1+ years of experience in IT. Experience with modern Java technologies for server solutions (Kotlin, Java 8+), Spring...",,От 1 года до 3 лет,Полная занятость,https://hh.ru/vacancy/80964203,Programmer,"Java Middle Developer. 1+ years of experience in IT. Experience with modern Java technologies for server solutions (Kotlin, Java 8+), Spring...","java, kotlin, spring",3
659,Программист-консультант в отдел внедрения и поддержки,200000 - 400000 KZT,Алматы,RBC Group,27-06-2023,"Знание языка SQL обязательно. Знание хотя бы 1 из языков программирования семейства C#, JavaScript, Phyton, Delphi. Умение работать как в...",Приоритет - работа по поддержки программных продуктов компании. Возможно участие в развитии новых продуктов. Участие в проектах внедрения. Работа с представителями...,От 1 года до 3 лет,Полная занятость,https://hh.ru/vacancy/82491929,Programmer,"Программист-консультант в отдел внедрения и поддержки. Знание языка SQL обязательно. Знание хотя бы 1 из языков программирования семейства C#, JavaScript, Phyton, Delphi. Умение работать как в... Приоритет - работа по поддержки программных продуктов компании. Возможно участие в развитии новых продуктов. Участие в проектах внедрения. Работа с представителями...","c#, javascript, sql",3
660,Ведущий программист 1С,,Алматы,FESCO (ПАО Дальневосточное морское пароходство),04-07-2023,Опыт разработки на 1С от 3 лет. Опыт написания и оптимизации сложных запросов. Приветствуется опыт разработки интеграционных решений с...,"Сопровождение информационной системы по заявкам в техническую поддержку. Реализация инструментов для сопровождения, технического обслуживания и оптимизации системы. Анализ исходного кода...",От 3 до 6 лет,Полная занятость,https://hh.ru/vacancy/81568923,Programmer,"Ведущий программист 1С. Опыт разработки на 1С от 3 лет. Опыт написания и оптимизации сложных запросов. Приветствуется опыт разработки интеграционных решений с... Сопровождение информационной системы по заявкам в техническую поддержку. Реализация инструментов для сопровождения, технического обслуживания и оптимизации системы. Анализ исходного кода...",1c,1
661,Программист 1С,,Алматы,Neptune Sanitary Ware,22-07-2023,Знание 1С КА. Умение программировать на любом языке. Знание PowerBI.,Разработка конфигураций од задачи заказчика. Обновление не типовой конфигурации. Интеграция 1С с другими системами. Оптимизировать бизнес процессы компании за...,От 1 года до 3 лет,Полная занятость,https://hh.ru/vacancy/83398623,Programmer,Программист 1С. Знание 1С КА. Умение программировать на любом языке. Знание PowerBI. Разработка конфигураций од задачи заказчика. Обновление не типовой конфигурации. Интеграция 1С с другими системами. Оптимизировать бизнес процессы компании за...,"1c, power bi",2
662,Backend-разработчик в проектный отдел логистики,,Алматы,"Small, ТМ (Скиф Сауда, ТОО)",05-07-2023,Опыт работы в сфере разработки backend приложений – не менее 3-х лет. Опыт работы на позиции тимлида - не менее года.,"Разработка, развитие, поддержание и доработка программных продуктов, используемых в логистике торговой сети. Сбор информации о возникающих проблемах, неудобствах, возможных улучшениях...",От 3 до 6 лет,Полная занятость,https://hh.ru/vacancy/83004859,Programmer,"Backend-разработчик в проектный отдел логистики. Опыт работы в сфере разработки backend приложений – не менее 3-х лет. Опыт работы на позиции тимлида - не менее года. Разработка, развитие, поддержание и доработка программных продуктов, используемых в логистике торговой сети. Сбор информации о возникающих проблемах, неудобствах, возможных улучшениях...",,0
663,Full-stack developer (CRM),,Алматы,R2.kz,21-07-2023,"Опыт работы программистом Backend/Frontend с использованием PHP, JavaScript и знанием веб-верстки от 1 года коммерческого опыта.","Разработка бэкенд части системы, обеспечивающей связь между CRM и сторонними системами. Разработка фронтенд компонентов и интерфейсов для визуализации данных и...",От 1 года до 3 лет,Полная занятость,https://hh.ru/vacancy/83618052,Programmer,"Full-stack developer (CRM). Опыт работы программистом Backend/Frontend с использованием PHP, JavaScript и знанием веб-верстки от 1 года коммерческого опыта. Разработка бэкенд части системы, обеспечивающей связь между CRM и сторонними системами. Разработка фронтенд компонентов и интерфейсов для визуализации данных и...","javascript, php",2
664,Java-разработчик в Корпоративный Блок,,Алматы,Jusan Bank,10-07-2023,"Mongo DB. Rest. Высшее техническое образование. Стаж работы от 3-х лет разработки на языках программирования: Java/Kotlin, Spring.","Решение для бизнеса, позволяющее принимать платежи, продавать товары или услуги в рассрочку, с помощью QR POS терминалов. Дизайнеры интерфейсов.",От 3 до 6 лет,Полная занятость,https://hh.ru/vacancy/74250079,Programmer,"Java-разработчик в Корпоративный Блок. Mongo DB. Rest. Высшее техническое образование. Стаж работы от 3-х лет разработки на языках программирования: Java/Kotlin, Spring. Решение для бизнеса, позволяющее принимать платежи, продавать товары или услуги в рассрочку, с помощью QR POS терминалов. Дизайнеры интерфейсов.","java, kotlin, mongodb, spring",4
665,Frontend-разработчик,,Алматы,ALLUR AUTO,13-07-2023,"Понимание принципов и подходов современной Front-end разработки. Опыт работы с JavaScript, CSS и HTML. Знание нескольких фреймворков JavaScript (React...",Разработка и поддержка пользовательского интерфейса нашего продукта. Работа в тесном сотрудничестве с командой бэкенд-разработчиков и дизайнеров. Преобразование дизайнерских макетов...,От 3 до 6 лет,Полная занятость,https://hh.ru/vacancy/81916484,Programmer,"Frontend-разработчик. Понимание принципов и подходов современной Front-end разработки. Опыт работы с JavaScript, CSS и HTML. Знание нескольких фреймворков JavaScript (React... Разработка и поддержка пользовательского интерфейса нашего продукта. Работа в тесном сотрудничестве с командой бэкенд-разработчиков и дизайнеров. Преобразование дизайнерских макетов...","css, html, javascript, react",4
666,Flutter разработчик,400000 KZT,Астана,Вайпоинг,21-07-2023,Опыт разработки Flutter от двух лет и более. Опыт подключения нативных интеграций iOS/Android на Flutter. Знание принципов UI/UX.,IT компания WIpon находится в поиске flutter разработчика. - Участие в разработке и поддержке мобильных приложений на базе Flutter. -,От 1 года до 3 лет,Полная занятость,https://hh.ru/vacancy/82836288,Programmer,Flutter разработчик. Опыт разработки Flutter от двух лет и более. Опыт подключения нативных интеграций iOS/Android на Flutter. Знание принципов UI/UX. IT компания WIpon находится в поиске flutter разработчика. - Участие в разработке и поддержке мобильных приложений на базе Flutter. -,"android, flutter, ios, ui/ux",4
667,Frontend-разработчик (Angular),,Астана,Холдинг Самгау,28-06-2023,"Angular 9+. SCSS. BEM. RxJs. Devextreme. Solid, Design Pattern.",Разработка/доработка. Разработка новых функций по постановкам задач. Рефакторинг. Делать мир лучше :).,От 1 года до 3 лет,Полная занятость,https://hh.ru/vacancy/82614392,Programmer,"Frontend-разработчик (Angular). Angular 9+. SCSS. BEM. RxJs. Devextreme. Solid, Design Pattern. Разработка/доработка. Разработка новых функций по постановкам задач. Рефакторинг. Делать мир лучше :).","angular, sass",2
668,Программист 1C,500000 - 1100000 KZT,Алматы,UniHub Platform,27-06-2023,Опыт участия в проектах по внедрению программных продуктов на платформе 1С в качестве разработчика. Опыт разработки конфигураций 1С...,"Разработка нетиповых конфигураций 1С, создание новых функциональных модулей и подсистем, расширение функциональности конфигураций: Участие в проектах разработки собственных продуктов...",От 1 года до 3 лет,Полная занятость,https://hh.ru/vacancy/82535848,Programmer,"Программист 1C. Опыт участия в проектах по внедрению программных продуктов на платформе 1С в качестве разработчика. Опыт разработки конфигураций 1С... Разработка нетиповых конфигураций 1С, создание новых функциональных модулей и подсистем, расширение функциональности конфигураций: Участие в проектах разработки собственных продуктов...",1c,1
669,Learning & Development Manager,,Алматы,"Международный Аэропорт Алматы, АО",04-07-2023,"Proven experience as an L&D Manager, Training Manager or similar. Current knowledge of effective learning and development methods.",Create and execute learning strategies and programs. Evaluate individual and organizational development needs. Manage annual Performance Management and Development Planning...,От 3 до 6 лет,Полная занятость,https://hh.ru/vacancy/82943439,Programmer,"Learning & Development Manager. Proven experience as an L&D Manager, Training Manager or similar. Current knowledge of effective learning and development methods. Create and execute learning strategies and programs. Evaluate individual and organizational development needs. Manage annual Performance Management and Development Planning...",,0
670,Web-разработчик (PHP+JS),,Павлодар,Публичная Компания «Freedom Finance Global PLC»,16-07-2023,Опыт в разработке Web-приложений с использованием PHP и JavaScript от 2 лет. Глубокие знания фреймворка Laravel. Опыт работы с...,,От 1 года до 3 лет,Полная занятость,https://hh.ru/vacancy/82040979,Programmer,Web-разработчик (PHP+JS). Опыт в разработке Web-приложений с использованием PHP и JavaScript от 2 лет. Глубокие знания фреймворка Laravel. Опыт работы с...,"javascript, laravel, php",3
671,Full Stack Developer (Node.js+React),,Алматы,Andersen,19-07-2023,"Be a good team player with excellent interpersonal, problem solving and logical thinking skills. Must-haves: Commercial development experience as...","Technology stack on the project: JavaScript, TypeScript, Node.js, React, Redux, Jest, Cypress, Docker, Kubernetes. Responsibilities: Willingness to take full responsibility...",От 3 до 6 лет,Полная занятость,https://hh.ru/vacancy/83696558,Programmer,"Full Stack Developer (Node.js+React). Be a good team player with excellent interpersonal, problem solving and logical thinking skills. Must-haves: Commercial development experience as... Technology stack on the project: JavaScript, TypeScript, Node.js, React, Redux, Jest, Cypress, Docker, Kubernetes. Responsibilities: Willingness to take full responsibility...","docker, javascript, kubernetes, node.js, react, typescript",6
672,Middle Frontend-разработчик на React/Fullstack разработчик на React и Django,250000 - 500000 KZT,Алматы,yume.pro,03-07-2023,1-3 года опыта в разработке. Быстрое решение проблем. Чистый и эффективный код.,Работа над разработанным сервисом для аренды видео оборудования и СРМ системой для учета аренд yume.rent.,От 1 года до 3 лет,Полная занятость,https://hh.ru/vacancy/82915931,Programmer,Middle Frontend-разработчик на React/Fullstack разработчик на React и Django. 1-3 года опыта в разработке. Быстрое решение проблем. Чистый и эффективный код. Работа над разработанным сервисом для аренды видео оборудования и СРМ системой для учета аренд yume.rent.,"django, react",2
673,Разработчик ПО,150000 - 250000 RUR,Астана,Агрегатор Торгов Малого Объема,24-07-2023,Знание языка PHP. Опыт работы с Laravel (обязательно). Опыт написания unit-тестов. Опыт работы с реляционными СУБД (у нас PostgreSQL).,Участие в разработке продукта в качестве разработчика. Взаимодействие с архитекторами клиента и внешних команд разработки. Разработка интеграций с различными информационными...,От 3 до 6 лет,Полная занятость,https://hh.ru/vacancy/83594889,Programmer,Разработчик ПО. Знание языка PHP. Опыт работы с Laravel (обязательно). Опыт написания unit-тестов. Опыт работы с реляционными СУБД (у нас PostgreSQL). Участие в разработке продукта в качестве разработчика. Взаимодействие с архитекторами клиента и внешних команд разработки. Разработка интеграций с различными информационными...,"laravel, php, postgresql",3
674,Разработчик VR Unreal Engine,200000 - 400000 KZT,Алматы,«Caspian Technology Service»,08-07-2023,Опыт работы на движке Unreal Engine не менее 1 года. Уверенное знание C++ и работа с Blueprint. Опыт работы с...,Разработка VR приложений. Отчётность. Проектная работа. Онлайн/Оффлайн.,От 1 года до 3 лет,Проектная работа,https://hh.ru/vacancy/83176671,Programmer,Разработчик VR Unreal Engine. Опыт работы на движке Unreal Engine не менее 1 года. Уверенное знание C++ и работа с Blueprint. Опыт работы с... Разработка VR приложений. Отчётность. Проектная работа. Онлайн/Оффлайн.,c++,1
675,Разработчик 1С,,Алматы,МК-Золото ломбард,18-07-2023,"Высшее техническое образование. Способность работать с чужим кодом, анализ, контроль и улучшение качества кода. Профессиональный опыт программирования на базе 1...","Поддержка пользователей ERP, Документооборот корпоративных систем на базе 1С. Написание технического задания совместно с пользователями. Разработка технических заданий.",От 1 года до 3 лет,Полная занятость,https://hh.ru/vacancy/83621357,Programmer,"Разработчик 1С. Высшее техническое образование. Способность работать с чужим кодом, анализ, контроль и улучшение качества кода. Профессиональный опыт программирования на базе 1... Поддержка пользователей ERP, Документооборот корпоративных систем на базе 1С. Написание технического задания совместно с пользователями. Разработка технических заданий.","1c, erp",2
676,Full Stack Developer,,Астана,Eurasia Group Kazakhstan,10-07-2023,"Уверенные знания Python / Django. Уверенное знание JS (ES5, ES6). Уверенное знание React или Vue.js. Возможность сверстать страничку используя...",Доработка существующих проектов. Разработка API. Оперативно сдавать текущие проекты и приступать к новым. Проектирования архитектур веб-приложения. Проверка кода других...,От 3 до 6 лет,Полная занятость,https://hh.ru/vacancy/81846032,Programmer,"Full Stack Developer. Уверенные знания Python / Django. Уверенное знание JS (ES5, ES6). Уверенное знание React или Vue.js. Возможность сверстать страничку используя... Доработка существующих проектов. Разработка API. Оперативно сдавать текущие проекты и приступать к новым. Проектирования архитектур веб-приложения. Проверка кода других...","django, javascript, python, react, vue.js",5
677,Backend Software Developer,,Алматы,Amway Казахстан,17-07-2023,"Higher Education, Computer Information Systems, BA/BS Degree. Previous experience in Software Development minimum 6 years. Thorough working knowledge of...","Analyzes, designs, codes, implements and modifies software-programming applications and software products. Writes code and program documentation. Programs, tests and...",Более 6 лет,Полная занятость,https://hh.ru/vacancy/82760625,Programmer,"Backend Software Developer. Higher Education, Computer Information Systems, BA/BS Degree. Previous experience in Software Development minimum 6 years. Thorough working knowledge of... Analyzes, designs, codes, implements and modifies software-programming applications and software products. Writes code and program documentation. Programs, tests and...",,0
678,Business Developer (Mining Conveyor Material),400000 - 500000 KZT,Алматы,БОНШАР,19-07-2023,"Fluent in English and Russian, with excellent communication and negotiation skills. Previous experience in sales within the mining industry is...",Facilitate and supervise the initial phase of local production launch at KazRoll. Maintain regular communication and coordination between KazRoll and...,От 3 до 6 лет,Полная занятость,https://hh.ru/vacancy/83717738,Programmer,"Business Developer (Mining Conveyor Material). Fluent in English and Russian, with excellent communication and negotiation skills. Previous experience in sales within the mining industry is... Facilitate and supervise the initial phase of local production launch at KazRoll. Maintain regular communication and coordination between KazRoll and...",,0
679,Frontend разработчик Vue.js (middle),600000 - 700000 KZT,Астана,АДмастерс,19-07-2023,Опыт коммерческой frontend разработки от 3-х лет. Знание современных стандартов и методов разработки веб-приложений. Уверенное владение Vue2...,"Поддерживать и развивать архитектуру проекта. Поднимать новый проект для переноса сайта на новые технологии (TypeScript, Vue3 +Vuetify).",От 3 до 6 лет,Полная занятость,https://hh.ru/vacancy/82730719,Programmer,"Frontend разработчик Vue.js (middle). Опыт коммерческой frontend разработки от 3-х лет. Знание современных стандартов и методов разработки веб-приложений. Уверенное владение Vue2... Поддерживать и развивать архитектуру проекта. Поднимать новый проект для переноса сайта на новые технологии (TypeScript, Vue3 +Vuetify).","javascript, typescript, vue.js",3
680,Middle Go Developer,,Алматы,One technologies,23-07-2023,Опыт разработки Golang от 3х лет. Четкое понимание принципов ООП. Опыт работы с большими объёмами данных. Знание принципов высоконагруженных...,Разработка микросервисов в рамках проектов компании. Построение архитектуры для выделенного сервиса. Проектирование интерфейсов между компонентами или сервисами системы.,От 3 до 6 лет,Полная занятость,https://hh.ru/vacancy/83515563,Programmer,Middle Go Developer. Опыт разработки Golang от 3х лет. Четкое понимание принципов ООП. Опыт работы с большими объёмами данных. Знание принципов высоконагруженных... Разработка микросервисов в рамках проектов компании. Построение архитектуры для выделенного сервиса. Проектирование интерфейсов между компонентами или сервисами системы.,go,1
681,Backend-разработчик php,300000 KZT,Астана,ЦИТ Орлеу,03-07-2023,"Знание и понимание принципов ООП, SOLID, MVC и паттернов проектирования. Уверенное знание PHP7, SQL (опыт работы с PostgreSQL приветствуется).","Проектирование и разработка новых сервисов и поддержка существующих, рефакторинг и оптимизация существующего кода. Командное проектирование решений для реализации задуманного функционала.",От 1 года до 3 лет,Полная занятость,https://hh.ru/vacancy/82918037,Programmer,"Backend-разработчик php. Знание и понимание принципов ООП, SOLID, MVC и паттернов проектирования. Уверенное знание PHP7, SQL (опыт работы с PostgreSQL приветствуется). Проектирование и разработка новых сервисов и поддержка существующих, рефакторинг и оптимизация существующего кода. Командное проектирование решений для реализации задуманного функционала.","php, postgresql, sql",3
682,Training & Development Manager,,Алматы,АСБИС Казахстан,19-07-2023,Previous experience as a Training & Development Manager or in a similar field. Proficiency in English and Russian. Excellent verbal and...,We are looking for an experienced Training & Development Manager for Breezy Company to improve the productivity of the employees.,От 1 года до 3 лет,Полная занятость,https://hh.ru/vacancy/83707960,Programmer,Training & Development Manager. Previous experience as a Training & Development Manager or in a similar field. Proficiency in English and Russian. Excellent verbal and... We are looking for an experienced Training & Development Manager for Breezy Company to improve the productivity of the employees.,,0
683,Программист 1С,400000 - 1000000 KZT,Астана,АПАГО,03-07-2023,Опыт работы на аналогичной должности от 6 лет. Уверенное знание предметной области. Умение формализовать и реализовать требования клиента.,"Доработка конфигураций 1С под нужды клиента на платформе 2.0, 3.0. Создание новых форм документов, отчетов, обработок.",Более 6 лет,Полная занятость,https://hh.ru/vacancy/82917973,Programmer,"Программист 1С. Опыт работы на аналогичной должности от 6 лет. Уверенное знание предметной области. Умение формализовать и реализовать требования клиента. Доработка конфигураций 1С под нужды клиента на платформе 2.0, 3.0. Создание новых форм документов, отчетов, обработок.",1c,1
684,Python-разработчик в команду инфраструктуры,,Астана,Яндекс,27-06-2023,Имеете опыт разработки на любом языке программирования более двух лет и желание переключиться и писать на Python. Можете писать эффективный...,Готовы работать в команде. Работали с *nix-подобными ОС.,Более 6 лет,Полная занятость,https://hh.ru/vacancy/81208895,Programmer,Python-разработчик в команду инфраструктуры. Имеете опыт разработки на любом языке программирования более двух лет и желание переключиться и писать на Python. Можете писать эффективный... Готовы работать в команде. Работали с *nix-подобными ОС.,python,1
685,C# разработчик (Senior),,Алматы,ALSER (Gulser Computers),19-07-2023,"Опыт работы с .NET Framework, .NET Core. Опыт работы с MSSQL. Четкое понимание и применение паттернов проектирования в проектах (способность...",Разработка программного обеспечения. Сопровождение и модификация готового и/или внедряемого программного обеспечения.,От 1 года до 3 лет,Полная занятость,https://hh.ru/vacancy/83673025,Programmer,"C# разработчик (Senior). Опыт работы с .NET Framework, .NET Core. Опыт работы с MSSQL. Четкое понимание и применение паттернов проектирования в проектах (способность... Разработка программного обеспечения. Сопровождение и модификация готового и/или внедряемого программного обеспечения.",".net, c#, mssql",3
686,Ведущий программист 1С / Senior 1C developer,,Алматы,"Интертоп Центральная Азия ,ТМ (INTERTOP)",01-07-2023,"Опыт работы с 1С более 6-и лет. - Есть опыт управления командой, проектами. - Понимаешь архитектуру 1С и можешь...",,Более 6 лет,Полная занятость,https://hh.ru/vacancy/76240928,Programmer,"Ведущий программист 1С / Senior 1C developer. Опыт работы с 1С более 6-и лет. - Есть опыт управления командой, проектами. - Понимаешь архитектуру 1С и можешь...",1c,1
687,PHP-разработчик (Laravel) Junior+/Middle,200000 - 500000 KZT,Алматы,MOVE BUSINESS GROUP,26-06-2023,Знание языка программирование PHP. Знание REST API. Обязательно: знание фреймворка : Laravel. Умение разбираться в чужом коде. Умение работать с git...,"Разработка новых WEB-приложений (на PHP, Laravel). Доработка существующих проектов. Разработка API. Оперативно сдавать текущие проекты и приступать к новым.",От 1 года до 3 лет,Полная занятость,https://hh.ru/vacancy/82442112,Programmer,"PHP-разработчик (Laravel) Junior+/Middle. Знание языка программирование PHP. Знание REST API. Обязательно: знание фреймворка : Laravel. Умение разбираться в чужом коде. Умение работать с git... Разработка новых WEB-приложений (на PHP, Laravel). Доработка существующих проектов. Разработка API. Оперативно сдавать текущие проекты и приступать к новым.","git, laravel, php, rest api",4
688,IOS Developer (Middle/Senior),2000 - 4000 USD,Астана,OGD Solutions,23-07-2023,"At least 3 years of experience with Swift or Objective-C. Experience with Cocoa-Touch, IOS SDK. Understanding of Swift...",,От 3 до 6 лет,Полная занятость,https://hh.ru/vacancy/82736576,Programmer,"IOS Developer (Middle/Senior). At least 3 years of experience with Swift or Objective-C. Experience with Cocoa-Touch, IOS SDK. Understanding of Swift...","ios, swift",2
689,1C программист (Middle+),,Алматы,АНКОР Центральная Азия,24-07-2023,Наличие опыта автоматизации средних и крупных предприятий. Знание архитектуры и уверенное владение средствами разработки 1C:Предприятия 8.х.,"Поддержка и разработка 1С 8.2 - 8.3 различных типовых конфигураций СНГ - основная часть УТ 11, розница.",От 3 до 6 лет,Полная занятость,https://hh.ru/vacancy/83918651,Programmer,"1C программист (Middle+). Наличие опыта автоматизации средних и крупных предприятий. Знание архитектуры и уверенное владение средствами разработки 1C:Предприятия 8.х. Поддержка и разработка 1С 8.2 - 8.3 различных типовых конфигураций СНГ - основная часть УТ 11, розница.",1c,1
690,Программист 1С,100000 - 150000 RUR,Астана,EFSOL,17-07-2023,"Знание типового функционала конфигурации 1С: БП. Уверенное программирование в среде 1С Предприятие 8.3, уверенное знание СКД.",Участвовать в процессах оценки и выбора оптимальных решений для автоматизации бизнеса. Развивать и сопровождать нетиповые конфигурации (упр. формы).,От 1 года до 3 лет,Полная занятость,https://hh.ru/vacancy/83539917,Programmer,"Программист 1С. Знание типового функционала конфигурации 1С: БП. Уверенное программирование в среде 1С Предприятие 8.3, уверенное знание СКД. Участвовать в процессах оценки и выбора оптимальных решений для автоматизации бизнеса. Развивать и сопровождать нетиповые конфигурации (упр. формы).","1c, 1c skd",2
691,Программист 1С (разработчик 1С),300000 - 800000 KZT,Усть-Каменогорск,ЭКСАР,02-07-2023,Уверенное знание 1С УТ Казахстан 2.2 и 1С Бухгалтерия для Казахстана 3.0. Знания РИБ.,"Решение задач по доработке и сопровождению различных конфигураций 1С: УТ Казахстан, 1С: Бухгалтерия Казахстан. Нетиповые обновления, доработки конфигураций...",От 3 до 6 лет,Полная занятость,https://hh.ru/vacancy/82878334,Programmer,"Программист 1С (разработчик 1С). Уверенное знание 1С УТ Казахстан 2.2 и 1С Бухгалтерия для Казахстана 3.0. Знания РИБ. Решение задач по доработке и сопровождению различных конфигураций 1С: УТ Казахстан, 1С: Бухгалтерия Казахстан. Нетиповые обновления, доработки конфигураций...","1c, 1c accounting, 1c ut",3
692,"Java developer (Strong Middle, Senior)",,Алматы,Мобайл Телеком-Сервис (Объединенная Компания Tele2/ALTEL),12-07-2023,"Опыт работы c: Java, Spring, Java EE, JBoss AS, работа с БД Oracle (SQL, PL/SQL), Git, Docker, K8...","Разработка программ и алгоритмов, их тестирование и отладка. Взаимодействие с сотрудниками Компании на предмет уточнений требований по заданиям.",От 3 до 6 лет,Полная занятость,https://hh.ru/vacancy/83342731,Programmer,"Java developer (Strong Middle, Senior). Опыт работы c: Java, Spring, Java EE, JBoss AS, работа с БД Oracle (SQL, PL/SQL), Git, Docker, K8... Разработка программ и алгоритмов, их тестирование и отладка. Взаимодействие с сотрудниками Компании на предмет уточнений требований по заданиям.","docker, git, java, oracle, spring, sql",6
693,Программист логики игровых юнитов,,Алматы,Eagle Dynamics,13-07-2023,"Уверенное знание современного С++ (Windows, компилятор MSVC). Умение разбираться в коде и его отлаживать. Уверенное владение отладчиком (MS Visual Studio).","Реализация логики (искусственный интеллект) игровых юнитов различных типов (наземные юниты-пехотинцы, пилот в кабине летательного аппарата, палубная команда корабля, техническая...",От 3 до 6 лет,Полная занятость,https://hh.ru/vacancy/80616835,Programmer,"Программист логики игровых юнитов. Уверенное знание современного С++ (Windows, компилятор MSVC). Умение разбираться в коде и его отлаживать. Уверенное владение отладчиком (MS Visual Studio). Реализация логики (искусственный интеллект) игровых юнитов различных типов (наземные юниты-пехотинцы, пилот в кабине летательного аппарата, палубная команда корабля, техническая...",artificial intelligence,1
694,Специалист по разработке 1С (Программист 1С),,Алматы,Apple City Corps,27-06-2023,Опыт работы в IT сфере не менее 3-х лет. Владение технологиями СКД. Владение программой 1С версия 8.3...,Участие в разработке и внедрении проектов 1С продуктов. Внесение изменений в программные средства 1С. Сопровождение 1С.,От 3 до 6 лет,Полная занятость,https://hh.ru/vacancy/81493417,Programmer,Специалист по разработке 1С (Программист 1С). Опыт работы в IT сфере не менее 3-х лет. Владение технологиями СКД. Владение программой 1С версия 8.3... Участие в разработке и внедрении проектов 1С продуктов. Внесение изменений в программные средства 1С. Сопровождение 1С.,"1c, 1c skd",2
695,"Middle Backend Developer/Разработчик-программист (PHP, Laravel)",400000 - 600000 KZT,Астана,Canvas,21-07-2023,Опыт работы в сфере разработки сайтов от 2-х лет и выше. Опыт работы в backend (PHP) от 1-го...,"Разработка backend части сайта, взаимодействие с frontend-разработчиками при создании rest-сервисов. Настройка и разворачивание новых проектов на сервере.",От 1 года до 3 лет,Полная занятость,https://hh.ru/vacancy/83815657,Programmer,"Middle Backend Developer/Разработчик-программист (PHP, Laravel). Опыт работы в сфере разработки сайтов от 2-х лет и выше. Опыт работы в backend (PHP) от 1-го... Разработка backend части сайта, взаимодействие с frontend-разработчиками при создании rest-сервисов. Настройка и разворачивание новых проектов на сервере.","laravel, php",2
696,WordPress developer,,Петропавловск,Setronica,21-07-2023,Умение разбираться в чужом коде. — Уметь определять сроки выполнения поставленных задач. — Умение работать в команде и самостоятельно. — Опыт работы от...,"Устранение ошибок. — Верстка. — Создание элементов, фильтров, форм. — Оптимизация сайтов. — Доработка и разработка нового функционала сайтов. Для каждого сотрудника разрабатывается индивидуальный...",От 1 года до 3 лет,Частичная занятость,https://hh.ru/vacancy/80792990,Programmer,"WordPress developer. Умение разбираться в чужом коде. — Уметь определять сроки выполнения поставленных задач. — Умение работать в команде и самостоятельно. — Опыт работы от... Устранение ошибок. — Верстка. — Создание элементов, фильтров, форм. — Оптимизация сайтов. — Доработка и разработка нового функционала сайтов. Для каждого сотрудника разрабатывается индивидуальный...",,0
697,Middle/Senior Python-разработчик (удаленно),,Астана,Хенкин Александр Маркович,21-07-2023,Есть хороший опыт работы с Python (Django) или Ruby on Rails. У тебя есть опыт работы в команде в любой...,"Используем Django, Ruby on Rails, Postgres, Elastic, Next/Nuxt JS. А также, GitLab, Rollbar, Centry, Docker, Redis. Рабочая коммуникация в...",Более 6 лет,Полная занятость,https://hh.ru/vacancy/83645239,Programmer,"Middle/Senior Python-разработчик (удаленно). Есть хороший опыт работы с Python (Django) или Ruby on Rails. У тебя есть опыт работы в команде в любой... Используем Django, Ruby on Rails, Postgres, Elastic, Next/Nuxt JS. А также, GitLab, Rollbar, Centry, Docker, Redis. Рабочая коммуникация в...","django, docker, gitlab, javascript, postgresql, python, redis, ruby",8
698,"Инженер-программист (отдел автоматизации производства, Челябинская область)",,Актобе,Чебаркульская птица,11-07-2023,"Образование среднее специальное, высшее. Программирование верхнего или нижнего уровня.",Разработка и внедрение программных комплексов на производствах.,От 1 года до 3 лет,Полная занятость,https://hh.ru/vacancy/83280890,Programmer,"Инженер-программист (отдел автоматизации производства, Челябинская область). Образование среднее специальное, высшее. Программирование верхнего или нижнего уровня. Разработка и внедрение программных комплексов на производствах.",,0
699,"Инженер-программист (отдел автоматизации производства, Челябинская область)",,Костанай,Чебаркульская птица,11-07-2023,"Образование среднее специальное, высшее. Программирование верхнего или нижнего уровня.",Разработка и внедрение программных комплексов на производствах.,От 1 года до 3 лет,Полная занятость,https://hh.ru/vacancy/83280893,Programmer,"Инженер-программист (отдел автоматизации производства, Челябинская область). Образование среднее специальное, высшее. Программирование верхнего или нижнего уровня. Разработка и внедрение программных комплексов на производствах.",,0
700,Front-end developer - Flutter,,Алматы,Gethins ltd,30-06-2023,"Опыт работы и понимание Flutter, включая создание мобильных приложений с нуля. Сильные навыки в JavaScript (ES6+), включая знание...",Масштабирование архитектуры проекта по мере роста нагрузки и функционала. Оптимизация производительности текущих решений. Написание кода и проведение ревью.,От 3 до 6 лет,Полная занятость,https://hh.ru/vacancy/82842733,Programmer,"Front-end developer - Flutter. Опыт работы и понимание Flutter, включая создание мобильных приложений с нуля. Сильные навыки в JavaScript (ES6+), включая знание... Масштабирование архитектуры проекта по мере роста нагрузки и функционала. Оптимизация производительности текущих решений. Написание кода и проведение ревью.","flutter, javascript",2
701,Программист 1С,300000 - 900000 KZT,Алматы,1С:Франчайзи FAVOR-IT,23-07-2023,"Высшее образование, наличие сертификатов 1С приветствуется. Опыт работы с платформой 1С 8 не менее 1-го года (программирование).","Программирование на платформе 1С:Предприятие 8. В зависимости от квалификации и специализации выполнение работ по обновлению доработанных конфигураций, создание...",От 1 года до 3 лет,Полная занятость,https://hh.ru/vacancy/83014664,Programmer,"Программист 1С. Высшее образование, наличие сертификатов 1С приветствуется. Опыт работы с платформой 1С 8 не менее 1-го года (программирование). Программирование на платформе 1С:Предприятие 8. В зависимости от квалификации и специализации выполнение работ по обновлению доработанных конфигураций, создание...",1c,1
702,"Senior Java Developer, AWS (remote)",5000 - 6000 USD,Алматы,COMTEK Inc.,21-07-2023,"опыт с инфраструктурой AWS, развертывания и обслуживания программного обеспечения в публичных облаках. - солидные знания основ информатики, структур данных и алгоритмов. -","5+ лет коммерческой разработки на Java: Microservices, Springboot. - задачами с Restful API, написанием прокси API на платформах Apigee Edge...",От 3 до 6 лет,Полная занятость,https://hh.ru/vacancy/83110574,Programmer,"Senior Java Developer, AWS (remote). опыт с инфраструктурой AWS, развертывания и обслуживания программного обеспечения в публичных облаках. - солидные знания основ информатики, структур данных и алгоритмов. - 5+ лет коммерческой разработки на Java: Microservices, Springboot. - задачами с Restful API, написанием прокси API на платформах Apigee Edge...","aws, java, rest api, spring",4
703,Старший программист 1С,,Алматы,FESCO (ПАО Дальневосточное морское пароходство),04-07-2023,Знание инструментов разработки и объектов платформы 1С 8.3. Отличные навыки программирования управляемого интерфейса 1С (тонкий клиент и...,Программирование задач на 1С. Часто - по постановке от архитектора. Но не всегда. Мы ценим индивидуальный подход и часто доверяем...,От 3 до 6 лет,Полная занятость,https://hh.ru/vacancy/81568927,Programmer,Старший программист 1С. Знание инструментов разработки и объектов платформы 1С 8.3. Отличные навыки программирования управляемого интерфейса 1С (тонкий клиент и... Программирование задач на 1С. Часто - по постановке от архитектора. Но не всегда. Мы ценим индивидуальный подход и часто доверяем...,1c,1
704,PHP-разработчик,,Костанай,МФО LFTech (ТМ Деньги Маркет),26-06-2023,"Необходимые навыки: — Уверенное знание PHP. — Фреймворки: Yii2/Symfony. — Хорошее знание mySQL/PostgreSql, GIT, Docker, командной строки Linux. —",,От 1 года до 3 лет,Полная занятость,https://hh.ru/vacancy/82383013,Programmer,"PHP-разработчик. Необходимые навыки: — Уверенное знание PHP. — Фреймворки: Yii2/Symfony. — Хорошее знание mySQL/PostgreSql, GIT, Docker, командной строки Linux. —","docker, git, linux, mysql, php, postgresql, symfony",7
705,Full-stack Web Developer,,Астана,ROQED,26-06-2023,"PHP (Laravel). JavaScript (Vue.js либо React). MySQL. HTML, CSS (SCSS).",Поддерживать текущие и создавать новые интерактивные web-проекты. Участвовать в исследованиях и отработке технологий и пайплайнов. Работать с популярными фреймворками.,От 3 до 6 лет,Полная занятость,https://hh.ru/vacancy/78615206,Programmer,"Full-stack Web Developer. PHP (Laravel). JavaScript (Vue.js либо React). MySQL. HTML, CSS (SCSS). Поддерживать текущие и создавать новые интерактивные web-проекты. Участвовать в исследованиях и отработке технологий и пайплайнов. Работать с популярными фреймворками.","css, html, javascript, laravel, mysql, php, react, sass, vue.js",9
706,Flutter разработчик,300000 - 500000 KZT,Алматы,MOVE BUSINESS GROUP,05-07-2023,Умение и опыт разработки на Flutter. Наличие в портфолио успешно реализованных проектов. Опыт разработки Frontend /мобильных приложений с нуля.,Кросс-платформенная разработка мобильного приложения. Создание нового и оптимизация работы имеющегося функционала.,От 1 года до 3 лет,Полная занятость,https://hh.ru/vacancy/83040921,Programmer,Flutter разработчик. Умение и опыт разработки на Flutter. Наличие в портфолио успешно реализованных проектов. Опыт разработки Frontend /мобильных приложений с нуля. Кросс-платформенная разработка мобильного приложения. Создание нового и оптимизация работы имеющегося функционала.,flutter,1
707,Senior backend разработчик,,Алматы,Микрофинансовая организация KMF(КМФ),03-07-2023,Высшее образование. Опыт работы на Golang от 3-х лет и выше. Умение построения архитектуры. Стэк:,"Разработка сервисов для внутреннего потребителя. Разработка интеграционных решение с внешними сервисами (гос.базы, банки, лендинги и прочее). Разработка сервисов для внешнего...",От 3 до 6 лет,Полная занятость,https://hh.ru/vacancy/82901709,Programmer,"Senior backend разработчик. Высшее образование. Опыт работы на Golang от 3-х лет и выше. Умение построения архитектуры. Стэк: Разработка сервисов для внутреннего потребителя. Разработка интеграционных решение с внешними сервисами (гос.базы, банки, лендинги и прочее). Разработка сервисов для внешнего...",go,1
708,IT Product manager (Digital Product Development Manager),,Алматы,АНТАЛ БИЗНЕС РЕШЕНИЯ (ТМ Antal Kazakhstan),24-07-2023,"Possession of a graduate degree in Information Systems, Business Analytics, Digital Technology, or Software Development. Extensive experience of at least...","Lead and oversee the development team in implementing digital tools on the e-commerce platform, as well as other digital...",От 3 до 6 лет,Полная занятость,https://hh.ru/vacancy/83682792,Programmer,"IT Product manager (Digital Product Development Manager). Possession of a graduate degree in Information Systems, Business Analytics, Digital Technology, or Software Development. Extensive experience of at least... Lead and oversee the development team in implementing digital tools on the e-commerce platform, as well as other digital...",,0
709,Разработчик 1С,,Алматы,Almatytrade,11-07-2023,"Постоянное повышение квалификации и уровня знаний. Обязательно: Умение программировать на языке 1С. Знание конфигурации 1С Бухгалтерия, ЗУП, УТ...","Сопровождение, разработка и участие во внедрении программных приложений на платформе 1С (УТ, ЗУП, Розница, Бухгалтерия). Интеграция с различными программными...",Более 6 лет,Полная занятость,https://hh.ru/vacancy/83250176,Programmer,"Разработчик 1С. Постоянное повышение квалификации и уровня знаний. Обязательно: Умение программировать на языке 1С. Знание конфигурации 1С Бухгалтерия, ЗУП, УТ... Сопровождение, разработка и участие во внедрении программных приложений на платформе 1С (УТ, ЗУП, Розница, Бухгалтерия). Интеграция с различными программными...","1c, 1c accounting, 1c zup",3
710,Senior developer в отдел по автоматизации,,Алматы,MAGNUM,18-07-2023,"Высшее профессиональное образование (техническое, экономическое/финансовое, математическое, в сфере информационных технологий). Опыт работы от 3 лет. Опыт разработки RPA решений.","Программирования Python, JS и т.д. Доработка и улучшение существующих решений. Управление глобальными состояниями: Redux + Thunk.",От 3 до 6 лет,Полная занятость,https://hh.ru/vacancy/83586054,Programmer,"Senior developer в отдел по автоматизации. Высшее профессиональное образование (техническое, экономическое/финансовое, математическое, в сфере информационных технологий). Опыт работы от 3 лет. Опыт разработки RPA решений. Программирования Python, JS и т.д. Доработка и улучшение существующих решений. Управление глобальными состояниями: Redux + Thunk.","javascript, python",2
711,C# разработчик,50000 - 140000 RUR,Павлодар,Cybernetically Inc.,24-07-2023,Отслеживание последних тенденций и новых технологий в индустрии. Профессиональный или любительский опыт в разработке на C# и знание .NET-фреймворков.,"Вы будете работать в тесном взаимодействии с нашей командой разработчиков и дизайнеров, внося свой вклад в создание первоклассных решений.",От 1 года до 3 лет,Полная занятость,https://hh.ru/vacancy/83312072,Programmer,"C# разработчик. Отслеживание последних тенденций и новых технологий в индустрии. Профессиональный или любительский опыт в разработке на C# и знание .NET-фреймворков. Вы будете работать в тесном взаимодействии с нашей командой разработчиков и дизайнеров, внося свой вклад в создание первоклассных решений.",".net, c#",2
712,Разработчик BPM-систем (Эксперт),,Алматы,Банк ЦентрКредит,11-07-2023,"Высшее образование (техническое/ математическое). Не менее 1-2 лет на аналогичной позиции. Знание С# (ASP.NET MVC), TypeScript, JavaScript, ООП (объектно...",,От 1 года до 3 лет,Полная занятость,https://hh.ru/vacancy/83290775,Programmer,"Разработчик BPM-систем (Эксперт). Высшее образование (техническое/ математическое). Не менее 1-2 лет на аналогичной позиции. Знание С# (ASP.NET MVC), TypeScript, JavaScript, ООП (объектно...",".net, javascript, typescript",3
713,Инженер-программист 1С,,Павлодар,КМГ-Кумколь,30-06-2023,"Средне-специальное (техническое, информационные технологии). Высшее профессиональное (техническое, информационные технологии).","Разработка, доработка и поддержка типовых/нетиповых конфигураций 1С. Интеграция между различными системами 1С. Администрирование систем 1С (обновление...",От 1 года до 3 лет,Полная занятость,https://hh.ru/vacancy/81359461,Programmer,"Инженер-программист 1С. Средне-специальное (техническое, информационные технологии). Высшее профессиональное (техническое, информационные технологии). Разработка, доработка и поддержка типовых/нетиповых конфигураций 1С. Интеграция между различными системами 1С. Администрирование систем 1С (обновление...",1c,1
714,Middle 1С разработчик,,Алматы,Микрофинансовая организация KMF(КМФ),11-07-2023,,"Разработка на базе 1С и доработка существующей системы. Исправление инцидентов, поступающих из Service Desk. Экспертная оценка доработок в 1...",От 1 года до 3 лет,Полная занятость,https://hh.ru/vacancy/80332503,Programmer,"Middle 1С разработчик.  Разработка на базе 1С и доработка существующей системы. Исправление инцидентов, поступающих из Service Desk. Экспертная оценка доработок в 1...",1c,1
715,Middle React разработчик,,Алматы,«ФИНАНСОВЫЙ ХОЛДИНГ «РЕСПУБЛИКА»,05-07-2023,Стаж работы во Frontend разработке 3 года (на React не менее 2 лет). Отличное знание JavaScript/TypeScript/HTML/CSS.,Реализация бизнес-логики приложения. Исправление и доработка текущих модулей и функций. Участие в принятии архитектурных решений.,От 1 года до 3 лет,Полная занятость,https://hh.ru/vacancy/83030341,Programmer,Middle React разработчик. Стаж работы во Frontend разработке 3 года (на React не менее 2 лет). Отличное знание JavaScript/TypeScript/HTML/CSS. Реализация бизнес-логики приложения. Исправление и доработка текущих модулей и функций. Участие в принятии архитектурных решений.,"css, html, javascript, react, typescript",5
716,Старший консультант-разработчик,,Алматы,Biometric(Биометрик),03-07-2023,Понимание и опыт работы с основными компонентами WebRTC. . Знание и опыт работы с серверами STUN/TURN для обеспечения связи через...,Консультация на 5-10 часов.,От 3 до 6 лет,Проектная работа,https://hh.ru/vacancy/82916975,Programmer,Старший консультант-разработчик. Понимание и опыт работы с основными компонентами WebRTC. . Знание и опыт работы с серверами STUN/TURN для обеспечения связи через... Консультация на 5-10 часов.,,0
717,Web developer,,Талдыкорган,Частная компания “Automated Communication Solutions Ltd.”,22-07-2023,"Знание HTML5, CSS, JavaScript (jQuery, Ajax), Bootstrap, Laravel. Понимание клиент-серверной архитектуры HTTP протокола, умение писать код, которому не...",Доработка существующего функционала корпоративной CRM системы. Автоматизация бизнес процессов предприятия созданием корпоративных подпрограмм. Создание нового функционала. Участие в разработке и...,От 1 года до 3 лет,Полная занятость,https://hh.ru/vacancy/83677412,Programmer,"Web developer. Знание HTML5, CSS, JavaScript (jQuery, Ajax), Bootstrap, Laravel. Понимание клиент-серверной архитектуры HTTP протокола, умение писать код, которому не... Доработка существующего функционала корпоративной CRM системы. Автоматизация бизнес процессов предприятия созданием корпоративных подпрограмм. Создание нового функционала. Участие в разработке и...","bootstrap, css, html, javascript, jquery, laravel",6
718,Middle+ Python Developer (Django),,Алматы,Новео,04-07-2023,"Опыт работы с Python от 3х лет. Знания и опыт работы с Django. Отличные знание баз данных: запросы, индексы...",,От 3 до 6 лет,Полная занятость,https://hh.ru/vacancy/79462058,Programmer,"Middle+ Python Developer (Django). Опыт работы с Python от 3х лет. Знания и опыт работы с Django. Отличные знание баз данных: запросы, индексы...","django, python",2
719,1С Разработчик,,Алматы,Петрофон,21-07-2023,Опыт разработки на платформе 1С: Предприятие 8.2-8.3 не менее 2х лет. Знание языка запросов и...,"Доработка и сопровождение подсистем и модулей существующей конфигурации на базе платформы 1С 8 (УТ, БК, ЗУП). Доработка правил обмена...",От 3 до 6 лет,Полная занятость,https://hh.ru/vacancy/82232555,Programmer,"1С Разработчик. Опыт разработки на платформе 1С: Предприятие 8.2-8.3 не менее 2х лет. Знание языка запросов и... Доработка и сопровождение подсистем и модулей существующей конфигурации на базе платформы 1С 8 (УТ, БК, ЗУП). Доработка правил обмена...","1c, 1c zup",2
720,Fullstack PHP разработчик (Laravel),400000 - 550000 KZT,Алматы,Baraholka-Express.kz,08-07-2023,"Опыт работы на позициях Fullstack-разработчик. Опыт в разработке на Laravel не менее 2 лет. Умение разрабатывать высокопроизводительный, масштабируемый и...","Реализация функционала на основании ТЗ. Взаимодействие с командой, участие в принятии решений об оптимальных путях реализации отдельных модулей и продукта...",От 1 года до 3 лет,Полная занятость,https://hh.ru/vacancy/82273003,Programmer,"Fullstack PHP разработчик (Laravel). Опыт работы на позициях Fullstack-разработчик. Опыт в разработке на Laravel не менее 2 лет. Умение разрабатывать высокопроизводительный, масштабируемый и... Реализация функционала на основании ТЗ. Взаимодействие с командой, участие в принятии решений об оптимальных путях реализации отдельных модулей и продукта...","laravel, php",2
721,Python Backend разработчик,,Алматы,Микрофинансовая организация Шинхан Финанс,22-07-2023,"В микрофинансовую организацию «Шинхан Финанс», требуется Python Backend разработчик опытом работы не менее 3 лет. Знание Python не ниже уровня...",Умение давать оценку сроков выполнения задач и соблюдать их или вовремя сообщать о проблемах с соблюдением сроков. Работа в международной...,От 3 до 6 лет,Полная занятость,https://hh.ru/vacancy/81930964,Programmer,"Python Backend разработчик. В микрофинансовую организацию «Шинхан Финанс», требуется Python Backend разработчик опытом работы не менее 3 лет. Знание Python не ниже уровня... Умение давать оценку сроков выполнения задач и соблюдать их или вовремя сообщать о проблемах с соблюдением сроков. Работа в международной...",python,1
722,Python-разработчик в команду инфраструктуры,,Алматы,Яндекс,27-06-2023,Имеете опыт разработки на любом языке программирования более двух лет и желание переключиться и писать на Python. Можете писать эффективный...,Готовы работать в команде. Работали с *nix-подобными ОС.,Более 6 лет,Полная занятость,https://hh.ru/vacancy/81208896,Programmer,Python-разработчик в команду инфраструктуры. Имеете опыт разработки на любом языке программирования более двух лет и желание переключиться и писать на Python. Можете писать эффективный... Готовы работать в команде. Работали с *nix-подобными ОС.,python,1
723,Middle Frontend разработчик (react js),,Астана,BI-Development (ТМ BI GROUP),05-07-2023,"Умение писать чистый, поддерживаемый код. Умение разбираться в чужом коде. Инициативность и самостоятельность. Умение профилировать и отлаживать код, писать тесты.",Технологический стек:,От 3 до 6 лет,Полная занятость,https://hh.ru/vacancy/83039837,Programmer,"Middle Frontend разработчик (react js). Умение писать чистый, поддерживаемый код. Умение разбираться в чужом коде. Инициативность и самостоятельность. Умение профилировать и отлаживать код, писать тесты. Технологический стек:","javascript, react",2
724,Junior/middle PHP разработчик (Bitrix24),,Караганда,ADM Company,21-07-2023,"Опыт и уверенные знания PHP, JavaScript и jQuery, верстки HTML + CSS, MySQL. Знание типового функционала CMS 1С-Bitrix...","Доработка, оптимизация, создание новых модулей и бизнес-процессов на 1С-Bitrix24. Интеграция Bitrix24 с 1С и...",От 1 года до 3 лет,Полная занятость,https://hh.ru/vacancy/78767226,Programmer,"Junior/middle PHP разработчик (Bitrix24). Опыт и уверенные знания PHP, JavaScript и jQuery, верстки HTML + CSS, MySQL. Знание типового функционала CMS 1С-Bitrix... Доработка, оптимизация, создание новых модулей и бизнес-процессов на 1С-Bitrix24. Интеграция Bitrix24 с 1С и...","1c, css, html, javascript, jquery, mysql, php",7
725,PHP FullStack разработчик,,Астана,ATBPOS,23-07-2023,"Знания PHP 7 и выше. Знания HTML, CSS, Bootstap. Знания JS, Jquery. Знания принципов MVC. Понимание ООП. Опыт использования PHP...",,От 1 года до 3 лет,Полная занятость,https://hh.ru/vacancy/83438619,Programmer,"PHP FullStack разработчик. Знания PHP 7 и выше. Знания HTML, CSS, Bootstap. Знания JS, Jquery. Знания принципов MVC. Понимание ООП. Опыт использования PHP...","css, html, javascript, jquery, php",5
726,"Разработчик мобильного приложения на IOS (middle, senior)",,Алматы,"ALSECO, АО",22-07-2023,"Умение работать в команде. Будет плюсом опыт работы в Postman, Jira, Figma, CI/CD.",Разрабатывать мобильные приложения под iOS. Сопровождать и модернизировать уже существующие разработки. Принимать участие в совершенствовании процессов разработки/сопровождения программного обеспечения.,От 3 до 6 лет,Полная занятость,https://hh.ru/vacancy/82037069,Programmer,"Разработчик мобильного приложения на IOS (middle, senior). Умение работать в команде. Будет плюсом опыт работы в Postman, Jira, Figma, CI/CD. Разрабатывать мобильные приложения под iOS. Сопровождать и модернизировать уже существующие разработки. Принимать участие в совершенствовании процессов разработки/сопровождения программного обеспечения.","ci/cd, figma, ios, jira, postman",5
727,Стажер-программист 1С,,Алматы,Диалог-Сервис,23-07-2023,"Свидетельство по завершению курса. У тебя законченное высшее или средне-специальное образование в сфере программирования (it) ! ! ! Ты ответственный, целеустремлённый и...",Бесплатное обучение работе в программе 1С от администрирования до программирования.,Нет опыта,Стажировка,https://hh.ru/vacancy/82706304,Programmer,"Стажер-программист 1С. Свидетельство по завершению курса. У тебя законченное высшее или средне-специальное образование в сфере программирования (it) ! ! ! Ты ответственный, целеустремлённый и... Бесплатное обучение работе в программе 1С от администрирования до программирования.",1c,1
728,Веб-программист,,Алматы,Effective Media Liaison,22-07-2023,"Опыт работы с Back-end (PHP7+, Mysql, Memcache, Redis, Sphinx,RESTFull, Git\Gitlab, Clickhouse). Опыт работы с Front...",Работа c крупными высоконагруженными интернет-проектами. Разработка и внедрение нового функционала. Выявление и исправление ошибок. Тех. поддержка сайтов компании.,От 3 до 6 лет,Полная занятость,https://hh.ru/vacancy/80275391,Programmer,"Веб-программист. Опыт работы с Back-end (PHP7+, Mysql, Memcache, Redis, Sphinx,RESTFull, Git\Gitlab, Clickhouse). Опыт работы с Front... Работа c крупными высоконагруженными интернет-проектами. Разработка и внедрение нового функционала. Выявление и исправление ошибок. Тех. поддержка сайтов компании.","clickhouse, git, gitlab, mysql, redis",5
729,Senior Full stack разработчик (Javascript),800000 - 1200000 KZT,Астана,Inter Solutions,16-07-2023,Опыт работы в Software Development: 4 года. Уверенное владение одним из языков программирования. Знание и опыт работы с Web Stack...,"Full Stack разработка нового функционала. Поддержка существующего функционала. Работа с Camunda BPMS. Работа с Tech Stack'ом:​​​​​​​. JavaScript, TypeScript.",От 3 до 6 лет,Полная занятость,https://hh.ru/vacancy/83500436,Programmer,"Senior Full stack разработчик (Javascript). Опыт работы в Software Development: 4 года. Уверенное владение одним из языков программирования. Знание и опыт работы с Web Stack... Full Stack разработка нового функционала. Поддержка существующего функционала. Работа с Camunda BPMS. Работа с Tech Stack'ом:​​​​​​​. JavaScript, TypeScript.","javascript, typescript",2
730,Программист АСУТП,,Алматы,АНКОР Центральная Азия,03-07-2023,"Конструирование АСУ посредством использования особенных математических и экономических методов и принципов. Требования к опыту: Знание специальных программ: WinCC, WinCC OA...",Внедрение разработанных АСУ в производственную деятельность. Изучение и анализ способов управления организацией. Составление технических заданий для других работников.,От 1 года до 3 лет,Полная занятость,https://hh.ru/vacancy/82889245,Programmer,"Программист АСУТП. Конструирование АСУ посредством использования особенных математических и экономических методов и принципов. Требования к опыту: Знание специальных программ: WinCC, WinCC OA... Внедрение разработанных АСУ в производственную деятельность. Изучение и анализ способов управления организацией. Составление технических заданий для других работников.",,0
731,Бэк-енд разработчик,,Алматы,Сәтті Жұлдыз,10-07-2023,"Уверенное знание GoLang. Опыт реализации сложных и высоконагруженных проектов. Работа с базами данных (SQL, NoSQL). Опыт работы с Rest API...",Поддержка текущей функциональности и разработка новой(будет много). Автоматизация работы бэк-офиса и запуск новых продуктов. Интеграция с системами и...,От 3 до 6 лет,Полная занятость,https://hh.ru/vacancy/83190190,Programmer,"Бэк-енд разработчик. Уверенное знание GoLang. Опыт реализации сложных и высоконагруженных проектов. Работа с базами данных (SQL, NoSQL). Опыт работы с Rest API... Поддержка текущей функциональности и разработка новой(будет много). Автоматизация работы бэк-офиса и запуск новых продуктов. Интеграция с системами и...","go, rest api, sql",3
732,PHP-разработчик (Bitrix),,Караганда,Эм Си Арт,19-07-2023,Уверенно знаешь PHP 7+. Хорошо знаешь платформу Битрикс. Пишешь свои модули и компоненты. Умеешь работать с Git.,С нуля разрабатывать модули для сайтов и корпоративных порталов. Дорабатывать штатные инструменты Битрикса. Оптимизировать существующие решения. Настраивать интеграции с помощью...,От 1 года до 3 лет,Полная занятость,https://hh.ru/vacancy/83676790,Programmer,PHP-разработчик (Bitrix). Уверенно знаешь PHP 7+. Хорошо знаешь платформу Битрикс. Пишешь свои модули и компоненты. Умеешь работать с Git. С нуля разрабатывать модули для сайтов и корпоративных порталов. Дорабатывать штатные инструменты Битрикса. Оптимизировать существующие решения. Настраивать интеграции с помощью...,"git, php",2
733,WordPress-разработчик,,Алматы,ICORE-Integration,21-07-2023,"Глубокое знание CMS WordPress, включая ее архитектуру, структуру и основные функции. Опыт создания и настройки веб-сайтов и онлайн магазинов...","Разработка и поддержка веб-сайтов и онлайн магазинов на CMS WordPress, включая создание пользовательского интерфейса, интеграцию плагинов и тем, а...",От 1 года до 3 лет,Полная занятость,https://hh.ru/vacancy/82910315,Programmer,"WordPress-разработчик. Глубокое знание CMS WordPress, включая ее архитектуру, структуру и основные функции. Опыт создания и настройки веб-сайтов и онлайн магазинов... Разработка и поддержка веб-сайтов и онлайн магазинов на CMS WordPress, включая создание пользовательского интерфейса, интеграцию плагинов и тем, а...",,0
734,Middle Full-Stack Developer,,Алматы,ECOMMPAY IT,14-07-2023,"Опыт работы разработчиком 2+ лет. Знания JavaScript (Vue / Vuex, React, NodeJS, WebPack). Знания PHP (7.4 и выше, yii...",,От 1 года до 3 лет,Полная занятость,https://hh.ru/vacancy/83449057,Programmer,"Middle Full-Stack Developer. Опыт работы разработчиком 2+ лет. Знания JavaScript (Vue / Vuex, React, NodeJS, WebPack). Знания PHP (7.4 и выше, yii...","javascript, node.js, php, react, vue.js",5
735,PHP Developer / Верстальщик под Wordpress,1000 - 1500 USD,Астана,Hdcart PTE,26-06-2023,"Опыт разработки на PHP 7 и MySQL - от 1,5 лет. Опыт работы с Wordpress и Woocommerce от 1 года.",Создание новых тем и плагинов для Wordpress/Woocommerce. Верстать темы по дизайну в Figma. Первая задача - сверстать тему под Woocommerce...,От 1 года до 3 лет,Полная занятость,https://hh.ru/vacancy/82459977,Programmer,"PHP Developer / Верстальщик под Wordpress. Опыт разработки на PHP 7 и MySQL - от 1,5 лет. Опыт работы с Wordpress и Woocommerce от 1 года. Создание новых тем и плагинов для Wordpress/Woocommerce. Верстать темы по дизайну в Figma. Первая задача - сверстать тему под Woocommerce...","figma, mysql, php",3
736,Business Development Manager,,Алматы,Smart Solutions Personnel,04-07-2023,"Strong sales and business background, with minimum 2 years of on sales position. Experience of selling education software solutions combined...","Leadership of a diverse education v-team of high impact relationship, technical and industry sellers that to expand strategic education...",От 3 до 6 лет,Полная занятость,https://hh.ru/vacancy/82952882,Programmer,"Business Development Manager. Strong sales and business background, with minimum 2 years of on sales position. Experience of selling education software solutions combined... Leadership of a diverse education v-team of high impact relationship, technical and industry sellers that to expand strategic education...",,0
737,Senior/Middle Android developer,,Алматы,Мобайл Телеком-Сервис (Объединенная Компания Tele2/ALTEL),10-07-2023,"Отлично знаешь Android SDK . Предпочитаешь и отлично владеешь Kotlin. Умеешь работать с корутинами . Знаешь и применял в работе MVVM, MVP...",Разрабатывать новые компоненты/модули в имеющемся приложении . Поддерживать уже существующие компоненты/модули. Проектировать (вместе с командой и тех.,От 3 до 6 лет,Полная занятость,https://hh.ru/vacancy/83188079,Programmer,"Senior/Middle Android developer. Отлично знаешь Android SDK . Предпочитаешь и отлично владеешь Kotlin. Умеешь работать с корутинами . Знаешь и применял в работе MVVM, MVP... Разрабатывать новые компоненты/модули в имеющемся приложении . Поддерживать уже существующие компоненты/модули. Проектировать (вместе с командой и тех.","android, kotlin",2
738,Backend разработчик/Программист (strong junior / middle),350000 - 500000 KZT,Талдыкорган,Oktrening,20-07-2023,,"3. Вам нужно будет попунктно выполнять задачи по разработки функционала, так же тестировать, выявлять баги и устранять их, достигая поставленных...",От 1 года до 3 лет,Полная занятость,https://hh.ru/vacancy/83760915,Programmer,"Backend разработчик/Программист (strong junior / middle).  3. Вам нужно будет попунктно выполнять задачи по разработки функционала, так же тестировать, выявлять баги и устранять их, достигая поставленных...",,0
739,Full stаck PHP разработчик,,Алматы,Галерея Новостроек,23-07-2023,"Опыт коммерческой разработки от 1 года. Умение работать самостоятельно, реализовывать задачи от планирования до ведения и поддержки в продакшене.","Разработка кода: писать код в соответствии с принятыми стандартами и требованиями проекта. Тестирование: убедиться, что код команды проходит тестирование и...",Более 6 лет,Полная занятость,https://hh.ru/vacancy/81505418,Programmer,"Full stаck PHP разработчик. Опыт коммерческой разработки от 1 года. Умение работать самостоятельно, реализовывать задачи от планирования до ведения и поддержки в продакшене. Разработка кода: писать код в соответствии с принятыми стандартами и требованиями проекта. Тестирование: убедиться, что код команды проходит тестирование и...",php,1
740,Программист 1С,,Алматы,IEK GROUP (ТОРГОВЫЙ ДОМ ИЭК.КАЗ),22-07-2023,Опыт работы от 2 лет. Знание конфигураций УТП и УТ 11. Желательно знание конфигураций БП и ЗУП – как преимущество.,"Сопровождение, разработка и участие во внедрении программных приложений на платформе 1С. Доработка имеющихся конфигураций под нужды заказчика (УТ, БП...",От 1 года до 3 лет,Полная занятость,https://hh.ru/vacancy/82963286,Programmer,"Программист 1С. Опыт работы от 2 лет. Знание конфигураций УТП и УТ 11. Желательно знание конфигураций БП и ЗУП – как преимущество. Сопровождение, разработка и участие во внедрении программных приложений на платформе 1С. Доработка имеющихся конфигураций под нужды заказчика (УТ, БП...","1c, 1c zup",2
741,Senior frontend разработчик React,,Астана,ЧК CDS DEVELOPMENT LTD.,03-07-2023,Понимание принципов и подходов современной Frontend разработки. Опыт разработки проектов от 3х лет. Опыт проектирования архитектуры и разработки с...,Разработка frontend функционала для действующего проекта. Создание архитектуры компонентов. Работа в команде разработчиков и тесное взаимодействие с аналитиками.,От 3 до 6 лет,Полная занятость,https://hh.ru/vacancy/82887311,Programmer,Senior frontend разработчик React. Понимание принципов и подходов современной Frontend разработки. Опыт разработки проектов от 3х лет. Опыт проектирования архитектуры и разработки с... Разработка frontend функционала для действующего проекта. Создание архитектуры компонентов. Работа в команде разработчиков и тесное взаимодействие с аналитиками.,react,1
742,Разработчик Colvir,,Алматы,Банк ЦентрКредит,04-07-2023,"Высшее техническое образование. Стаж работы : 3 года и выше. Навыки/знания: Отличное знание АБИС Colvir, языка PL/SQL, SQL, настройка...","Разработка функционала в АБИС Colvir, разработка структур данных в БД PostgreSQL.",От 3 до 6 лет,Полная занятость,https://hh.ru/vacancy/82977001,Programmer,"Разработчик Colvir. Высшее техническое образование. Стаж работы : 3 года и выше. Навыки/знания: Отличное знание АБИС Colvir, языка PL/SQL, SQL, настройка... Разработка функционала в АБИС Colvir, разработка структур данных в БД PostgreSQL.","postgresql, sql",2
743,PHP middle программист,300000 - 500000 KZT,Петропавловск,"TenderPlus, компания",16-07-2023,"Опыт работы 3+ лет. PHP 7+. Написание производительного кода. Навыки HTML‚ CSS, Twitter Bootstrap 3. MySQL на уровне...",Рефакторинг текущего кода. Работа с front&back сторонами WEB продукта. Разработка и внедрение нового функционала. Оптимизация и доработка старого функционала.,От 3 до 6 лет,Полная занятость,https://hh.ru/vacancy/80563070,Programmer,"PHP middle программист. Опыт работы 3+ лет. PHP 7+. Написание производительного кода. Навыки HTML‚ CSS, Twitter Bootstrap 3. MySQL на уровне... Рефакторинг текущего кода. Работа с front&back сторонами WEB продукта. Разработка и внедрение нового функционала. Оптимизация и доработка старого функционала.","bootstrap, css, html, mysql, php",5
744,Full Stack PHP Разработчик,500000 KZT,Астана,Unipark,01-07-2023,"Знание языков: PHP, Javascript. Умение работать в PHP-фреймворках: Yii2. Умение работать с СУБД MySQL. Понимание принципов ООП, SOLID...","Разработка и поддержка цифрового транспортного сервиса Unipark. Ежедневное бизнес - планирование задач в системе. Тестирование, сопровождение и отладка готового функционала.",От 3 до 6 лет,Полная занятость,https://hh.ru/vacancy/82865599,Programmer,"Full Stack PHP Разработчик. Знание языков: PHP, Javascript. Умение работать в PHP-фреймворках: Yii2. Умение работать с СУБД MySQL. Понимание принципов ООП, SOLID... Разработка и поддержка цифрового транспортного сервиса Unipark. Ежедневное бизнес - планирование задач в системе. Тестирование, сопровождение и отладка готового функционала.","javascript, mysql, php",3
745,Менеджер по развитию обучения / Education Development Manager,,Алматы,Amway Казахстан,17-07-2023,"Высшее образование, дополнительное образование в сфере обучения. Опыт и дополнительное образование в сфере управления проектами, управления изменениями. Свободное владение английским...","Разработка и утверждение стратегии обучения вместе с Менеджером по развитию и поддержке продаж, ежегодных планов обучения, реализации и оценка эффективности...",Более 6 лет,Полная занятость,https://hh.ru/vacancy/83369679,Programmer,"Менеджер по развитию обучения / Education Development Manager. Высшее образование, дополнительное образование в сфере обучения. Опыт и дополнительное образование в сфере управления проектами, управления изменениями. Свободное владение английским... Разработка и утверждение стратегии обучения вместе с Менеджером по развитию и поддержке продаж, ежегодных планов обучения, реализации и оценка эффективности...",,0
746,Middle full-stack разработчик (.Net + Angular),400000 - 600000 KZT,Астана,КМГ-Кумколь,20-07-2023,"Высшее или средне специальное образование в области ИТ. Отличные знания C#, ASP и JavaScript ES5/ES6.","Оптимизация веб-приложений и веб-сайтов. Доработка функциональности на .Net Core, ASP.Net, Angular или SharePoint. Работа над улучшением дизайна, функциональности.",От 3 до 6 лет,Полная занятость,https://hh.ru/vacancy/83768203,Programmer,"Middle full-stack разработчик (.Net + Angular). Высшее или средне специальное образование в области ИТ. Отличные знания C#, ASP и JavaScript ES5/ES6. Оптимизация веб-приложений и веб-сайтов. Доработка функциональности на .Net Core, ASP.Net, Angular или SharePoint. Работа над улучшением дизайна, функциональности.",".net, angular, c#, javascript",4
747,Senior Java Developer,,Алматы,Home Credit Bank,11-07-2023,"Промышленный опыт работы с Java, Spring Boot и Spring Framework от 2-х лет в качестве Middle или Senior разработчика.","Участие в оптимизации и построении core banking system для процесса оформления кредитов, реализация API для внешних систем (мобильные приложения Банка...",От 3 до 6 лет,Полная занятость,https://hh.ru/vacancy/83256901,Programmer,"Senior Java Developer. Промышленный опыт работы с Java, Spring Boot и Spring Framework от 2-х лет в качестве Middle или Senior разработчика. Участие в оптимизации и построении core banking system для процесса оформления кредитов, реализация API для внешних систем (мобильные приложения Банка...","java, spring",2
748,Разработчик бэкенда на Python в Вертикали,,Алматы,Яндекс,19-07-2023,"PostgreSQL, MySQL, Redis, ClickHouse, YDB.","CM.Expert — первая и ведущая в России data-mining-платформа, предназначенная для интеллектуального анализа и автоматизированного управления продажами и складом автомобилей...",От 3 до 6 лет,Полная занятость,https://hh.ru/vacancy/76831393,Programmer,"Разработчик бэкенда на Python в Вертикали. PostgreSQL, MySQL, Redis, ClickHouse, YDB. CM.Expert — первая и ведущая в России data-mining-платформа, предназначенная для интеллектуального анализа и автоматизированного управления продажами и складом автомобилей...","clickhouse, mysql, postgresql, python, redis",5
749,Программист 1С (middle-senior),500000 KZT,Астана,Первый БИТ,27-06-2023,"Понимание стандартов разработки. Опыт внедрения 1С от получения тех. задания до сдачи работ заказчику. Самостоятельность, коммуникабельность, умение доводить задачу...","Внедрение конфигураций, а также собственных отраслевых решений на платформе 1С. Интеграция 1С с другими системами. Реализация необходимых доработок...",От 3 до 6 лет,Полная занятость,https://hh.ru/vacancy/82542377,Programmer,"Программист 1С (middle-senior). Понимание стандартов разработки. Опыт внедрения 1С от получения тех. задания до сдачи работ заказчику. Самостоятельность, коммуникабельность, умение доводить задачу... Внедрение конфигураций, а также собственных отраслевых решений на платформе 1С. Интеграция 1С с другими системами. Реализация необходимых доработок...",1c,1
750,Программист 1С (Специалист отдела поддержки 1С),,Алматы,QIWI Kazakhstan (КИВИ Казахстан),04-07-2023,Опыт разработки управляемых и обычных форм 1С 8.3 и 8.2. Опыт разработки управляемых и обычных форм.,"Разработка, доработка модулей, сопровождение конфигураций 1С Бухгалтерия; ЗУП. Доработка нетиповой конфигурации на платформе 1С:Предприятие. Поддержка и доработки...",От 1 года до 3 лет,Полная занятость,https://hh.ru/vacancy/81653620,Programmer,"Программист 1С (Специалист отдела поддержки 1С). Опыт разработки управляемых и обычных форм 1С 8.3 и 8.2. Опыт разработки управляемых и обычных форм. Разработка, доработка модулей, сопровождение конфигураций 1С Бухгалтерия; ЗУП. Доработка нетиповой конфигурации на платформе 1С:Предприятие. Поддержка и доработки...","1c, 1c accounting, 1c zup",3
751,Fullstack PHP-разработчик,500000 KZT,Алматы,Apple Tech Kazakhstan,23-07-2023,"Опыт работы в области Web разработки от 2-3 лет. Хорошие знания PHP (ООП, MVC, SOLID). Умение и желание писать...",,От 1 года до 3 лет,Полная занятость,https://hh.ru/vacancy/81733427,Programmer,"Fullstack PHP-разработчик. Опыт работы в области Web разработки от 2-3 лет. Хорошие знания PHP (ООП, MVC, SOLID). Умение и желание писать...",php,1
752,React native developer,3000 - 5000 USD,Алматы,ЧАСТНАЯ КОМПАНИЯ WELLDONE SCHOOL LTD.,22-07-2023,"Мы являемся одной из крупнейших медицинских страховых компаний в США и ищем опытного специалиста по мобильным приложениям, который присоединится к...",Разработка и создание продвинутых приложений для платформ iOS и Android с использованием React Native и Node.js. - Сотрудничайте с кросс-функциональными...,От 3 до 6 лет,Полная занятость,https://hh.ru/vacancy/82662328,Programmer,"React native developer. Мы являемся одной из крупнейших медицинских страховых компаний в США и ищем опытного специалиста по мобильным приложениям, который присоединится к... Разработка и создание продвинутых приложений для платформ iOS и Android с использованием React Native и Node.js. - Сотрудничайте с кросс-функциональными...","android, ios, javascript, node.js, react, react native",6
753,Middle Flutter Developer,,Алматы,Частная компания Akhter Studios Ltd.,10-07-2023,"Знание Clean Architecture, BLoC, OOP, Dart 3, Unit Tests, Golden Tests, Freezed, Dio.","Разрабатывать фичи по ТЗ вместе со всей командой. Обсуждать дизайн, коммуницировать с бекендерами.",От 3 до 6 лет,Проектная работа,https://hh.ru/vacancy/83208132,Programmer,"Middle Flutter Developer. Знание Clean Architecture, BLoC, OOP, Dart 3, Unit Tests, Golden Tests, Freezed, Dio. Разрабатывать фичи по ТЗ вместе со всей командой. Обсуждать дизайн, коммуницировать с бекендерами.","dart, flutter, unit testing",3
754,Программист отдела автоматизации учёта (1С Программист),,Алматы,Публичная Компания «Freedom Finance Global PLC»,05-07-2023,Опыт работы на схожей позиции от 3 лет и более. Опыт участия в проектах внедрения продуктов 1С: Предприятие в...,,От 3 до 6 лет,Полная занятость,https://hh.ru/vacancy/83040242,Programmer,Программист отдела автоматизации учёта (1С Программист). Опыт работы на схожей позиции от 3 лет и более. Опыт участия в проектах внедрения продуктов 1С: Предприятие в...,1c,1
755,Business Development and Tender Specialist,,Алматы,AETS / Атырауэнерготехсервис,27-06-2023,Education: Bachelor/Master’s degree preferable in Engineering or another technical sphere. To be able to work in a team...,"To monitore the tender submission process for formatting, completeness, consistency, and compliance. To assist in the management of data related...",От 1 года до 3 лет,Полная занятость,https://hh.ru/vacancy/82504523,Programmer,"Business Development and Tender Specialist. Education: Bachelor/Master’s degree preferable in Engineering or another technical sphere. To be able to work in a team... To monitore the tender submission process for formatting, completeness, consistency, and compliance. To assist in the management of data related...",,0
756,Дизайнер-программист со знанием CorelDraw,120000 KZT,Тараз,Дана-Дель,11-07-2023,Знание CorelDraw. Желательно профильное образование (дизайн). Опыт работы на аналогичной позиции будет преимуществом. Умение работать в коллективе.,Резка на лазерном станке орнаментов из ткани. Резка на лазерном станке по заданным параметрам изделий. Выполнение задачи в графических программах.,От 1 года до 3 лет,Полная занятость,https://hh.ru/vacancy/83255984,Programmer,Дизайнер-программист со знанием CorelDraw. Знание CorelDraw. Желательно профильное образование (дизайн). Опыт работы на аналогичной позиции будет преимуществом. Умение работать в коллективе. Резка на лазерном станке орнаментов из ткани. Резка на лазерном станке по заданным параметрам изделий. Выполнение задачи в графических программах.,,0
757,Backend разработчик (PHP+Golang),,Алматы,QazCloud,20-07-2023,"Опыт работы от 3 лет. Языки программирования: PHP и Go. Опыт работы с разработкой и интеграцией REST API, включая знание...",Разработка микросервисов. Написание unit тестов. Работа в тесном взаимодействии с фронтенд-разработчиками. Доработка существующего функционала.,От 3 до 6 лет,Полная занятость,https://hh.ru/vacancy/83757786,Programmer,"Backend разработчик (PHP+Golang). Опыт работы от 3 лет. Языки программирования: PHP и Go. Опыт работы с разработкой и интеграцией REST API, включая знание... Разработка микросервисов. Написание unit тестов. Работа в тесном взаимодействии с фронтенд-разработчиками. Доработка существующего функционала.","go, php, rest api",3
758,Android - разработчик,,Алматы,Bereke Bank,26-06-2023,"Опыт разработки на Kotlin от 2 лет. Знание классических алгоритмов и структур данных. Отличное знание ООП, шаблонов проектирования.",Разработка и поддержка собственного мобильного приложения под ОС Android. Взаимодействие с командой.,От 3 до 6 лет,Полная занятость,https://hh.ru/vacancy/82410624,Programmer,"Android - разработчик. Опыт разработки на Kotlin от 2 лет. Знание классических алгоритмов и структур данных. Отличное знание ООП, шаблонов проектирования. Разработка и поддержка собственного мобильного приложения под ОС Android. Взаимодействие с командой.","android, kotlin",2
759,Программист 1С,,Алматы,Birinshi Lombard (Бірінші Ломбард),17-07-2023,Высшее образование. Опытный пользователь Word/Excel. Базовые знания общего программирования. Понимание в 1С программировании . Опыт решения интеграционных задач.,"Модификация и обновление существующих документов, отчетов, обработок бухгалтерского, оперативного и управленческого учета. Создание новых документов, отчетов, обработок бухгалтерского, оперативного и...",От 1 года до 3 лет,Полная занятость,https://hh.ru/vacancy/83545440,Programmer,"Программист 1С. Высшее образование. Опытный пользователь Word/Excel. Базовые знания общего программирования. Понимание в 1С программировании . Опыт решения интеграционных задач. Модификация и обновление существующих документов, отчетов, обработок бухгалтерского, оперативного и управленческого учета. Создание новых документов, отчетов, обработок бухгалтерского, оперативного и...","1c, excel",2
760,Middle/senior PHP разработчик (Yii2),1000 - 1500 USD,Алматы,ProductFit,24-07-2023,"Php 7+ (знакомство интерес к 8). Yii2 уверенное владение. Опыт разработки проектов с API, например SPA.","Стартап студия (заказная разработка для стартапов с нуля под ключ, технический и продуктовый консалтинг, создание MVP или MLP).",От 3 до 6 лет,Полная занятость,https://hh.ru/vacancy/83927969,Programmer,"Middle/senior PHP разработчик (Yii2). Php 7+ (знакомство интерес к 8). Yii2 уверенное владение. Опыт разработки проектов с API, например SPA. Стартап студия (заказная разработка для стартапов с нуля под ключ, технический и продуктовый консалтинг, создание MVP или MLP).",php,1
761,"Hard-Code Developer, ITS",,Алматы,KPMG,12-07-2023,Higher education with IT literature. Ability to rapidly change focus and skillset from one stack to another. Some development experience...,"Develop API's. Develop appropriate solutions, primarily using C#, JavaScript.",От 3 до 6 лет,Полная занятость,https://hh.ru/vacancy/80664892,Programmer,"Hard-Code Developer, ITS. Higher education with IT literature. Ability to rapidly change focus and skillset from one stack to another. Some development experience... Develop API's. Develop appropriate solutions, primarily using C#, JavaScript.","c#, javascript",2
762,1С разработчик,,Алматы,RAMS QAZAQSTAN,26-06-2023,Опыт разработки REST/SOAP сервисов на 1С. Опыт разработки интеграционных решений на базе JSON/XML. Приветствуется: Знание основ ведения...,Интеграция 1С со внешними ресурсами. Разработка функционала расширяющего возможности текущей системы. Оптимизация производительности 1С. Сопровождение и доработка текущих...,От 1 года до 3 лет,Полная занятость,https://hh.ru/vacancy/82438851,Programmer,1С разработчик. Опыт разработки REST/SOAP сервисов на 1С. Опыт разработки интеграционных решений на базе JSON/XML. Приветствуется: Знание основ ведения... Интеграция 1С со внешними ресурсами. Разработка функционала расширяющего возможности текущей системы. Оптимизация производительности 1С. Сопровождение и доработка текущих...,"1c, soap",2
763,Senior Java Developer,,Астана,АНТАЛ БИЗНЕС РЕШЕНИЯ (ТМ Antal Kazakhstan),05-07-2023,"Ищем сильного Java разработчика с опытом именно в микросервисах. Желание развиваться в выбранном направлении. Уверенное знание Java Core, Spring Framework.","Инфраструктура: GitLab, GitLab CI, Gradle, Docker, Kubernetes, Kibana, Prometheus, Jaeger, Grafana, Sentry. Развивать сервисы и создавать новые по мере необходимости.",Нет опыта,Полная занятость,https://hh.ru/vacancy/83031231,Programmer,"Senior Java Developer. Ищем сильного Java разработчика с опытом именно в микросервисах. Желание развиваться в выбранном направлении. Уверенное знание Java Core, Spring Framework. Инфраструктура: GitLab, GitLab CI, Gradle, Docker, Kubernetes, Kibana, Prometheus, Jaeger, Grafana, Sentry. Развивать сервисы и создавать новые по мере необходимости.","docker, gitlab, java, kubernetes, spring",5
764,"Инженер-программист (отдел автоматизации производства, Челябинская область)",,Лисаковск,Чебаркульская птица,11-07-2023,"Образование среднее специальное, высшее. Программирование верхнего или нижнего уровня.",Разработка и внедрение программных комплексов на производствах.,От 1 года до 3 лет,Полная занятость,https://hh.ru/vacancy/83280895,Programmer,"Инженер-программист (отдел автоматизации производства, Челябинская область). Образование среднее специальное, высшее. Программирование верхнего или нижнего уровня. Разработка и внедрение программных комплексов на производствах.",,0
765,Разработчик программного обеспечения,,Алматы,"ALSECO, АО",27-06-2023,"Профильное высшее образование. Самоорганизованность, самодисциплину, коммуникабельность. Знание теории реляционных баз данных. Знание и опыт разработки на T-SQL.","Дорабатывать и исправлять баги в работе информационных систем, находящихся в эксплуатации, оптимизировать их работу. Разработкой структуры базы данных и хранимых...",От 3 до 6 лет,Полная занятость,https://hh.ru/vacancy/82155198,Programmer,"Разработчик программного обеспечения. Профильное высшее образование. Самоорганизованность, самодисциплину, коммуникабельность. Знание теории реляционных баз данных. Знание и опыт разработки на T-SQL. Дорабатывать и исправлять баги в работе информационных систем, находящихся в эксплуатации, оптимизировать их работу. Разработкой структуры базы данных и хранимых...",sql,1
766,Fullstack Middle (Laravel/React) Developer,1400 - 3000 EUR,Астана,Инноскрипта Интернешнл,22-07-2023,"JavaScript. - React / Redux. - Webpack. - CSS, HTML. Наши backend - технологии: - PHP. - Laravel. - MySQL. Знание английского языка не ниже upper-intermediate.",Многомодульная CRM-система. - Облачная платформа для взаимодействия с учёными. - Приложение для финансового мониторинга компаний с умным поиском. - Построение компонентов для...,От 1 года до 3 лет,Полная занятость,https://hh.ru/vacancy/83402339,Programmer,"Fullstack Middle (Laravel/React) Developer. JavaScript. - React / Redux. - Webpack. - CSS, HTML. Наши backend - технологии: - PHP. - Laravel. - MySQL. Знание английского языка не ниже upper-intermediate. Многомодульная CRM-система. - Облачная платформа для взаимодействия с учёными. - Приложение для финансового мониторинга компаний с умным поиском. - Построение компонентов для...","css, html, javascript, laravel, mysql, php, react",7
767,MIddle/Strong middle Frontend Разработчик (React JS),,Алматы,Magnum E-commerce Kazakhstan,24-07-2023,"Знание Java Script. Знание библиотеки ReactJS. Понимание ООП, HTML и CSS. От 1-3 лет опыта в разработке в общем.","Поддержка текущих приложений для внутренних пользователей. Написание хорошего, чистого кода. Участие в полном цикле жизни приложения: от дизайна до поддержки.",От 1 года до 3 лет,Полная занятость,https://hh.ru/vacancy/82519948,Programmer,"MIddle/Strong middle Frontend Разработчик (React JS). Знание Java Script. Знание библиотеки ReactJS. Понимание ООП, HTML и CSS. От 1-3 лет опыта в разработке в общем. Поддержка текущих приложений для внутренних пользователей. Написание хорошего, чистого кода. Участие в полном цикле жизни приложения: от дизайна до поддержки.","css, html, java, javascript, react",5
768,Senior/Middle Java разработчик,,Алматы,Home Credit Bank,11-07-2023,Опыт работы c Java от 3-х лет в качестве Java backend или full-stack разработчика. Опыт работы с Docker.,"Участие в поддержке и развитии компонентов банковской core системы. Участие в код ревью, менторство junior и middle разработчиков.",От 3 до 6 лет,Полная занятость,https://hh.ru/vacancy/83257141,Programmer,"Senior/Middle Java разработчик. Опыт работы c Java от 3-х лет в качестве Java backend или full-stack разработчика. Опыт работы с Docker. Участие в поддержке и развитии компонентов банковской core системы. Участие в код ревью, менторство junior и middle разработчиков.","docker, java",2
769,Middle+ IOS разработчик Департамента развития корпоративных систем,,Алматы,"Bank RBK, АО",29-06-2023,"Уверенные знания Swift. Верстка приложений по дизайну. Знание iOS Guidelines (Animation, Graphics, Text и UI Kit). Опыт разработки клиент-серверных...","Разработка и поддержка iOS-приложения для онлайн-банкингаНаписание чистого, поддерживаемого и эффективного кода на языке Swift. Интеграция iOS-приложения с...",От 3 до 6 лет,Полная занятость,https://hh.ru/vacancy/82772423,Programmer,"Middle+ IOS разработчик Департамента развития корпоративных систем. Уверенные знания Swift. Верстка приложений по дизайну. Знание iOS Guidelines (Animation, Graphics, Text и UI Kit). Опыт разработки клиент-серверных... Разработка и поддержка iOS-приложения для онлайн-банкингаНаписание чистого, поддерживаемого и эффективного кода на языке Swift. Интеграция iOS-приложения с...","ios, swift",2
770,Разработчик Битрикс (удаленно),,Алматы,FintechSoft (ФинтехСофт),21-07-2023,"Опыт работы с CMS Битрикс (Bitrix Framework) и языком программирования PHP. Знание HTML, CSS, JavaScript для разработки пользовательского интерфейса и...","Разработка и настройка веб-сайтов на базе CMS Битрикс. Поддержка и обслуживание существующих веб-сайтов на Битрикс, включая исправление ошибок...",От 1 года до 3 лет,Полная занятость,https://hh.ru/vacancy/83471618,Programmer,"Разработчик Битрикс (удаленно). Опыт работы с CMS Битрикс (Bitrix Framework) и языком программирования PHP. Знание HTML, CSS, JavaScript для разработки пользовательского интерфейса и... Разработка и настройка веб-сайтов на базе CMS Битрикс. Поддержка и обслуживание существующих веб-сайтов на Битрикс, включая исправление ошибок...","css, html, javascript, php",4
771,Full-stack разработчик (PHP),300000 - 500000 KZT,Алматы,Асистент,13-07-2023,Профессиональные знания программирования: - PHP. - jQuery/Ajax. - JavaScript/JS/HTML/CSS. - MySQL/SQL. Разработка проектов без использования фреймворков. Построение оптимальных запросов...,"Разработка нового функционала платформы Asistent.kz. Проектирование решений для реализации функционала, составление плана работ и реалистичные оценки по предоставляемым задачам.",От 1 года до 3 лет,Полная занятость,https://hh.ru/vacancy/83381006,Programmer,"Full-stack разработчик (PHP). Профессиональные знания программирования: - PHP. - jQuery/Ajax. - JavaScript/JS/HTML/CSS. - MySQL/SQL. Разработка проектов без использования фреймворков. Построение оптимальных запросов... Разработка нового функционала платформы Asistent.kz. Проектирование решений для реализации функционала, составление плана работ и реалистичные оценки по предоставляемым задачам.","css, html, javascript, jquery, mysql, php, sql",7
772,Senior Python разработчик,1000000 - 1400000 KZT,Астана,Inter Solutions,29-06-2023,Опыт работы в Software Development: 5 года. Уверенное владение одним из языков программирования. Знание и опыт работы с Web Stack...,"Python разработка нового функционала. Поддержка существующего функционала. Работа с Tech Stack'ом: Python. PostgreSQL, MongoDB. Docker, GitLab CI/CD.",Более 6 лет,Полная занятость,https://hh.ru/vacancy/82714337,Programmer,"Senior Python разработчик. Опыт работы в Software Development: 5 года. Уверенное владение одним из языков программирования. Знание и опыт работы с Web Stack... Python разработка нового функционала. Поддержка существующего функционала. Работа с Tech Stack'ом: Python. PostgreSQL, MongoDB. Docker, GitLab CI/CD.","ci/cd, docker, gitlab, mongodb, postgresql, python",6
773,Fullstack developer,750 - 1800 USD,Алматы,RegexSEO,21-07-2023,"Основной стек: PHP, знание Wordpress, Html, CSS (Sass, Less), JavaScript (JQuery), Ajax. Придерживаемся принципов адекватности и чистоты кода в разработке.",Верстать сайты. Разрабатывать frontend составляющую сайтов. Разрабатывать backend составляющую сайтов. Разрабатывать шаблоны для wordpress. Кастомизировать плагины для wordpress.,От 1 года до 3 лет,Полная занятость,https://hh.ru/vacancy/82932306,Programmer,"Fullstack developer. Основной стек: PHP, знание Wordpress, Html, CSS (Sass, Less), JavaScript (JQuery), Ajax. Придерживаемся принципов адекватности и чистоты кода в разработке. Верстать сайты. Разрабатывать frontend составляющую сайтов. Разрабатывать backend составляющую сайтов. Разрабатывать шаблоны для wordpress. Кастомизировать плагины для wordpress.","css, html, javascript, jquery, php, sass",6
774,Программист 1С (Middle),300000 KZT,Алматы,СВБ Интеллект Технологии,23-07-2023,"Умение программировать на 1С (попросим предоставить собственные наработки). Обзорное знание типовых конфигураций (БП, УТ, УНФ, ЗУП) желательно.",Программирование на встроенном языке 1С: технические задания и требования будут предоставлены. Разработка тиражных решений на платформе 1С.,От 1 года до 3 лет,Полная занятость,https://hh.ru/vacancy/83285989,Programmer,"Программист 1С (Middle). Умение программировать на 1С (попросим предоставить собственные наработки). Обзорное знание типовых конфигураций (БП, УТ, УНФ, ЗУП) желательно. Программирование на встроенном языке 1С: технические задания и требования будут предоставлены. Разработка тиражных решений на платформе 1С.","1c, 1c unf, 1c zup",3
775,Ведущий программист 1С (Казахстан),,Астана,АйТи-Ойл,18-07-2023,"Высшее образование. Опыт разработки на языке 1С от 7 лет. Опыт работы с Веб-сервисами (REST, SOAP).","Программирование на платформе 1С для различных конфигураций. Развитие функционала собственных отраслевых решений. Конфигурации: ERP, КА, УТ, Розница.",Более 6 лет,Полная занятость,https://hh.ru/vacancy/83597307,Programmer,"Ведущий программист 1С (Казахстан). Высшее образование. Опыт разработки на языке 1С от 7 лет. Опыт работы с Веб-сервисами (REST, SOAP). Программирование на платформе 1С для различных конфигураций. Развитие функционала собственных отраслевых решений. Конфигурации: ERP, КА, УТ, Розница.","1c, erp, soap",3
776,Backend разработчик/Программист (strong junior / middle),350000 - 500000 KZT,Атырау,Oktrening,20-07-2023,,"3. Вам нужно будет попунктно выполнять задачи по разработки функционала, так же тестировать, выявлять баги и устранять их, достигая поставленных...",От 1 года до 3 лет,Полная занятость,https://hh.ru/vacancy/83760918,Programmer,"Backend разработчик/Программист (strong junior / middle).  3. Вам нужно будет попунктно выполнять задачи по разработки функционала, так же тестировать, выявлять баги и устранять их, достигая поставленных...",,0
777,Разработчик RPA,,Астана,BI-Development (ТМ BI GROUP),03-07-2023,"C#, .NET. Понимание принципов ООП. 1.5+года опыта разработки RPA процессов. Знание и опыт разработки RPA решений на MS...",Работа с базами данных MS SQL. Разработка дополнительного ПО для RPA (ML). Коммуникации с бизнес-аналитиками в части декомпозиции и...,От 3 до 6 лет,Полная занятость,https://hh.ru/vacancy/82923395,Programmer,"Разработчик RPA. C#, .NET. Понимание принципов ООП. 1.5+года опыта разработки RPA процессов. Знание и опыт разработки RPA решений на MS... Работа с базами данных MS SQL. Разработка дополнительного ПО для RPA (ML). Коммуникации с бизнес-аналитиками в части декомпозиции и...",".net, c#, mssql, sql",4
778,1С Программист,,Алматы,ASTER AUTO,18-07-2023,"Знание и опыт администрирования и конфигурирования продуктов 1С. Опыт работы с конфигурациями 1С: Бухгалтерия предприятия, Управление Торговый предприятием...",Реализация доработок программного обеспечения (программирование) 1С Платформа 8.. Помощь в устранении ошибок пользователей. Участие во внедрении проектов по автоматизации...,От 3 до 6 лет,Полная занятость,https://hh.ru/vacancy/83617121,Programmer,"1С Программист. Знание и опыт администрирования и конфигурирования продуктов 1С. Опыт работы с конфигурациями 1С: Бухгалтерия предприятия, Управление Торговый предприятием... Реализация доработок программного обеспечения (программирование) 1С Платформа 8.. Помощь в устранении ошибок пользователей. Участие во внедрении проектов по автоматизации...",1c,1
779,PHP developer Middle+,,Аксай (Казахстан),Новео,18-07-2023,Опыт коммерческой разработки проектов на PHP от 3х лет. Опыт работы с Yii2 и CraftCMS (суммарно от 1...,Поддержка и развитие проекта на CraftCMS. Интеграция с API сторонних PMCs (Property Management Companies) и PMS (Property Management System).,От 3 до 6 лет,Полная занятость,https://hh.ru/vacancy/83644201,Programmer,PHP developer Middle+. Опыт коммерческой разработки проектов на PHP от 3х лет. Опыт работы с Yii2 и CraftCMS (суммарно от 1... Поддержка и развитие проекта на CraftCMS. Интеграция с API сторонних PMCs (Property Management Companies) и PMS (Property Management System).,php,1
780,Learning and Development Specialist (Almaty/Astana),,Алматы,KPMG,05-07-2023,"Willingness to travel: The position requires frequent business trips, so you must be comfortable with and available for travel.","Development, implementation and control of the personnel adaptation program in 6 countries. Participation in the organization of internal training for...",От 3 до 6 лет,Полная занятость,https://hh.ru/vacancy/83037463,Programmer,"Learning and Development Specialist (Almaty/Astana). Willingness to travel: The position requires frequent business trips, so you must be comfortable with and available for travel. Development, implementation and control of the personnel adaptation program in 6 countries. Participation in the organization of internal training for...",,0
781,Angular Frontend разработчик,,Алматы,Lean Digital Marketing,10-07-2023,"Знание html, css, javascript, typescript. // Умение использовать bootstrap, git, npm. // Framework angular. // Уметь на практике применять механизм observable в angular...",Работа над проектам в сфере IT. Разработка функционально сайта и поддержка. Работа с e-commerce. Работа в паре с другими...,От 1 года до 3 лет,Полная занятость,https://hh.ru/vacancy/83190798,Programmer,"Angular Frontend разработчик. Знание html, css, javascript, typescript. // Умение использовать bootstrap, git, npm. // Framework angular. // Уметь на практике применять механизм observable в angular... Работа над проектам в сфере IT. Разработка функционально сайта и поддержка. Работа с e-commerce. Работа в паре с другими...","angular, bootstrap, css, git, html, javascript, typescript",7
782,Business Development Manager,400000 KZT,Алматы,АДмастерс,14-07-2023,"Опыт работы в сфере продаж или развития бизнеса от 5 лет. Уверенные навыки коммуникации и презентации, способность убеждать и влиять...",Активный поиск новых клиентов и партнеров для расширения клиентской базы компании. Ведение переговоров и презентаций продуктов и услуг компании.,От 3 до 6 лет,Полная занятость,https://hh.ru/vacancy/83428728,Programmer,"Business Development Manager. Опыт работы в сфере продаж или развития бизнеса от 5 лет. Уверенные навыки коммуникации и презентации, способность убеждать и влиять... Активный поиск новых клиентов и партнеров для расширения клиентской базы компании. Ведение переговоров и презентаций продуктов и услуг компании.",,0
783,"Инженер-программист (отдел автоматизации производства, Челябинская область)",,Житикара,Чебаркульская птица,11-07-2023,"Образование среднее специальное, высшее. Программирование верхнего или нижнего уровня.",Разработка и внедрение программных комплексов на производствах.,От 1 года до 3 лет,Полная занятость,https://hh.ru/vacancy/83280892,Programmer,"Инженер-программист (отдел автоматизации производства, Челябинская область). Образование среднее специальное, высшее. Программирование верхнего или нижнего уровня. Разработка и внедрение программных комплексов на производствах.",,0
784,Программист 1С,300000 - 800000 KZT,Астана,RuSoft company,29-06-2023,"Профессиональный опыт программирования на базе 1С:Предприятие 8. Знание основ бухгалтерского, управленческого и налогового учётов. Образование высшее экономическое либо...","Разработка и модификация типовых конфигураций на платформах 1С:Предприятие 8. Работа в проектной команде, участие во внедрениях.",От 3 до 6 лет,Полная занятость,https://hh.ru/vacancy/82723835,Programmer,"Программист 1С. Профессиональный опыт программирования на базе 1С:Предприятие 8. Знание основ бухгалтерского, управленческого и налогового учётов. Образование высшее экономическое либо... Разработка и модификация типовых конфигураций на платформах 1С:Предприятие 8. Работа в проектной команде, участие во внедрениях.",1c,1
785,Back-end разработчик (PHP),,Алматы,Freedom Technologies,13-07-2023,Опыт работы на позициях Backend-разработчик. Отличное знание PHP 7 и фреймворка Laravel 5. Знание и опыт применения паттернов проектирования.,"Обеспечение полного цикла разработки проектов компании (анализ, оценка, проектирование, разработка, тестирование, сдача в коммерческую эксплуатацию, поддержка): Оптимизировать работу сайта: увеличивать...",От 3 до 6 лет,Полная занятость,https://hh.ru/vacancy/83384281,Programmer,"Back-end разработчик (PHP). Опыт работы на позициях Backend-разработчик. Отличное знание PHP 7 и фреймворка Laravel 5. Знание и опыт применения паттернов проектирования. Обеспечение полного цикла разработки проектов компании (анализ, оценка, проектирование, разработка, тестирование, сдача в коммерческую эксплуатацию, поддержка): Оптимизировать работу сайта: увеличивать...","laravel, php",2
786,Старший разработчик C++,,Алматы,Ventra IT Solutions,29-06-2023,"Опыт разработки на C++ от 5 лет (STL, 2003 standard). Опыт разработки на Python. Опыт разработки GUI на Qt 3.","Развитие системы проектирования для микроэлектронных устройств в соответствии с запросами клиентов, с фокусом на управление внутренней базой данных системы и...",Более 6 лет,Полная занятость,https://hh.ru/vacancy/82801804,Programmer,"Старший разработчик C++. Опыт разработки на C++ от 5 лет (STL, 2003 standard). Опыт разработки на Python. Опыт разработки GUI на Qt 3. Развитие системы проектирования для микроэлектронных устройств в соответствии с запросами клиентов, с фокусом на управление внутренней базой данных системы и...","c++, python",2
787,Middle Backend developer (PHP / Symfony / Laravel),,Алматы,Резольвента,21-07-2023,"Разговорный английский клуб и занятия с преподавателем. Бэкэнд: Symfony, Laravel, PHP 7+. БД: MySQL. Тесты: PHPUnit, Codeception.","Docker как среда разработки. Используем ООП, его принципы и шаблоны проектирования. Следуем стандартам и лучшим практикам разработки. Никаких лендингов, стандартных...",От 1 года до 3 лет,Полная занятость,https://hh.ru/vacancy/82915232,Programmer,"Middle Backend developer (PHP / Symfony / Laravel). Разговорный английский клуб и занятия с преподавателем. Бэкэнд: Symfony, Laravel, PHP 7+. БД: MySQL. Тесты: PHPUnit, Codeception. Docker как среда разработки. Используем ООП, его принципы и шаблоны проектирования. Следуем стандартам и лучшим практикам разработки. Никаких лендингов, стандартных...","docker, laravel, mysql, php, symfony",5
788,Middle/Senior Android разработчик,,Алматы,Тинькофф,26-06-2023,Занимались коммерческой разработкой больше 4 лет. Умели работать с Android Studio и активно использовали Kotlin в повседневной разработке.,Разрабатывать и поддерживать новый функционал продукта. Вместе с командой развивать архитектуру проекта. Автоматизировать разработку и тестирование. Проводить Code Review.,От 3 до 6 лет,Полная занятость,https://hh.ru/vacancy/77683987,Programmer,Middle/Senior Android разработчик. Занимались коммерческой разработкой больше 4 лет. Умели работать с Android Studio и активно использовали Kotlin в повседневной разработке. Разрабатывать и поддерживать новый функционал продукта. Вместе с командой развивать архитектуру проекта. Автоматизировать разработку и тестирование. Проводить Code Review.,"android, kotlin",2
789,IOS-разработчик в буткемп Вертикалей,,Алматы,Яндекс,03-07-2023,Имеете опыт коммерческой разработки приложений для iOS не меньше двух лет. Программировали на Swift.,"Проектировать, поддерживать и развивать функции приложения. Писали на других языках и для других платформ.",От 3 до 6 лет,Полная занятость,https://hh.ru/vacancy/79929459,Programmer,"IOS-разработчик в буткемп Вертикалей. Имеете опыт коммерческой разработки приложений для iOS не меньше двух лет. Программировали на Swift. Проектировать, поддерживать и развивать функции приложения. Писали на других языках и для других платформ.","ios, swift",2
790,FullStack разработчик,,Алматы,ALLUR AUTO,20-07-2023,"Опыт разработки от 3х лет. Опыт работы c REST API, SQL. Опыт работы с Frontend Framework’ами (React, Vue).",Участие в разработке новых проектов и поддержке существующих ( на данный момент это Saas решение для автомобильного сектора). Обеспечивать качество продукта...,От 3 до 6 лет,Полная занятость,https://hh.ru/vacancy/82192539,Programmer,"FullStack разработчик. Опыт разработки от 3х лет. Опыт работы c REST API, SQL. Опыт работы с Frontend Framework’ами (React, Vue). Участие в разработке новых проектов и поддержке существующих ( на данный момент это Saas решение для автомобильного сектора). Обеспечивать качество продукта...","react, rest api, sql, vue.js",4
791,Fullstack developer,,Астана,Виктори-Технолоджи,01-07-2023,"Знание основ СУБД, практический опыт работы с БД, SQL. Знание принципов объектно-ориентированного программирования. Умение читать код. Разработка frontend.",Оперативная отработка запросов пользователей в команде с РП и бизнес-аналитиками. Желателен опыт сопровождения и развития гос. систем. Разработка frontend.,От 3 до 6 лет,Полная занятость,https://hh.ru/vacancy/82865397,Programmer,"Fullstack developer. Знание основ СУБД, практический опыт работы с БД, SQL. Знание принципов объектно-ориентированного программирования. Умение читать код. Разработка frontend. Оперативная отработка запросов пользователей в команде с РП и бизнес-аналитиками. Желателен опыт сопровождения и развития гос. систем. Разработка frontend.",sql,1
792,Full stack разработчик,,Алматы,Sebekon,26-06-2023,Опыт работы с PHP фреймворками от 3 лет. Опыт работы с JavaScript и реактивными фреймворками (VueJS или ReactJS).,"Разработка веб-приложений с микро сервисной и сервис-ориентированной архитектурой. Разработка RESTful Web Service, использование протоколов авторизации OAuth 2.0...",От 3 до 6 лет,Полная занятость,https://hh.ru/vacancy/82380656,Programmer,"Full stack разработчик. Опыт работы с PHP фреймворками от 3 лет. Опыт работы с JavaScript и реактивными фреймворками (VueJS или ReactJS). Разработка веб-приложений с микро сервисной и сервис-ориентированной архитектурой. Разработка RESTful Web Service, использование протоколов авторизации OAuth 2.0...","javascript, php, react, rest api, vue.js",5
793,Full-stack developer,,Алматы,TECHDRIVE,24-07-2023,"Опыт работы от 1 года с реляционными базами данных (MS SQL/PostgreSQL/PL-SQL). - Знание вэб-фреймворков angular, react. -","Настройка и администрирование платформы с использованием внутренних инструментов веб-приложения. - Написание SQL-запросов разного уровня сложности. - Разработка отчётов, дашбордов, настройка...",От 3 до 6 лет,Полная занятость,https://hh.ru/vacancy/83312645,Programmer,"Full-stack developer. Опыт работы от 1 года с реляционными базами данных (MS SQL/PostgreSQL/PL-SQL). - Знание вэб-фреймворков angular, react. - Настройка и администрирование платформы с использованием внутренних инструментов веб-приложения. - Написание SQL-запросов разного уровня сложности. - Разработка отчётов, дашбордов, настройка...","angular, mssql, postgresql, react, sql",5
794,Backend PHP - разработчик,,Алматы,ALLUR AUTO,13-07-2023,"Уверенные знания PHP 7 и выше, знание нескольких PHP-фреймворков (Laravel 8-9, Symfony, Yii2). Понимание принципов ООП и...","Разработка и поддержка back части нашего продукта. Создание чистого, эффективного, тестируемого и многократно используемого кода. Участие в код-ревью, создание...",От 3 до 6 лет,Полная занятость,https://hh.ru/vacancy/81916878,Programmer,"Backend PHP - разработчик. Уверенные знания PHP 7 и выше, знание нескольких PHP-фреймворков (Laravel 8-9, Symfony, Yii2). Понимание принципов ООП и... Разработка и поддержка back части нашего продукта. Создание чистого, эффективного, тестируемого и многократно используемого кода. Участие в код-ревью, создание...","laravel, php, symfony",3
795,Программист 1С,,Шымкент,Касым фарм групп,01-07-2023,Высшее образование в сфере информационных технологий. - Владение навыками программирования бах данных 1С. - Опыт работы не менее 3-6 лет...,"1С - Разработка, сопровождение. Администрирование баз данных 1С.",Более 6 лет,Полная занятость,https://hh.ru/vacancy/82868367,Programmer,"Программист 1С. Высшее образование в сфере информационных технологий. - Владение навыками программирования бах данных 1С. - Опыт работы не менее 3-6 лет... 1С - Разработка, сопровождение. Администрирование баз данных 1С.",1c,1
796,PHP Developer (Yii2),1000 - 2000 USD,Астана,Mediabet,14-07-2023,"Опыт работы с PHP, JavaScript. - Знание веб-верстки. - Уверенные знания PHP 7+, знание фреймворка Yii2. - Внимание к деталям...","Проектирование и разработка новых сервисов. - Поддержка существующих сайтов и сервсиво, рефакторинг и оптимизация существующего кода. - Проектирование решений для реализации задуманного...",От 3 до 6 лет,Полная занятость,https://hh.ru/vacancy/83452444,Programmer,"PHP Developer (Yii2). Опыт работы с PHP, JavaScript. - Знание веб-верстки. - Уверенные знания PHP 7+, знание фреймворка Yii2. - Внимание к деталям... Проектирование и разработка новых сервисов. - Поддержка существующих сайтов и сервсиво, рефакторинг и оптимизация существующего кода. - Проектирование решений для реализации задуманного...","javascript, php",2
797,Java-разработчик,,Алматы,Тинькофф,23-07-2023,"Опыт разработки на Java от 3-ех лет. Опыт разработки на Spring Framework, Spring Boot. Знание SQL и одной из...","Тинькофф Инвестиции. Мы — лидер среди брокеров по количеству активных клиентов. Делаем инвестиции удобными, технологичными и понятными. Тинькофф Бизнес.",От 3 до 6 лет,Полная занятость,https://hh.ru/vacancy/82231397,Programmer,"Java-разработчик. Опыт разработки на Java от 3-ех лет. Опыт разработки на Spring Framework, Spring Boot. Знание SQL и одной из... Тинькофф Инвестиции. Мы — лидер среди брокеров по количеству активных клиентов. Делаем инвестиции удобными, технологичными и понятными. Тинькофф Бизнес.","java, spring, sql",3
798,Разработчик (PHP),,Караганда,Центр электронных финансов,23-07-2023,Высшее профессиональное в сфере информационных технологий или среднее специальное. Опыт работы: не менее 1 (одного) года по соответствующему направлению.,Сопровождение существующих модулей приложения. Оптимизация приложения. Участие в проектировании СУБД.,От 1 года до 3 лет,Полная занятость,https://hh.ru/vacancy/80623971,Programmer,Разработчик (PHP). Высшее профессиональное в сфере информационных технологий или среднее специальное. Опыт работы: не менее 1 (одного) года по соответствующему направлению. Сопровождение существующих модулей приложения. Оптимизация приложения. Участие в проектировании СУБД.,php,1
799,Программист 1С,400000 - 600000 KZT,Атырау,(КАБАШЕВА ГУЛЬНАРА МАКСУТОВНА) Смарт системы,09-07-2023,"Высшее образование, наличие сертификатов 1С приветствуется. Опыт работы с платформой 1С 8 не менее 1-го года (программирование).","Программирование на платформе 1С:Предприятие 8. В зависимости от квалификации и специализации выполнение работ по обновлению доработанных конфигураций, создание...",Более 6 лет,Полная занятость,https://hh.ru/vacancy/83185628,Programmer,"Программист 1С. Высшее образование, наличие сертификатов 1С приветствуется. Опыт работы с платформой 1С 8 не менее 1-го года (программирование). Программирование на платформе 1С:Предприятие 8. В зависимости от квалификации и специализации выполнение работ по обновлению доработанных конфигураций, создание...",1c,1
800,IOS разработчик,,Алматы,ALLUR AUTO,13-07-2023,"Опыт работы с Flutter, Dart, JavaScript, CSS и HTML. Знание нескольких фреймворков JavaScript (React, Vue, Angular, Nuxt). Опыт работы с...",Разработка и поддержка пользовательского интерфейса нашего продукта. Работа в тесном сотрудничестве с командой бэкенд-разработчиков и дизайнеров. Поддержка и обновление...,От 3 до 6 лет,Полная занятость,https://hh.ru/vacancy/81930466,Programmer,"IOS разработчик. Опыт работы с Flutter, Dart, JavaScript, CSS и HTML. Знание нескольких фреймворков JavaScript (React, Vue, Angular, Nuxt). Опыт работы с... Разработка и поддержка пользовательского интерфейса нашего продукта. Работа в тесном сотрудничестве с командой бэкенд-разработчиков и дизайнеров. Поддержка и обновление...","angular, css, dart, flutter, html, ios, javascript, react, vue.js",9
801,Программист С++ (Автоматическая генерация миссий),,Алматы,Eagle Dynamics,13-07-2023,Знание С++ 14 и стандартных библиотек. Знание алгоритмов и аналитической геометрии. Высшее техническое образование. Опыт работы с компилятором МС студии.,Разрабатывать генератор миссий - инструмент позволяющий автоматически создавать миссии (сценарии) для игры по определенному запросу игрока с его установками.,От 3 до 6 лет,Полная занятость,https://hh.ru/vacancy/80613749,Programmer,Программист С++ (Автоматическая генерация миссий). Знание С++ 14 и стандартных библиотек. Знание алгоритмов и аналитической геометрии. Высшее техническое образование. Опыт работы с компилятором МС студии. Разрабатывать генератор миссий - инструмент позволяющий автоматически создавать миссии (сценарии) для игры по определенному запросу игрока с его установками.,,0
802,Senior Java Developer,,Алматы,АНТАЛ БИЗНЕС РЕШЕНИЯ (ТМ Antal Kazakhstan),05-07-2023,"Ищем сильного Java разработчика с опытом именно в микросервисах. Желание развиваться в выбранном направлении. Уверенное знание Java Core, Spring Framework.","Инфраструктура: GitLab, GitLab CI, Gradle, Docker, Kubernetes, Kibana, Prometheus, Jaeger, Grafana, Sentry. Развивать сервисы и создавать новые по мере необходимости.",Нет опыта,Полная занятость,https://hh.ru/vacancy/83031230,Programmer,"Senior Java Developer. Ищем сильного Java разработчика с опытом именно в микросервисах. Желание развиваться в выбранном направлении. Уверенное знание Java Core, Spring Framework. Инфраструктура: GitLab, GitLab CI, Gradle, Docker, Kubernetes, Kibana, Prometheus, Jaeger, Grafana, Sentry. Развивать сервисы и создавать новые по мере необходимости.","docker, gitlab, java, kubernetes, spring",5
803,C# разработчик,,Астана,Nazarbayev University,23-07-2023,"Знание Microsoft .NET Framework, .NET Core\. Опыт практической разработки на языке C#. Опыт разработки веб-приложений с использованием технологий ASP.NET...","Обеспечение работоспособности и своевременное тестирование, и внедрение новой функциональности в информационные системы. Поддержка существующих, разработка или доработка новых приложений.",От 3 до 6 лет,Полная занятость,https://hh.ru/vacancy/82348095,Programmer,"C# разработчик. Знание Microsoft .NET Framework, .NET Core\. Опыт практической разработки на языке C#. Опыт разработки веб-приложений с использованием технологий ASP.NET... Обеспечение работоспособности и своевременное тестирование, и внедрение новой функциональности в информационные системы. Поддержка существующих, разработка или доработка новых приложений.",".net, c#",2
804,Frontend-разработчик (преподаватель онлайн/офлайн курсов frontend),,Алматы,Утеулиев Дарын Ержанұлы,10-07-2023,"знание HTML, CSS, JS, React. - грамотная и поставленная речь. - адаптивность. - коммуникативность. - ответственность. - знание русского обязательно.","проведение офлайн курсов. - проверка заданий, обратная связь для учеников.",От 1 года до 3 лет,Частичная занятость,https://hh.ru/vacancy/83207030,Programmer,"Frontend-разработчик (преподаватель онлайн/офлайн курсов frontend). знание HTML, CSS, JS, React. - грамотная и поставленная речь. - адаптивность. - коммуникативность. - ответственность. - знание русского обязательно. проведение офлайн курсов. - проверка заданий, обратная связь для учеников.","css, html, javascript, react",4
805,1С программист,,Астана,ALLUR AUTO,26-06-2023,Высшее образование. Опыт работы на аналогичной должности не менее 2-х лет.,Доработка конфигураций 1с 8.3 обычные и управляемые формы. Поддержка и консультация пользователей. Доработка подсистем и модулей существующих конфигураций...,От 1 года до 3 лет,Полная занятость,https://hh.ru/vacancy/79963737,Programmer,1С программист. Высшее образование. Опыт работы на аналогичной должности не менее 2-х лет. Доработка конфигураций 1с 8.3 обычные и управляемые формы. Поддержка и консультация пользователей. Доработка подсистем и модулей существующих конфигураций...,1c,1
806,Frontend-разработчик,400000 KZT,Алматы,PAYDA Accounting Development (ПАЙДА Аккаунтинг Девелопмент),23-07-2023,"Знание верстки (HTML5, CSS3). Знание препроцессоров SASS/SCSS. Знание сборщиков Gulp, Webpack. Уверенное знание JavaScript, Typescript.",Разработка клиенткой части приложений. Разработка SPA. Построение архитектуры приложений. Тесное взаимодействие с backend-разработчиками и дизайнерами. Распределение задач по необходимости.,От 3 до 6 лет,Полная занятость,https://hh.ru/vacancy/82770265,Programmer,"Frontend-разработчик. Знание верстки (HTML5, CSS3). Знание препроцессоров SASS/SCSS. Знание сборщиков Gulp, Webpack. Уверенное знание JavaScript, Typescript. Разработка клиенткой части приложений. Разработка SPA. Построение архитектуры приложений. Тесное взаимодействие с backend-разработчиками и дизайнерами. Распределение задач по необходимости.","css, html, javascript, sass, typescript",5
807,Kotlin Backend Developer (Middle),,Астана,BESTTOOLBARS,03-07-2023,Уровень разговорного английского языка от B2. От 3х лет и более коммерческого опыта в бекенде. Хорошее знание Kotlin...,"Besttoolbars - это компания-разработчик cashback-платформ, решений E-commerce и технологий международного сервиса онлайн-расширений для браузеров, купонов, сравнения цен...",От 3 до 6 лет,Полная занятость,https://hh.ru/vacancy/82915945,Programmer,"Kotlin Backend Developer (Middle). Уровень разговорного английского языка от B2. От 3х лет и более коммерческого опыта в бекенде. Хорошее знание Kotlin... Besttoolbars - это компания-разработчик cashback-платформ, решений E-commerce и технологий международного сервиса онлайн-расширений для браузеров, купонов, сравнения цен...",kotlin,1
808,Программист 1С (SENIOR/MIDDLE),400000 - 600000 KZT,Астана,Антис-Мед,11-07-2023,"Обучение пользователей. Выполнение такого спектра обязанностей ,требует большого объема знаний и навыков, поэтому Нам важно наличие Высшего образования в области...",Разработка модификаций и конфигураций 1С. -Поддержка и обновление существующих систем. -Работа с базами данных. -Анализ требований бизнеса и преобразование...,От 3 до 6 лет,Частичная занятость,https://hh.ru/vacancy/83254237,Programmer,"Программист 1С (SENIOR/MIDDLE). Обучение пользователей. Выполнение такого спектра обязанностей ,требует большого объема знаний и навыков, поэтому Нам важно наличие Высшего образования в области... Разработка модификаций и конфигураций 1С. -Поддержка и обновление существующих систем. -Работа с базами данных. -Анализ требований бизнеса и преобразование...",1c,1
809,Ведущий программист 1С,,Астана,FESCO (ПАО Дальневосточное морское пароходство),04-07-2023,Опыт разработки на 1С от 3 лет. Опыт написания и оптимизации сложных запросов. Приветствуется опыт разработки интеграционных решений с...,"Сопровождение информационной системы по заявкам в техническую поддержку. Реализация инструментов для сопровождения, технического обслуживания и оптимизации системы. Анализ исходного кода...",От 3 до 6 лет,Полная занятость,https://hh.ru/vacancy/81514034,Programmer,"Ведущий программист 1С. Опыт разработки на 1С от 3 лет. Опыт написания и оптимизации сложных запросов. Приветствуется опыт разработки интеграционных решений с... Сопровождение информационной системы по заявкам в техническую поддержку. Реализация инструментов для сопровождения, технического обслуживания и оптимизации системы. Анализ исходного кода...",1c,1
810,Backend разработчик Node.js,,Астана,Pixorbi,23-07-2023,"Опыт работы с Node.js. Опыт в разработке парсеров. Опыт взаимодействия с прокси. Глубокое понимание HTTP протокола, опыт работы с WebSocket.",,От 1 года до 3 лет,Полная занятость,https://hh.ru/vacancy/82882662,Programmer,"Backend разработчик Node.js. Опыт работы с Node.js. Опыт в разработке парсеров. Опыт взаимодействия с прокси. Глубокое понимание HTTP протокола, опыт работы с WebSocket.","javascript, node.js",2
811,Middle/Senior IOS разработчик,,Астана,Тинькофф,26-06-2023,Занимались iOS-разработкой больше 3 лет. Знаете Swift и Xсode. Создавали кастомные UI-компоненты. Знаете ООП и структуры данных.,Разрабатывать и поддерживать функционал продукта. Вместе с командой развивать архитектуру проекта. Автоматизировать разработку и тестирование. Проводить Code Review.,От 3 до 6 лет,Полная занятость,https://hh.ru/vacancy/77684028,Programmer,Middle/Senior IOS разработчик. Занимались iOS-разработкой больше 3 лет. Знаете Swift и Xсode. Создавали кастомные UI-компоненты. Знаете ООП и структуры данных. Разрабатывать и поддерживать функционал продукта. Вместе с командой развивать архитектуру проекта. Автоматизировать разработку и тестирование. Проводить Code Review.,"ios, swift",2
812,Java Developer / Back-end (middle - senior),3000 USD,Астана,Ecom Market,23-07-2023,3+ years of Java development experience. Knowledge of the intricacies of the Spring Framework. Understanding the principles of developing...,"The demand for Ecommerce sales analytics tools is growing; there are more and more users, and we work every day...",От 3 до 6 лет,Полная занятость,https://hh.ru/vacancy/82816853,Programmer,"Java Developer / Back-end (middle - senior). 3+ years of Java development experience. Knowledge of the intricacies of the Spring Framework. Understanding the principles of developing... The demand for Ecommerce sales analytics tools is growing; there are more and more users, and we work every day...","java, spring",2
813,"Инженер-программист (отдел автоматизации производства, Челябинская область)",,Рудный,Чебаркульская птица,11-07-2023,"Образование среднее специальное, высшее. Программирование верхнего или нижнего уровня.",Разработка и внедрение программных комплексов на производствах.,От 1 года до 3 лет,Полная занятость,https://hh.ru/vacancy/83280894,Programmer,"Инженер-программист (отдел автоматизации производства, Челябинская область). Образование среднее специальное, высшее. Программирование верхнего или нижнего уровня. Разработка и внедрение программных комплексов на производствах.",,0
814,BDM/Business Development Manager по направлению Инфраструктура ЦОД,500000 KZT,Алматы,ST Integrator Company,17-07-2023,Высшее образование (экономическое/техническое). Опыт работы в В2В продажах от 3-х лет. Технические знания в области видеонаблюдения...,"Разработка и реализация стратегий по увеличению продаж по направлениям ИБП, охлаждение ЦОД, систем мониторинга ЦОД, серверные шкафы, фальшполы.",От 3 до 6 лет,Полная занятость,https://hh.ru/vacancy/83550034,Programmer,"BDM/Business Development Manager по направлению Инфраструктура ЦОД. Высшее образование (экономическое/техническое). Опыт работы в В2В продажах от 3-х лет. Технические знания в области видеонаблюдения... Разработка и реализация стратегий по увеличению продаж по направлениям ИБП, охлаждение ЦОД, систем мониторинга ЦОД, серверные шкафы, фальшполы.",,0
815,Senior IOS разработчик,,Алматы,Мобайл Телеком-Сервис (Объединенная Компания Tele2/ALTEL),10-07-2023,"Отлично знаешь iOS SDK и архитектуру iOS. Отлично владеешь Swift. Знаешь и применял в работе MVVM, MVP, MVI.",Разрабатывать новые компоненты/модули в имеющемся приложении. Поддерживать уже существующие компоненты/модули. Проектировать (вместе с командой и тех.,От 3 до 6 лет,Полная занятость,https://hh.ru/vacancy/83188093,Programmer,"Senior IOS разработчик. Отлично знаешь iOS SDK и архитектуру iOS. Отлично владеешь Swift. Знаешь и применял в работе MVVM, MVP, MVI. Разрабатывать новые компоненты/модули в имеющемся приложении. Поддерживать уже существующие компоненты/модули. Проектировать (вместе с командой и тех.","ios, swift",2
816,Инженер-программист встраиваемых систем,,Астана,DOCUMENTOLOG CREATIVE STUDIO,12-07-2023,Высшее техническое образование. Знание языков программирования С/С++. Знание шаблонов проектирования. Опыт разработки и отладки микропрограммного обеспечения для микроконтроллеров общего...,Разработка отказоустойчивого ПО встраиваемых систем реального времени. Разработка и отладка драйверов устройств для процессоров ARM. Разработка модулей ПО (взаимодействие с...,От 3 до 6 лет,Полная занятость,https://hh.ru/vacancy/83312694,Programmer,Инженер-программист встраиваемых систем. Высшее техническое образование. Знание языков программирования С/С++. Знание шаблонов проектирования. Опыт разработки и отладки микропрограммного обеспечения для микроконтроллеров общего... Разработка отказоустойчивого ПО встраиваемых систем реального времени. Разработка и отладка драйверов устройств для процессоров ARM. Разработка модулей ПО (взаимодействие с...,,0
817,Веб-разработчик Bitrix / Web-developer PHP,500000 KZT,Алматы,Инкам Медиа,28-06-2023,Опыт работы с Bitrix не менее 1 года в сфере e-commerce и глубокое понимание его архитектуры. Основательное знание PHP...,"Разработка и поддержка проектов на 1C-Битрикс, включая типовые и нетиповые решения. Создание модулей и компонентов для 1С...",От 1 года до 3 лет,Полная занятость,https://hh.ru/vacancy/82637991,Programmer,"Веб-разработчик Bitrix / Web-developer PHP. Опыт работы с Bitrix не менее 1 года в сфере e-commerce и глубокое понимание его архитектуры. Основательное знание PHP... Разработка и поддержка проектов на 1C-Битрикс, включая типовые и нетиповые решения. Создание модулей и компонентов для 1С...","1c, php",2
818,Программист 1С ЗУП,,Алматы,МИКРОФИНАНСОВАЯ ОРГАНИЗАЦИЯ SOFI FINANCE (СОФИ ФИНАНС),04-07-2023,"Высшее образование в сфере ИТ. Опыт работы не менее 3 лет. Знание платформы 1С 8.2, 1С 8...",Сопровождение 1С ЗУП 8.2 и 8.3. Доработка конфигураций в 1С ЗУП 8.2 и 8.3.,От 3 до 6 лет,Полная занятость,https://hh.ru/vacancy/82973480,Programmer,"Программист 1С ЗУП. Высшее образование в сфере ИТ. Опыт работы не менее 3 лет. Знание платформы 1С 8.2, 1С 8... Сопровождение 1С ЗУП 8.2 и 8.3. Доработка конфигураций в 1С ЗУП 8.2 и 8.3.","1c, 1c zup",2
819,Middle/Senior Android разработчик,,Астана,Тинькофф,26-06-2023,Занимались коммерческой разработкой больше 4 лет. Умели работать с Android Studio и активно использовали Kotlin в повседневной разработке.,Разрабатывать и поддерживать новый функционал продукта. Вместе с командой развивать архитектуру проекта. Автоматизировать разработку и тестирование. Проводить Code Review.,От 3 до 6 лет,Полная занятость,https://hh.ru/vacancy/77683993,Programmer,Middle/Senior Android разработчик. Занимались коммерческой разработкой больше 4 лет. Умели работать с Android Studio и активно использовали Kotlin в повседневной разработке. Разрабатывать и поддерживать новый функционал продукта. Вместе с командой развивать архитектуру проекта. Автоматизировать разработку и тестирование. Проводить Code Review.,"android, kotlin",2
820,Разработчик Camunda,,Алматы,QazCloud,21-07-2023,Необходимые навыки и скиллы: Хорошее знание и опыт работы с Camunda BPM. Опыт работы с микросервисами обязателен. Опыт разработки технологических...,"Разработка, отладка, поддержка микросервисного приложения, развернутого в OpenShift. Реализация взаимодействия с проектной интеграционной шиной на базе Kafka. Реализация бизнес процессов...",От 3 до 6 лет,Полная занятость,https://hh.ru/vacancy/83791712,Programmer,"Разработчик Camunda. Необходимые навыки и скиллы: Хорошее знание и опыт работы с Camunda BPM. Опыт работы с микросервисами обязателен. Опыт разработки технологических... Разработка, отладка, поддержка микросервисного приложения, развернутого в OpenShift. Реализация взаимодействия с проектной интеграционной шиной на базе Kafka. Реализация бизнес процессов...",kafka,1
821,Web Fullstack Developer (PHP/TS),,Алматы,Wisebits,19-07-2023,Опыт более пяти лет профессиональной разработки больших проектов. Уверенное знание PHP. ﻿Знание TypeScript и чистого JS (ES6+). ﻿,Стриминговые порталы с суммарной аудиторией более миллиарда визитов в месяц. Партнерские программы и рекламные сети с миллиардами показов в месяц.,Более 6 лет,Полная занятость,https://hh.ru/vacancy/83674738,Programmer,Web Fullstack Developer (PHP/TS). Опыт более пяти лет профессиональной разработки больших проектов. Уверенное знание PHP. ﻿Знание TypeScript и чистого JS (ES6+). ﻿ Стриминговые порталы с суммарной аудиторией более миллиарда визитов в месяц. Партнерские программы и рекламные сети с миллиардами показов в месяц.,"javascript, php, typescript",3
822,Angular или ionic разработчик,,Алматы,Prime Source,04-07-2023,Требуемый опыт работы: 3–6 лет. Angular и/или ionic.,"Разработка и поддержка приложений Заказчика, написанных на ionic3.",От 3 до 6 лет,Полная занятость,https://hh.ru/vacancy/82958971,Programmer,"Angular или ionic разработчик. Требуемый опыт работы: 3–6 лет. Angular и/или ionic. Разработка и поддержка приложений Заказчика, написанных на ionic3.",angular,1
823,WordPress Fullstack Developer,450000 - 450000 KZT,Алматы,Citadel.one”,21-07-2023,"Навыки, которыми должен обладать кандидат: — Знание PHP (Wordpress CMS), уверенное владение принципами front-end и back-end разработки на этой...",Верстать адаптивные сайты разной сложности по утвержденным дизайн-макетам. — Работать над действующими и новыми проектами совместно с Project Manager-ом. —,От 1 года до 3 лет,Полная занятость,https://hh.ru/vacancy/82552936,Programmer,"WordPress Fullstack Developer. Навыки, которыми должен обладать кандидат: — Знание PHP (Wordpress CMS), уверенное владение принципами front-end и back-end разработки на этой... Верстать адаптивные сайты разной сложности по утвержденным дизайн-макетам. — Работать над действующими и новыми проектами совместно с Project Manager-ом. —",php,1
824,Разработчик Bitrix,,Астана,PAKO SG GROUP,17-07-2023,Опыт работы от 2-3 лет обязателен. Знание 1с Bitrix на высоком уровне будет выдано тестовое задание для проверки...,"Разработка, поддержка и развитие интернет проекта на платформе Bitrix 24, решение оперативных задач, внесение правок в типовые / не типовые модули.",От 1 года до 3 лет,Частичная занятость,https://hh.ru/vacancy/83527071,Programmer,"Разработчик Bitrix. Опыт работы от 2-3 лет обязателен. Знание 1с Bitrix на высоком уровне будет выдано тестовое задание для проверки... Разработка, поддержка и развитие интернет проекта на платформе Bitrix 24, решение оперативных задач, внесение правок в типовые / не типовые модули.",1c,1
825,Node.js + React.js Developer (Middle/Senior),2000 - 4000 USD,Астана,OGD Solutions,23-07-2023,At least 3 years of experience as a software developer. Proven work experience as Node.JS/React.JS Developer. Experience with JavaScript...,Legal agreements to ensure your security.,От 3 до 6 лет,Полная занятость,https://hh.ru/vacancy/82737079,Programmer,Node.js + React.js Developer (Middle/Senior). At least 3 years of experience as a software developer. Proven work experience as Node.JS/React.JS Developer. Experience with JavaScript... Legal agreements to ensure your security.,"javascript, node.js, react",3
826,"Программист ЗУП, С1",,Алматы,Aitas KZ,17-07-2023,"Опыт более 2х лет программирования на 1С. Знания конфигураций 1С БК 3.0, 1С ЗУП 3...","Разработка новых модулей и подсистем. Участие во всех процессах разработки (доработка, тестирование, поддержка) и внесения изменений в 1С ЗУП...",От 1 года до 3 лет,Полная занятость,https://hh.ru/vacancy/83528603,Programmer,"Программист ЗУП, С1. Опыт более 2х лет программирования на 1С. Знания конфигураций 1С БК 3.0, 1С ЗУП 3... Разработка новых модулей и подсистем. Участие во всех процессах разработки (доработка, тестирование, поддержка) и внесения изменений в 1С ЗУП...","1c, 1c zup",2
827,Старший программист 1С,,Астана,FESCO (ПАО Дальневосточное морское пароходство),04-07-2023,Знание инструментов разработки и объектов платформы 1С 8.3. Отличные навыки программирования управляемого интерфейса 1С (тонкий клиент и...,Программирование задач на 1С. Часто - по постановке от архитектора. Но не всегда. Мы ценим индивидуальный подход и часто доверяем...,От 3 до 6 лет,Полная занятость,https://hh.ru/vacancy/81518236,Programmer,Старший программист 1С. Знание инструментов разработки и объектов платформы 1С 8.3. Отличные навыки программирования управляемого интерфейса 1С (тонкий клиент и... Программирование задач на 1С. Часто - по постановке от архитектора. Но не всегда. Мы ценим индивидуальный подход и часто доверяем...,1c,1
828,.NET Разработчик,,Алматы,Тинькофф,13-07-2023,"Опыт коммерческой разработки Web-приложений на платформе .NET от 3 лет. Хорошее знание основ платформы .NET (Memory Management, async/await).","Принимать участие в разработке сервисов, помогающих экосистеме Tinkoff развиваться: платформа для удаленной работы сотрудников (TWork), Телефония, Биометрия, Тинькофф Бизнес, Travel...",От 3 до 6 лет,Полная занятость,https://hh.ru/vacancy/81863817,Programmer,".NET Разработчик. Опыт коммерческой разработки Web-приложений на платформе .NET от 3 лет. Хорошее знание основ платформы .NET (Memory Management, async/await). Принимать участие в разработке сервисов, помогающих экосистеме Tinkoff развиваться: платформа для удаленной работы сотрудников (TWork), Телефония, Биометрия, Тинькофф Бизнес, Travel...",.net,1
829,Strong Junior PHP Developer,,Алматы,FoRise Group,21-07-2023,"Опыт работы от 1 года на позиции Junior PHP Developer. - Знание PHP, MySQL, HTML, CSS, JavaScript. - Опыт работы с фреймворками...",Разработка и поддержка веб-приложений на PHP. - Работа с базами данных MySQL. - Создание и поддержка API. - Участие в разработке архитектуры...,От 1 года до 3 лет,Полная занятость,https://hh.ru/vacancy/82548099,Programmer,"Strong Junior PHP Developer. Опыт работы от 1 года на позиции Junior PHP Developer. - Знание PHP, MySQL, HTML, CSS, JavaScript. - Опыт работы с фреймворками... Разработка и поддержка веб-приложений на PHP. - Работа с базами данных MySQL. - Создание и поддержка API. - Участие в разработке архитектуры...","css, html, javascript, mysql, php",5
830,Программист 1С,,Костанай,ТОО «Забота Company LTD,19-07-2023,Опыт работы программистом 1С от 3 лет. Желательно: Знание типовых конфигураций на базе 1С 8.3.,Поддержка и обеспечение бесперебойной работы базы данных. Разработка программных решений на платформе 1С 8.3 на основании технических заданий...,От 3 до 6 лет,Полная занятость,https://hh.ru/vacancy/83697294,Programmer,Программист 1С. Опыт работы программистом 1С от 3 лет. Желательно: Знание типовых конфигураций на базе 1С 8.3. Поддержка и обеспечение бесперебойной работы базы данных. Разработка программных решений на платформе 1С 8.3 на основании технических заданий...,1c,1
831,TeamLead Developer,,Алматы,Prime Source,19-07-2023,"Опыт работы в разработке хранилищ не менее 3 лет. Опыт управления командами разработки и внедрения хранилищ, code review, выстраивание конвеера...","Разработка сервисов обработки потоковых данных. Интеграция с облачными сервисами AWS, Azure, GCP. Разработка и оптимизация бизнес процессов. Управление командой разработчиков.",От 3 до 6 лет,Полная занятость,https://hh.ru/vacancy/83662734,Programmer,"TeamLead Developer. Опыт работы в разработке хранилищ не менее 3 лет. Опыт управления командами разработки и внедрения хранилищ, code review, выстраивание конвеера... Разработка сервисов обработки потоковых данных. Интеграция с облачными сервисами AWS, Azure, GCP. Разработка и оптимизация бизнес процессов. Управление командой разработчиков.","aws, azure, gcp",3
832,1С разработчик,,Алматы,Мобайл Телеком-Сервис (Объединенная Компания Tele2/ALTEL),10-07-2023,"Опыт работы не менее 3-х лет в сфере разработок на платформе 1С 8.2, 8.3.","Разработка и тестирование нового функционала на платформе 1С Предприятие 8.2, 8.3. Оптимизация и доработка существующего функционала на...",От 3 до 6 лет,Полная занятость,https://hh.ru/vacancy/81875936,Programmer,"1С разработчик. Опыт работы не менее 3-х лет в сфере разработок на платформе 1С 8.2, 8.3. Разработка и тестирование нового функционала на платформе 1С Предприятие 8.2, 8.3. Оптимизация и доработка существующего функционала на...",1c,1
833,Программист 1С,,Астана,HR Solutions (ТМ Белый Ветер KZ),14-07-2023,Опыт программирования в 1С 8.х УФ не менее 2-х лет. - Владение языком запросов SQL Server. -,"Программное сопровождение конфигураций 1С Предприятия. - Модификация и обновление существующих документов, отчетов, обработок бухгалтерского, оперативного и управленческого учета. -",От 1 года до 3 лет,Полная занятость,https://hh.ru/vacancy/83417176,Programmer,"Программист 1С. Опыт программирования в 1С 8.х УФ не менее 2-х лет. - Владение языком запросов SQL Server. - Программное сопровождение конфигураций 1С Предприятия. - Модификация и обновление существующих документов, отчетов, обработок бухгалтерского, оперативного и управленческого учета. -","1c, mssql, sql",3
834,Программист 1С,,Алматы,HR Solutions (ТМ Белый Ветер KZ),14-07-2023,Опыт программирования в 1С 8.х УФ не менее 2-х лет. - Владение языком запросов SQL Server. -,"Программное сопровождение конфигураций 1С Предприятия. - Модификация и обновление существующих документов, отчетов, обработок бухгалтерского, оперативного и управленческого учета. -",От 1 года до 3 лет,Полная занятость,https://hh.ru/vacancy/83417165,Programmer,"Программист 1С. Опыт программирования в 1С 8.х УФ не менее 2-х лет. - Владение языком запросов SQL Server. - Программное сопровождение конфигураций 1С Предприятия. - Модификация и обновление существующих документов, отчетов, обработок бухгалтерского, оперативного и управленческого учета. -","1c, mssql, sql",3
835,Flutter разработчик,500000 KZT,Алматы,PAYDA Accounting Development (ПАЙДА Аккаунтинг Девелопмент),23-07-2023,"Ищем мобильного разработчика с опытом, на создание, бухгалтерского приложения. Нужен хороший специалист который не боится технически сложных задач, готов развиваться...",,От 3 до 6 лет,Полная занятость,https://hh.ru/vacancy/82770208,Programmer,"Flutter разработчик. Ищем мобильного разработчика с опытом, на создание, бухгалтерского приложения. Нужен хороший специалист который не боится технически сложных задач, готов развиваться...",flutter,1
836,Java Developer,,Алматы,NNS Service (ННС Сервис),23-07-2023,"Strong core Java experience. Solid understanding of OO concepts, knowledge of design patterns, and ability to write clean code.",Take a proactive role in the design and development of new features and improvements for company’s main product and...,От 3 до 6 лет,Полная занятость,https://hh.ru/vacancy/82756227,Programmer,"Java Developer. Strong core Java experience. Solid understanding of OO concepts, knowledge of design patterns, and ability to write clean code. Take a proactive role in the design and development of new features and improvements for company’s main product and...",java,1
837,Backend разработчик / Программист (strong junior / middle) Laravel,350000 - 700000 KZT,Астана,Oktrening,22-07-2023,"Backend разработчик (Программист) Laravel strong junior or middle. Вы должны уверенно владеть PHP, laravel, vue.","3. Вам нужно будет попунктно выполнять задачи по разработки функционала, так же тестировать, выявлять баги и устранять их, достигая поставленных...",От 3 до 6 лет,Полная занятость,https://hh.ru/vacancy/82946767,Programmer,"Backend разработчик / Программист (strong junior / middle) Laravel. Backend разработчик (Программист) Laravel strong junior or middle. Вы должны уверенно владеть PHP, laravel, vue. 3. Вам нужно будет попунктно выполнять задачи по разработки функционала, так же тестировать, выявлять баги и устранять их, достигая поставленных...","laravel, php, vue.js",3
838,MLOps Backend-разработчик,700000 - 1300000 KZT,Алматы,Колеса,04-07-2023,"Опыт работы с Python или Go. Опыт работы Linux. Опыт работы с реляционными базами данных (Проектирование, SQL). Опыт работы с...",Написание и поддержка сервисов и утилит для ML команды. Автоматизация генерации сервисов и деплоя для ML моделей. Проектирование и мониторинг...,От 1 года до 3 лет,Полная занятость,https://hh.ru/vacancy/79144401,Programmer,"MLOps Backend-разработчик. Опыт работы с Python или Go. Опыт работы Linux. Опыт работы с реляционными базами данных (Проектирование, SQL). Опыт работы с... Написание и поддержка сервисов и утилит для ML команды. Автоматизация генерации сервисов и деплоя для ML моделей. Проектирование и мониторинг...","go, linux, python, sql",4
839,Middle Backend PHP Developer,400000 KZT,Караганда,Вайпоинг,23-07-2023,"Отличное знание PHP 7, Laravel 5.x framework, JavaScript. Опыт работы с очередями и планировщиком задач. Опыт работы с SQL...","Реальный опыт разработки сервиса для высоких нагрузок. Работа всей командой для улучшения качества, производительности и стабильной работы продукта.",От 1 года до 3 лет,Полная занятость,https://hh.ru/vacancy/83266084,Programmer,"Middle Backend PHP Developer. Отличное знание PHP 7, Laravel 5.x framework, JavaScript. Опыт работы с очередями и планировщиком задач. Опыт работы с SQL... Реальный опыт разработки сервиса для высоких нагрузок. Работа всей командой для улучшения качества, производительности и стабильной работы продукта.","javascript, laravel, php, sql",4
840,Frontend разработчик vue middle,,Астана,АДмастерс,27-06-2023,Новые знания и сильное окружение. Опыт коммерческой frontend разработки от 3-х лет. Знание современных стандартов и методов разработки веб...,"Поддерживать и развивать архитектуру проекта. Поднимать новый проект для переноса сайта на новые технологии (TypeScript, Vue3 +Vuetify) Разбирать старые...",От 3 до 6 лет,Полная занятость,https://hh.ru/vacancy/82595727,Programmer,"Frontend разработчик vue middle. Новые знания и сильное окружение. Опыт коммерческой frontend разработки от 3-х лет. Знание современных стандартов и методов разработки веб... Поддерживать и развивать архитектуру проекта. Поднимать новый проект для переноса сайта на новые технологии (TypeScript, Vue3 +Vuetify) Разбирать старые...","typescript, vue.js",2
841,Backend разработчик/Программист (strong junior / middle) Laravel,350000 - 700000 KZT,Алматы,Oktrening,21-07-2023,"Backend разработчик (Программист) Laravel strong junior or middle. Вы должны уверенно владеть PHP, laravel, vue.","3. Вам нужно будет попунктно выполнять задачи по разработки функционала, так же тестировать, выявлять баги и устранять их, достигая поставленных...",От 3 до 6 лет,Полная занятость,https://hh.ru/vacancy/82935271,Programmer,"Backend разработчик/Программист (strong junior / middle) Laravel. Backend разработчик (Программист) Laravel strong junior or middle. Вы должны уверенно владеть PHP, laravel, vue. 3. Вам нужно будет попунктно выполнять задачи по разработки функционала, так же тестировать, выявлять баги и устранять их, достигая поставленных...","laravel, php, vue.js",3
842,Senior Backend разработчик (ASP.Net Core),,Астана,ЧК CDS DEVELOPMENT LTD.,03-07-2023,"Опыт программирования на ASP.Net Core от 3 лет. Понимание принципов ООП. Умение разбираться в чужом код. Знание инструментов (Jira, Git).",Разрабатывать Backend решения на ASP.Net Core (C#). Работа в команде разработчиков и тесное взаимодействие с аналитиками. Создание сложных и переиспользуемых...,От 3 до 6 лет,Полная занятость,https://hh.ru/vacancy/82886894,Programmer,"Senior Backend разработчик (ASP.Net Core). Опыт программирования на ASP.Net Core от 3 лет. Понимание принципов ООП. Умение разбираться в чужом код. Знание инструментов (Jira, Git). Разрабатывать Backend решения на ASP.Net Core (C#). Работа в команде разработчиков и тесное взаимодействие с аналитиками. Создание сложных и переиспользуемых...",".net, c#, git, jira",4
843,"Fullstack разработчик (.Net, Angular)",420000 - 900000 KZT,Астана,РГП на ПХВ «Инженерный центр Управления материально-технического обеспечения»,05-07-2023,"Уверенные знания и опыт разработки на С# (ASP.Net Core, EF Core). Опыт работы с СУБД PostgreSQL и MS SQL.","Поддержка, развитие, рефакторинг и покрытие тестами существующих систем. Проектирование и реализация новых систем в рамках бизнес-требований заказчика.",От 3 до 6 лет,Полная занятость,https://hh.ru/vacancy/82243691,Programmer,"Fullstack разработчик (.Net, Angular). Уверенные знания и опыт разработки на С# (ASP.Net Core, EF Core). Опыт работы с СУБД PostgreSQL и MS SQL. Поддержка, развитие, рефакторинг и покрытие тестами существующих систем. Проектирование и реализация новых систем в рамках бизнес-требований заказчика.",".net, angular, mssql, postgresql, sql",5
844,Инженер-программист АСУ ТП,,Алматы,ЛОТТЕ Рахат,24-07-2023,"Высшее профессиональное (техническое) образование. Стаж работы не менее 3 лет. Умение работать с ПЛК Siemens S7-200, S7...","Организует и выполняет работы по установке, отладке, настройке, опытной проверке, корректировке и испытаниям, вводу в эксплуатацию, модернизации, технически правильной эксплуатации...",От 3 до 6 лет,Полная занятость,https://hh.ru/vacancy/82886973,Programmer,"Инженер-программист АСУ ТП. Высшее профессиональное (техническое) образование. Стаж работы не менее 3 лет. Умение работать с ПЛК Siemens S7-200, S7... Организует и выполняет работы по установке, отладке, настройке, опытной проверке, корректировке и испытаниям, вводу в эксплуатацию, модернизации, технически правильной эксплуатации...",,0
845,"Программист 1С (Учет планирования продаж, розницы и коммерции)",,Алматы,Sulpak,22-07-2023,"Знание ПО 1С 8x. Умение разбираться в чужом коде. Знание веб/http-сервисов, XML, JSON.",Разработка конфигураций под задачи заказчика. Ведение проектов. Поддержка и консультация пользователей.,От 1 года до 3 лет,Полная занятость,https://hh.ru/vacancy/79074361,Programmer,"Программист 1С (Учет планирования продаж, розницы и коммерции). Знание ПО 1С 8x. Умение разбираться в чужом коде. Знание веб/http-сервисов, XML, JSON. Разработка конфигураций под задачи заказчика. Ведение проектов. Поддержка и консультация пользователей.",1c,1
846,Lead Java Developer (Мобильный цифровой оператор),,Алматы,"Beeline, ТМ",19-07-2023,Высшее техническое образование(ИТ или математическое). Опыт работы в сфере разработки/администрирования IT-систем от 4-х лет.,"Общее руководство командой back-end разработки; организация, планирование, контроль и модернизация процессов. Распределение задач и расстановка приоритетов по ним.",От 3 до 6 лет,Полная занятость,https://hh.ru/vacancy/83676226,Programmer,"Lead Java Developer (Мобильный цифровой оператор). Высшее техническое образование(ИТ или математическое). Опыт работы в сфере разработки/администрирования IT-систем от 4-х лет. Общее руководство командой back-end разработки; организация, планирование, контроль и модернизация процессов. Распределение задач и расстановка приоритетов по ним.",java,1
847,Senior разработчик Colvir,,Алматы,Микрофинансовая организация KMF(КМФ),20-07-2023,Опыт работы от 2-х лет в банковской или коммуникационной сфере в части развития и поддержки АБИС Colvir.,Принимать участие в работах по внедрению АБИС Colvir. Анализировать бизнес-требования для автоматизации банковских продуктов/процессов осуществляемых в АБИС.,От 1 года до 3 лет,Полная занятость,https://hh.ru/vacancy/83734443,Programmer,Senior разработчик Colvir. Опыт работы от 2-х лет в банковской или коммуникационной сфере в части развития и поддержки АБИС Colvir. Принимать участие в работах по внедрению АБИС Colvir. Анализировать бизнес-требования для автоматизации банковских продуктов/процессов осуществляемых в АБИС.,,0
848,Python Senior Developer,,Астана,InterPress - International House,21-07-2023,Знание Python на уровне Senior Python разработчика. Уверенное знание и умение применять веб-фреймворк Django. Знание и практический опыт работы...,Нужно будет заниматься построением архитектуры и поиском правильных решений. Основная задача: Программирование нового функционала для системы. Построение архитектуры.,От 3 до 6 лет,Полная занятость,https://hh.ru/vacancy/83786010,Programmer,Python Senior Developer. Знание Python на уровне Senior Python разработчика. Уверенное знание и умение применять веб-фреймворк Django. Знание и практический опыт работы... Нужно будет заниматься построением архитектуры и поиском правильных решений. Основная задача: Программирование нового функционала для системы. Построение архитектуры.,"django, python",2
849,Разработчик PL SQL,,Алматы,NOMAD insurance,22-07-2023,"Высшее образование. Опыт разработки для Страховых и Брокерских компаний приветствуется. Начальный опыт внедрения, разработки, программирования комплекса программ на базе Oracle...",Консультация пользователей системы. - Решение возникающим проблем и ошибок в ИС. - Разработка нового функционала.,От 3 до 6 лет,Полная занятость,https://hh.ru/vacancy/82975281,Programmer,"Разработчик PL SQL. Высшее образование. Опыт разработки для Страховых и Брокерских компаний приветствуется. Начальный опыт внедрения, разработки, программирования комплекса программ на базе Oracle... Консультация пользователей системы. - Решение возникающим проблем и ошибок в ИС. - Разработка нового функционала.","oracle, sql",2
850,Программист 1С,,Астана,Диалог-Сервис,22-07-2023,Высшее образование. Опыт работы в сфере (программистом 1С) от 2-х лет и более. Навык программирования программ 1С.,"Оценка работ (объём и стоимость). Разработка конфигураций на платформе 1С (разработка отчётов на СКД, разработка внешних обработок и печатных...",От 1 года до 3 лет,Полная занятость,https://hh.ru/vacancy/83207218,Programmer,"Программист 1С. Высшее образование. Опыт работы в сфере (программистом 1С) от 2-х лет и более. Навык программирования программ 1С. Оценка работ (объём и стоимость). Разработка конфигураций на платформе 1С (разработка отчётов на СКД, разработка внешних обработок и печатных...","1c, 1c skd",2
851,Power BI Developer,,Астана,Itransition,11-07-2023,Bachelor's degree in Computer Science or equivalent IT degree. Background in data analysis in banking/finance/statistics/accounting etc.,"Work with business and development teams to design, develop and deploy interactive data visualization using Microsoft Power BI.",От 1 года до 3 лет,Полная занятость,https://hh.ru/vacancy/76085103,Programmer,"Power BI Developer. Bachelor's degree in Computer Science or equivalent IT degree. Background in data analysis in banking/finance/statistics/accounting etc. Work with business and development teams to design, develop and deploy interactive data visualization using Microsoft Power BI.",power bi,1
852,Frontend Developer (Angular),500000 - 700000 KZT,Алматы,Коркем Телеком,04-07-2023,"Знать один из популярных JS-фреймворков Angular, а также библиотеку (React), SASS/SCSS/Less/PostCSS, понимать RESTful интерфейсы.",Разработка интерфейса системы. Отработка тасков с техподдержкой. Устранение багов.,От 3 до 6 лет,Полная занятость,https://hh.ru/vacancy/82978877,Programmer,"Frontend Developer (Angular). Знать один из популярных JS-фреймворков Angular, а также библиотеку (React), SASS/SCSS/Less/PostCSS, понимать RESTful интерфейсы. Разработка интерфейса системы. Отработка тасков с техподдержкой. Устранение багов.","angular, javascript, react, rest api, sass",5
853,"Senior/Middle Full-stack Web developer / Web разработчик (MySQL, PHP(Laravel), Vue, Golang)",,Астана,DIMEDUS (Димедус),11-07-2023,"MySQL. PHP(Laravel). TypeScript (Vue,js). HTML, CSS (SCSS). Golang. Опыт работы с системами контроля версий (Git). Английский язык на...",Поддерживать текущие и создавать новые интерактивные web-проекты. Участвовать в исследованиях и отработке технологий и пайплайнов. Работать с популярными фреймворками.,От 3 до 6 лет,Полная занятость,https://hh.ru/vacancy/83249313,Programmer,"Senior/Middle Full-stack Web developer / Web разработчик (MySQL, PHP(Laravel), Vue, Golang). MySQL. PHP(Laravel). TypeScript (Vue,js). HTML, CSS (SCSS). Golang. Опыт работы с системами контроля версий (Git). Английский язык на... Поддерживать текущие и создавать новые интерактивные web-проекты. Участвовать в исследованиях и отработке технологий и пайплайнов. Работать с популярными фреймворками.","css, git, go, html, javascript, laravel, mysql, php, sass, typescript, vue.js",11
854,Java-разработчик (middle/senior),,Астана,Плейтокс (Playtox),21-07-2023,Опыт программирования на Java от 3 лет. Знание SQL и принципов работы с БД. Понимание принципов ООП. Умение разбираться в...,"Проектирование инженерных решений. Выполнение изменений в коде и написание нового кода. Подготовка изменений к поставке в бой, обеспечение необходимого качества...",От 3 до 6 лет,Полная занятость,https://hh.ru/vacancy/82536170,Programmer,"Java-разработчик (middle/senior). Опыт программирования на Java от 3 лет. Знание SQL и принципов работы с БД. Понимание принципов ООП. Умение разбираться в... Проектирование инженерных решений. Выполнение изменений в коде и написание нового кода. Подготовка изменений к поставке в бой, обеспечение необходимого качества...","java, sql",2
855,1С программист,,Актобе,Цифрал Актобе,01-07-2023,"Знание MS SQL Server, 1C-Предприятие 8.2, 8.3 (Бухгалтерия, Торговля, Кадры, Зарплата, Абонентская Служба). Опыт интеграции различных...","Сопровождение 1С-конфигураций ""Бухгалтерия"", ""Абонентская служба"", ""Склад"". Программирование в конфигурации 1С:Бухгалтерия. Доработка конфигураций 1С под нужды...",Более 6 лет,Полная занятость,https://hh.ru/vacancy/82869877,Programmer,"1С программист. Знание MS SQL Server, 1C-Предприятие 8.2, 8.3 (Бухгалтерия, Торговля, Кадры, Зарплата, Абонентская Служба). Опыт интеграции различных... Сопровождение 1С-конфигураций ""Бухгалтерия"", ""Абонентская служба"", ""Склад"". Программирование в конфигурации 1С:Бухгалтерия. Доработка конфигураций 1С под нужды...","1c, mssql, sql",3
856,Программист 1С (Senior),800000 KZT,Астана,Сеть магазинов цифровой и бытовой техники ДНС КАЗАХСТАН,17-07-2023,Опыт разработки на платформе 1С:Предприятие 8.x от 3-х лет. Знание принципов клиент-серверной архитектуры 1С.,Разработка новых инструментов и доработка существующих в наших системах 1С. Проработка и оптимизация архитектуры и алгоритмов. Решение задач интеграции...,От 3 до 6 лет,Полная занятость,https://hh.ru/vacancy/79855767,Programmer,Программист 1С (Senior). Опыт разработки на платформе 1С:Предприятие 8.x от 3-х лет. Знание принципов клиент-серверной архитектуры 1С. Разработка новых инструментов и доработка существующих в наших системах 1С. Проработка и оптимизация архитектуры и алгоритмов. Решение задач интеграции...,1c,1
857,PHP Backend-разработчик,,Алматы,ALLUR AUTO,13-07-2023,"Опыт работы PHP, JavaScript и знанием веб-верстки. Знание передовых правил программирования и принципов разработки. Опыт работы с внешними API...","Разработка и поддержка back части платформы, мобильного приложения. Создание чистого, эффективного, тестируемого и многократно используемого кода. Участие в код-ревью...",От 3 до 6 лет,Полная занятость,https://hh.ru/vacancy/81930690,Programmer,"PHP Backend-разработчик. Опыт работы PHP, JavaScript и знанием веб-верстки. Знание передовых правил программирования и принципов разработки. Опыт работы с внешними API... Разработка и поддержка back части платформы, мобильного приложения. Создание чистого, эффективного, тестируемого и многократно используемого кода. Участие в код-ревью...","javascript, php",2
858,Senior Python Developer,,Астана,Elilink,21-07-2023,"Commercial working experience with Python from 4+ years. Excellent knowledge of general programming issues: design patterns, data structures, algorithms.","Write structured, clean, reusable, and testable code using Python. Design and implement robust application. Provide technical solutions. Translate client requirements...",От 3 до 6 лет,Полная занятость,https://hh.ru/vacancy/83824660,Programmer,"Senior Python Developer. Commercial working experience with Python from 4+ years. Excellent knowledge of general programming issues: design patterns, data structures, algorithms. Write structured, clean, reusable, and testable code using Python. Design and implement robust application. Provide technical solutions. Translate client requirements...",python,1
859,Data Engineer (GoLang Developer),4000 EUR,Алматы,Wisebits,26-06-2023,Хорошие знания и опыт работы с Golang и ClickHouse. Опыт разработки от 3-х лет. Опыт работы с NoSql.,"Выполнять эпизодические задачи на анализ данных. ETL, разработка сервисов сбора, хранения и доступа к статистике и данным. Оптимизация/создание pipeline...",От 3 до 6 лет,Полная занятость,https://hh.ru/vacancy/82402844,Programmer,"Data Engineer (GoLang Developer). Хорошие знания и опыт работы с Golang и ClickHouse. Опыт разработки от 3-х лет. Опыт работы с NoSql. Выполнять эпизодические задачи на анализ данных. ETL, разработка сервисов сбора, хранения и доступа к статистике и данным. Оптимизация/создание pipeline...","clickhouse, etl, go",3
860,Инженер-программист в среде LINUX/QNX,,Астана,DOCUMENTOLOG CREATIVE STUDIO,12-07-2023,Высшее техническое образование. Знание языка программирования С/С++. Опыт разработки ПО в Embedded Linux/QNX. Опыт работы с операционными системами...,Разработка ПО под Embedded Linux/QNX на базе Xilinx SoC Zynq. Разработка и отладка драйверов устройств для процессоров ARM под...,От 3 до 6 лет,Полная занятость,https://hh.ru/vacancy/83312123,Programmer,Инженер-программист в среде LINUX/QNX. Высшее техническое образование. Знание языка программирования С/С++. Опыт разработки ПО в Embedded Linux/QNX. Опыт работы с операционными системами... Разработка ПО под Embedded Linux/QNX на базе Xilinx SoC Zynq. Разработка и отладка драйверов устройств для процессоров ARM под...,linux,1
861,PHP-разработчик уровня Middle,400000 - 750000 KZT,Астана,Documentolog,21-07-2023,"Уверенное владение PHP/SQL и высокая культура разработки. - Знание ООП, шаблонов проектирования, базовых алгоритмов. - Опыт разработки в команде на любом...",Разработка нового функционала платформы Documentolog и других проектов компании. - Совместное с командой проектирование решений для реализации функционала. - Участие в разработке...,От 1 года до 3 лет,Полная занятость,https://hh.ru/vacancy/82913982,Programmer,"PHP-разработчик уровня Middle. Уверенное владение PHP/SQL и высокая культура разработки. - Знание ООП, шаблонов проектирования, базовых алгоритмов. - Опыт разработки в команде на любом... Разработка нового функционала платформы Documentolog и других проектов компании. - Совместное с командой проектирование решений для реализации функционала. - Участие в разработке...","php, sql",2
862,Fullstack-разработчик в проектный отдел логистики,,Алматы,"Small, ТМ (Скиф Сауда, ТОО)",05-07-2023,"Опыт работы в области веб-разработки от 2-х лет. Углубленное знание Laravel, PHP и умение оптимизировать производительность приложений, включая...","Разработка, развитие, поддержание и доработка программных продуктов, используемых в логистике торговой сети. Сбор информации о возникающих проблемах, неудобствах, возможных улучшениях...",От 3 до 6 лет,Полная занятость,https://hh.ru/vacancy/83006083,Programmer,"Fullstack-разработчик в проектный отдел логистики. Опыт работы в области веб-разработки от 2-х лет. Углубленное знание Laravel, PHP и умение оптимизировать производительность приложений, включая... Разработка, развитие, поддержание и доработка программных продуктов, используемых в логистике торговой сети. Сбор информации о возникающих проблемах, неудобствах, возможных улучшениях...","laravel, php",2
863,С++ разработчик,,Алматы,Prime Source,10-07-2023,Proven working experience as a senior C++ developer with modern C++ (11 or higher) Excellent knowledge of git and linux...,"We are looking for someone to develop new tools to scale up the software when deploying it, camera benchmark to...",От 3 до 6 лет,Полная занятость,https://hh.ru/vacancy/83195704,Programmer,"С++ разработчик. Proven working experience as a senior C++ developer with modern C++ (11 or higher) Excellent knowledge of git and linux... We are looking for someone to develop new tools to scale up the software when deploying it, camera benchmark to...","c++, git, linux",3
864,Android Developer (Senior) в SuperApp,,Алматы,Kcell,01-07-2023,"Высшее образование. Опыт коммерческой разработки мобильных приложений от 2-х лет. Знание языков Java, Kotlin. Опыт работы с Kotlin Coroutines​.","Создание сложных и переиспользуемых архитектурных решений. Техническое развитие проекта, исследование новых технологий и их интеграция. Проводить рефактор и своего, и...",От 1 года до 3 лет,Полная занятость,https://hh.ru/vacancy/81388398,Programmer,"Android Developer (Senior) в SuperApp. Высшее образование. Опыт коммерческой разработки мобильных приложений от 2-х лет. Знание языков Java, Kotlin. Опыт работы с Kotlin Coroutines​. Создание сложных и переиспользуемых архитектурных решений. Техническое развитие проекта, исследование новых технологий и их интеграция. Проводить рефактор и своего, и...","android, java, kotlin",3
865,Middle Flutter разработчик,,Алматы,Codebase,29-06-2023,Знание фреймворка Flutter более года. Умение работать с git и Android studio. Знание концептов ООП и базовое понимание паттернов проектирования.,Самостоятельно выполнять поставленные задачи на фреймворке Flutter. Писать новые компоненты. Поддерживать методологию TDD. Проходить code review.,От 1 года до 3 лет,Полная занятость,https://hh.ru/vacancy/82281010,Programmer,Middle Flutter разработчик. Знание фреймворка Flutter более года. Умение работать с git и Android studio. Знание концептов ООП и базовое понимание паттернов проектирования. Самостоятельно выполнять поставленные задачи на фреймворке Flutter. Писать новые компоненты. Поддерживать методологию TDD. Проходить code review.,"android, flutter, git",3
866,Разработчик Flutter Flow,400000 - 750000 KZT,Алматы,Хакимжанов А.Б,30-06-2023,"Опыт разработки на Flutter Flow. Опыт работы с REST api, базами данных. Опыт разработки мобильных приложений с нуля.",Разработка мобильных приложений на базе iOS и Android под ключ.,От 1 года до 3 лет,Полная занятость,https://hh.ru/vacancy/82840227,Programmer,"Разработчик Flutter Flow. Опыт разработки на Flutter Flow. Опыт работы с REST api, базами данных. Опыт разработки мобильных приложений с нуля. Разработка мобильных приложений на базе iOS и Android под ключ.","android, flutter, ios, rest api",4
867,Senior Android developer,,Алматы,Freedom Technologies,13-07-2023,"Опыт разработки мобильных приложений. Участие в разработке коммерческих приложений, наличие завершенных проектов в Google Play. Знание и применение на практике...",Проектирование и разработка клиентской части под android. Разработка приложения с учетом потребностей Компании. Участие в автоматизации процессов разработки.,От 3 до 6 лет,Полная занятость,https://hh.ru/vacancy/83384342,Programmer,"Senior Android developer. Опыт разработки мобильных приложений. Участие в разработке коммерческих приложений, наличие завершенных проектов в Google Play. Знание и применение на практике... Проектирование и разработка клиентской части под android. Разработка приложения с учетом потребностей Компании. Участие в автоматизации процессов разработки.",android,1
868,PHP-разработчик,4000 - 5000 EUR,Астана,Онлайн решения Б2Б,21-07-2023,"3. Технологии и инструменты. - gitlab, docker, telegraf + grafana. - query, vue. - PHP 8.1, symfony + twig, mysql, redis, nginx. -","Работа с лидами, верификация, финансы, интеграция с торговыми платформами (MT4, MT5, CTrader, DevXperts, XOpenHub и другие), отчеты, автоматизация...",Более 6 лет,Полная занятость,https://hh.ru/vacancy/82558131,Programmer,"PHP-разработчик. 3. Технологии и инструменты. - gitlab, docker, telegraf + grafana. - query, vue. - PHP 8.1, symfony + twig, mysql, redis, nginx. - Работа с лидами, верификация, финансы, интеграция с торговыми платформами (MT4, MT5, CTrader, DevXperts, XOpenHub и другие), отчеты, автоматизация...","docker, gitlab, mysql, nginx, php, redis, symfony, vue.js",8
869,Программист 1С Бухгалтерия предприятия 3.0,500000 KZT,Астана,Сеть магазинов цифровой и бытовой техники ДНС КАЗАХСТАН,13-07-2023,"Опыт разработки на платформе 1С:Предприятие 8.x от 1,5 лет. Желание учиться и развиваться в роли технического...","Разработка новых инструментов и доработка существующих в информационной системе ""1С:Бухгалтерия предприятия 3.0"". Проработка и оптимизация архитектуры и...",От 1 года до 3 лет,Полная занятость,https://hh.ru/vacancy/70830380,Programmer,"Программист 1С Бухгалтерия предприятия 3.0. Опыт разработки на платформе 1С:Предприятие 8.x от 1,5 лет. Желание учиться и развиваться в роли технического... Разработка новых инструментов и доработка существующих в информационной системе ""1С:Бухгалтерия предприятия 3.0"". Проработка и оптимизация архитектуры и...","1c, 1c accounting",2
870,"Senior Backend Developer, удаленно (Laravel, РНР)",220000 - 360000 RUR,Астана,Obalor,23-07-2023,"Отличное знание Laravel 8+. Отличное владение PHP 7.4+, ООП, паттерны. Опыт использования GraphQL. Linux или OSX в...",Разработка нового полезного функционала. Разработка API и парсеров. Поддержка и оптимизация существующих модулей.,Более 6 лет,Полная занятость,https://hh.ru/vacancy/82813911,Programmer,"Senior Backend Developer, удаленно (Laravel, РНР). Отличное знание Laravel 8+. Отличное владение PHP 7.4+, ООП, паттерны. Опыт использования GraphQL. Linux или OSX в... Разработка нового полезного функционала. Разработка API и парсеров. Поддержка и оптимизация существующих модулей.","graphql, laravel, linux, php",4
871,"Middle/Senior Fullstack (PHP-Laravel, Vuejs) разработчик",300000 - 800000 KZT,Алматы,Partners Go,29-06-2023,"График работы: full time, office/remote. Стек: ⁃ Сервер: CentOS, nginx, php, MySQL. Необходимые профессиональные навыки: будет плюсом опыт управления технической...","Front-end: HTML, CSS, JS, Vue.js. поиск/найм специалистов и формирование “технической” команды. бизнес-аналитика: изучение бизнес процессов, определение тех...",От 3 до 6 лет,Полная занятость,https://hh.ru/vacancy/82800243,Programmer,"Middle/Senior Fullstack (PHP-Laravel, Vuejs) разработчик. График работы: full time, office/remote. Стек: ⁃ Сервер: CentOS, nginx, php, MySQL. Необходимые профессиональные навыки: будет плюсом опыт управления технической... Front-end: HTML, CSS, JS, Vue.js. поиск/найм специалистов и формирование “технической” команды. бизнес-аналитика: изучение бизнес процессов, определение тех...","css, html, javascript, laravel, mysql, nginx, php, vue.js",8
872,Senior .NET Developer,,Алматы,Новео,05-07-2023,Опыт разработки на .NET framework/.NET core с C# и ASP.NET от 3х лет. Высшее образование в области информационных...,,От 3 до 6 лет,Полная занятость,https://hh.ru/vacancy/83036712,Programmer,Senior .NET Developer. Опыт разработки на .NET framework/.NET core с C# и ASP.NET от 3х лет. Высшее образование в области информационных...,".net, c#",2
873,Full stack разработчик,,Астана,Sebekon,26-06-2023,Опыт работы с PHP фреймворками от 3 лет. Опыт работы с JavaScript и реактивными фреймворками (VueJS или ReactJS).,"Разработка веб-приложений с микро сервисной и сервис-ориентированной архитектурой. Разработка RESTful Web Service, использование протоколов авторизации OAuth 2.0...",От 3 до 6 лет,Полная занятость,https://hh.ru/vacancy/82380655,Programmer,"Full stack разработчик. Опыт работы с PHP фреймворками от 3 лет. Опыт работы с JavaScript и реактивными фреймворками (VueJS или ReactJS). Разработка веб-приложений с микро сервисной и сервис-ориентированной архитектурой. Разработка RESTful Web Service, использование протоколов авторизации OAuth 2.0...","javascript, php, react, rest api, vue.js",5
874,Программист 1C,,Астана,SmartFIS,21-07-2023,"Умение программировать как в обычных так и на управляемых формах. Опыт работы с СКД, разработки отчетов и обработок.","Разработка новых объектов конфигурации, подсистем, внешних и встроенных печатных форм, отчеты и обработки. Работа с конфигурациями УТП, ЗУП, БК, Бухгалтерия...",От 1 года до 3 лет,Полная занятость,https://hh.ru/vacancy/83786540,Programmer,"Программист 1C. Умение программировать как в обычных так и на управляемых формах. Опыт работы с СКД, разработки отчетов и обработок. Разработка новых объектов конфигурации, подсистем, внешних и встроенных печатных форм, отчеты и обработки. Работа с конфигурациями УТП, ЗУП, БК, Бухгалтерия...","1c, 1c skd, 1c zup",3
875,1С Разработчик,370000 - 420000 KZT,Алматы,"ProMebel, ТМ (ТОО IDIA Market)",24-07-2023,"Вас отличают такие качества как трудолюбие и целеустремленность. Вы учились с высокой успеваемостью. Техническое образование. Ответственность, умение работать в команде.","Обслуживание клиентских программ (конфигурация, кастомизация, upgrade клиентских программ под требования проекта). Автоматизация бизнеса. Установка и обучение программы 1С для...",От 1 года до 3 лет,Полная занятость,https://hh.ru/vacancy/82899917,Programmer,"1С Разработчик. Вас отличают такие качества как трудолюбие и целеустремленность. Вы учились с высокой успеваемостью. Техническое образование. Ответственность, умение работать в команде. Обслуживание клиентских программ (конфигурация, кастомизация, upgrade клиентских программ под требования проекта). Автоматизация бизнеса. Установка и обучение программы 1С для...",1c,1
876,Senior frontend разработчик,,Алматы,Микрофинансовая организация KMF(КМФ),10-07-2023,"3-5 лет опыта работы в сфере веб-разработки, в том числе значительный опыт работы с HTML, CSS, JavaScript, и...",Разработка и сопровождение системы банковского приложения (личный кабинет для ФЛ/ИП/ЮЛ). Участие в процессах и общих вопросах по коммуникациям...,От 3 до 6 лет,Полная занятость,https://hh.ru/vacancy/83221737,Programmer,"Senior frontend разработчик. 3-5 лет опыта работы в сфере веб-разработки, в том числе значительный опыт работы с HTML, CSS, JavaScript, и... Разработка и сопровождение системы банковского приложения (личный кабинет для ФЛ/ИП/ЮЛ). Участие в процессах и общих вопросах по коммуникациям...","css, html, javascript",3
877,Программист 1C,500000 KZT,Алматы,Котофей Казахстан,05-07-2023,Уверенные знания синтаксиса и стандартов разработки конфигураций 1С. Опыт построения и поддержки обменов между различными информационными системами.,"Участие в проекте по внедрению нового функционала в 1C Розница, УТ, ЗУП, БУХ. Доработка конфигураций под требования бизнеса.",От 3 до 6 лет,Полная занятость,https://hh.ru/vacancy/81865544,Programmer,"Программист 1C. Уверенные знания синтаксиса и стандартов разработки конфигураций 1С. Опыт построения и поддержки обменов между различными информационными системами. Участие в проекте по внедрению нового функционала в 1C Розница, УТ, ЗУП, БУХ. Доработка конфигураций под требования бизнеса.","1c, 1c zup",2
878,Scala Developer,,Алматы,Тинькофф,14-07-2023,"Продакшн опыт разработки приложений на Scala. Понимание принципов работы HTTP, Websockets. Опыт решения задач интеграции с другими системами.",,От 1 года до 3 лет,Полная занятость,https://hh.ru/vacancy/81672921,Programmer,"Scala Developer. Продакшн опыт разработки приложений на Scala. Понимание принципов работы HTTP, Websockets. Опыт решения задач интеграции с другими системами.",scala,1
879,"Senior Full stack разработчик (React, Node.js)",800000 - 1200000 KZT,Астана,Inter Solutions,25-06-2023,Опыт работы в Software Development: 4 года. Уверенное владение одним из языков программирования. Знание и опыт работы с Web Stack...,"Full Stack разработка. Поддержка существующего функционала. Работа с Camunda BPMS. Работа с Tech Stack'ом: React. Node.js, Next.js, Express.js.",От 3 до 6 лет,Полная занятость,https://hh.ru/vacancy/82368170,Programmer,"Senior Full stack разработчик (React, Node.js). Опыт работы в Software Development: 4 года. Уверенное владение одним из языков программирования. Знание и опыт работы с Web Stack... Full Stack разработка. Поддержка существующего функционала. Работа с Camunda BPMS. Работа с Tech Stack'ом: React. Node.js, Next.js, Express.js.","express.js, javascript, next.js, node.js, react",5
880,Инженер-программист ДИТ,250000 - 300000 KZT,Алматы,Первомайские деликатесы,20-07-2023,"Навыки понимания работы клиент-серверных приложений. Навыки работы с почтовыми программами. Навыки организации выхода пользователей в Интернет (FireWall, антивирус).","Сопровождение эксплуатируемых информационных систем Компании. Представление в установленные сроки планов и отчетов, иной необходимой информации. Выявление и принятие мер по...",От 3 до 6 лет,Полная занятость,https://hh.ru/vacancy/83039577,Programmer,"Инженер-программист ДИТ. Навыки понимания работы клиент-серверных приложений. Навыки работы с почтовыми программами. Навыки организации выхода пользователей в Интернет (FireWall, антивирус). Сопровождение эксплуатируемых информационных систем Компании. Представление в установленные сроки планов и отчетов, иной необходимой информации. Выявление и принятие мер по...",,0
881,Senior Java-разработчик,,Алматы,Тинькофф,10-07-2023,Опыт разработки на Java от 3 лет. Опыт коммерческой разработки на Java 11+ или Kotlin. Опыт коммерческой разработки с...,"Тинькофф Инвестиции. Мы — лидер среди брокеров по количеству активных клиентов. Делаем инвестиции удобными, технологичными и понятными. Тинькофф Бизнес.",От 3 до 6 лет,Полная занятость,https://hh.ru/vacancy/83227734,Programmer,"Senior Java-разработчик. Опыт разработки на Java от 3 лет. Опыт коммерческой разработки на Java 11+ или Kotlin. Опыт коммерческой разработки с... Тинькофф Инвестиции. Мы — лидер среди брокеров по количеству активных клиентов. Делаем инвестиции удобными, технологичными и понятными. Тинькофф Бизнес.","java, kotlin",2
882,Ведущий разработчик бэк-энда (NodeJS),350000 - 350000 RUR,Астана,Грин-Апи,22-07-2023,"Опыт серверной разработки веб-приложений от 12 лет (любые технологии и любой стэк). Наличие собственных проектов, запущенных в промышленную эксплуатацию.","Участие в разработке бэкенда на NodeJS. Интеграция с RabbitMQ, MondoBD. Глубокое погружение в реверс инжиниринг приложений (Android, Web).",Более 6 лет,Полная занятость,https://hh.ru/vacancy/83659335,Programmer,"Ведущий разработчик бэк-энда (NodeJS). Опыт серверной разработки веб-приложений от 12 лет (любые технологии и любой стэк). Наличие собственных проектов, запущенных в промышленную эксплуатацию. Участие в разработке бэкенда на NodeJS. Интеграция с RabbitMQ, MondoBD. Глубокое погружение в реверс инжиниринг приложений (Android, Web).","android, node.js",2
883,Middle/Senior C# Backend разработчик,,Алматы,QOMEK KAZAKHSTAN (КОМЕК КАЗАХСТАН),23-07-2023,"Уверенное владение MVC и DDD. Опыт работы с C# и .Net 5.0, а также готовность перейти на .Net 6...","Разработка новых модулей и улучшение существующих в рамках проекта. Использование новейших технологий. Активное участие во всех этапах разработки, от проектирования...",От 3 до 6 лет,Полная занятость,https://hh.ru/vacancy/83030754,Programmer,"Middle/Senior C# Backend разработчик. Уверенное владение MVC и DDD. Опыт работы с C# и .Net 5.0, а также готовность перейти на .Net 6... Разработка новых модулей и улучшение существующих в рамках проекта. Использование новейших технологий. Активное участие во всех этапах разработки, от проектирования...",".net, c#",2
884,Android Developer (Middle/Senior),2000 - 4000 USD,Астана,OGD Solutions,23-07-2023,"At least 3 years of experience as an Android Developer. Experience with Kotlin (Application development 3y+), MVVM, Coroutines, Room...",,От 3 до 6 лет,Полная занятость,https://hh.ru/vacancy/82736878,Programmer,"Android Developer (Middle/Senior). At least 3 years of experience as an Android Developer. Experience with Kotlin (Application development 3y+), MVVM, Coroutines, Room...","android, kotlin",2
885,Senior Flutter Developer,,Алматы,Home Credit Bank,13-07-2023,Знание общих принципов жизненного цикла разработки многопользовательского ПО. Глубокие знания в разработке веб-приложений на языке Dart на уровне Senior...,Разрабатывать новые и развивать существующие онлайн-системы/мобильные приложения на Flutter. Выполнять работы по поддержке онлайн-систем и приложений на...,От 3 до 6 лет,Полная занятость,https://hh.ru/vacancy/83367080,Programmer,Senior Flutter Developer. Знание общих принципов жизненного цикла разработки многопользовательского ПО. Глубокие знания в разработке веб-приложений на языке Dart на уровне Senior... Разрабатывать новые и развивать существующие онлайн-системы/мобильные приложения на Flutter. Выполнять работы по поддержке онлайн-систем и приложений на...,"dart, flutter",2
886,Программист 1С,,Караганда,HR Solutions (ТМ Белый Ветер KZ),14-07-2023,Опыт программирования в 1С 8.х УФ не менее 2-х лет. - Владение языком запросов SQL Server. -,"Программное сопровождение конфигураций 1С Предприятия. - Модификация и обновление существующих документов, отчетов, обработок бухгалтерского, оперативного и управленческого учета. -",От 1 года до 3 лет,Полная занятость,https://hh.ru/vacancy/83417516,Programmer,"Программист 1С. Опыт программирования в 1С 8.х УФ не менее 2-х лет. - Владение языком запросов SQL Server. - Программное сопровождение конфигураций 1С Предприятия. - Модификация и обновление существующих документов, отчетов, обработок бухгалтерского, оперативного и управленческого учета. -","1c, mssql, sql",3
887,Ведущий инженер-программист,,Алматы,ЛОТТЕ Рахат,24-07-2023,"Высшее образование. Опыт работы с web-сервисами с использованием PL/SQL для интеграции. Обязательное знание Oracle DB, Oracle PL/SQL...",Разработка и доработка ПО Парус на PL/SQL.,От 1 года до 3 лет,Полная занятость,https://hh.ru/vacancy/82886952,Programmer,"Ведущий инженер-программист. Высшее образование. Опыт работы с web-сервисами с использованием PL/SQL для интеграции. Обязательное знание Oracle DB, Oracle PL/SQL... Разработка и доработка ПО Парус на PL/SQL.","oracle, sql",2
888,Android разработчик,,Алматы,ALLUR AUTO,13-07-2023,"Опыт работы с Flutter, Dart, JavaScript, CSS и HTML. Знание нескольких фреймворков JavaScript (React, Vue, Angular, Nuxt). Опыт работы с...",Разработка и поддержка пользовательского интерфейса нашего продукта. Работа в тесном сотрудничестве с командой бэкенд-разработчиков и дизайнеров. Поддержка и обновление...,От 3 до 6 лет,Полная занятость,https://hh.ru/vacancy/81930375,Programmer,"Android разработчик. Опыт работы с Flutter, Dart, JavaScript, CSS и HTML. Знание нескольких фреймворков JavaScript (React, Vue, Angular, Nuxt). Опыт работы с... Разработка и поддержка пользовательского интерфейса нашего продукта. Работа в тесном сотрудничестве с командой бэкенд-разработчиков и дизайнеров. Поддержка и обновление...","android, angular, css, dart, flutter, html, javascript, react, vue.js",9
889,Инженер-программист плис/FPGA,,Астана,DOCUMENTOLOG CREATIVE STUDIO,12-07-2023,Высшее техническое или естественно-научное образование. Знание VHDL (Verilog опционально). Опыт разработки конфигураций для ПЛИС Xilinx. Знания в области ЦОС...,"Разработка конфигураций для ПЛИС Xilinx Zynq/UltraScale+. Встраивание сторонних IP-блоков, разработка собственных IP-блоков. Верификация RTL модели, разработка процедур...",От 3 до 6 лет,Полная занятость,https://hh.ru/vacancy/83312351,Programmer,"Инженер-программист плис/FPGA. Высшее техническое или естественно-научное образование. Знание VHDL (Verilog опционально). Опыт разработки конфигураций для ПЛИС Xilinx. Знания в области ЦОС... Разработка конфигураций для ПЛИС Xilinx Zynq/UltraScale+. Встраивание сторонних IP-блоков, разработка собственных IP-блоков. Верификация RTL модели, разработка процедур...",,0
890,PHP Developer (Yii2),1000 - 2000 USD,Алматы,Mediabet,14-07-2023,"Опыт работы с PHP, JavaScript. - Знание веб-верстки. - Уверенные знания PHP 7+, знание фреймворка Yii2. - Внимание к деталям...","Проектирование и разработка новых сервисов. - Поддержка существующих сайтов и сервсиво, рефакторинг и оптимизация существующего кода. - Проектирование решений для реализации задуманного...",От 3 до 6 лет,Полная занятость,https://hh.ru/vacancy/83452445,Programmer,"PHP Developer (Yii2). Опыт работы с PHP, JavaScript. - Знание веб-верстки. - Уверенные знания PHP 7+, знание фреймворка Yii2. - Внимание к деталям... Проектирование и разработка новых сервисов. - Поддержка существующих сайтов и сервсиво, рефакторинг и оптимизация существующего кода. - Проектирование решений для реализации задуманного...","javascript, php",2
891,.NET Разработчик,,Астана,Тинькофф,13-07-2023,"Опыт коммерческой разработки Web-приложений на платформе .NET от 3 лет. Хорошее знание основ платформы .NET (Memory Management, async/await).","Принимать участие в разработке сервисов, помогающих экосистеме Tinkoff развиваться: платформа для удаленной работы сотрудников (TWork), Телефония, Биометрия, Тинькофф Бизнес, Travel...",От 3 до 6 лет,Полная занятость,https://hh.ru/vacancy/81863858,Programmer,".NET Разработчик. Опыт коммерческой разработки Web-приложений на платформе .NET от 3 лет. Хорошее знание основ платформы .NET (Memory Management, async/await). Принимать участие в разработке сервисов, помогающих экосистеме Tinkoff развиваться: платформа для удаленной работы сотрудников (TWork), Телефония, Биометрия, Тинькофф Бизнес, Travel...",.net,1
892,Key Account and Development Manager,,Атырау,GALATEK,17-07-2023,Higher education.Team management experience of at least 5 years. The ability to solve problems.Ability to work effectively with others. Sociability.,Effectively interact with employees in order to develop business with key customers. Participate in tenders . Engage in procurement and supply.,Более 6 лет,Полная занятость,https://hh.ru/vacancy/83541653,Programmer,Key Account and Development Manager. Higher education.Team management experience of at least 5 years. The ability to solve problems.Ability to work effectively with others. Sociability. Effectively interact with employees in order to develop business with key customers. Participate in tenders . Engage in procurement and supply.,,0
893,Старший инженер-программист 1С,400000 - 480000 KZT,Караганда,ДЕДОВ,21-07-2023,"На должность IT-специалиста принимается лицо, имеющее высшее профессиональное (математическое, инженерно-математическое, техническое) образование и стаж работы по специальности в...","Работа с программой 1С.Предприятие: администрирование, сопровождение и внедрение программ, установка и обновление платформы, обновление не типовой конфигурации УПП, разработка новых...",От 1 года до 3 лет,Полная занятость,https://hh.ru/vacancy/81337639,Programmer,"Старший инженер-программист 1С. На должность IT-специалиста принимается лицо, имеющее высшее профессиональное (математическое, инженерно-математическое, техническое) образование и стаж работы по специальности в... Работа с программой 1С.Предприятие: администрирование, сопровождение и внедрение программ, установка и обновление платформы, обновление не типовой конфигурации УПП, разработка новых...",1c,1
894,Главный специалист-разработчик Управления администрирования баз данных,250000 - 300000 KZT,Алматы,АО «Национальный центр государственной научно-технической экспертизы»,23-07-2023,"Опыт работы не менее 2 лет в сфере WEB-програмирования. Знание ООП, MVC. Знание и опыт работы с фреймворком Laravel...",Разрабатывать автоматизированные программные средства. Проводить корректировку разработанных программных средств на основе анализа выходных данных. Осуществлять сопровождение разработанных и внедренных программных...,От 1 года до 3 лет,Полная занятость,https://hh.ru/vacancy/83561593,Programmer,"Главный специалист-разработчик Управления администрирования баз данных. Опыт работы не менее 2 лет в сфере WEB-програмирования. Знание ООП, MVC. Знание и опыт работы с фреймворком Laravel... Разрабатывать автоматизированные программные средства. Проводить корректировку разработанных программных средств на основе анализа выходных данных. Осуществлять сопровождение разработанных и внедренных программных...",laravel,1
895,Программист 1С Зарплата и управление персоналом 3.1,500000 KZT,Астана,Сеть магазинов цифровой и бытовой техники ДНС КАЗАХСТАН,13-07-2023,"Опыт разработки на платформе 1С:Предприятие 8.x от 1,5 лет. Желание учиться и развиваться в роли технического...","Разработка новых инструментов и доработка существующих в информационной системе ""1С:Зарплата и управление персоналом 3.1"". Проработка и оптимизация...",От 1 года до 3 лет,Полная занятость,https://hh.ru/vacancy/70830392,Programmer,"Программист 1С Зарплата и управление персоналом 3.1. Опыт разработки на платформе 1С:Предприятие 8.x от 1,5 лет. Желание учиться и развиваться в роли технического... Разработка новых инструментов и доработка существующих в информационной системе ""1С:Зарплата и управление персоналом 3.1"". Проработка и оптимизация...","1c, 1c zup",2
896,Мобильный разработчик Android в проектный отдел логистики,,Алматы,"Small, ТМ (Скиф Сауда, ТОО)",05-07-2023,Опыт в разработке Android-приложений (от 2-х лет). Уверенное владение языком программирования Kotlin. Отличные знания основ Android разработки.,"Разработка, развитие, поддержание и доработка программных продуктов, используемых в логистике торговой сети. Сбор информации о возникающих проблемах, неудобствах, возможных улучшениях...",От 3 до 6 лет,Полная занятость,https://hh.ru/vacancy/83007368,Programmer,"Мобильный разработчик Android в проектный отдел логистики. Опыт в разработке Android-приложений (от 2-х лет). Уверенное владение языком программирования Kotlin. Отличные знания основ Android разработки. Разработка, развитие, поддержание и доработка программных продуктов, используемых в логистике торговой сети. Сбор информации о возникающих проблемах, неудобствах, возможных улучшениях...","android, kotlin",2
897,Senior C++ Developer,3000 USD,Алматы,Ventra IT Solutions,04-07-2023,"PhD or MS in Computer Science, Electrical Engineering, or Applied Mathematics with a minimum of 2 years of relevant experience.",Design and implementation key algorithm for EM/IR analysis. Large sparse matrix solving and GPU acceleration. Develop the whole flow...,Более 6 лет,Полная занятость,https://hh.ru/vacancy/82998536,Programmer,"Senior C++ Developer. PhD or MS in Computer Science, Electrical Engineering, or Applied Mathematics with a minimum of 2 years of relevant experience. Design and implementation key algorithm for EM/IR analysis. Large sparse matrix solving and GPU acceleration. Develop the whole flow...",c++,1
898,"Инженер-программист (отдел автоматизации производства, Челябинская область)",,Петропавловск,Чебаркульская птица,11-07-2023,"Образование среднее специальное, высшее. Программирование верхнего или нижнего уровня.",Разработка и внедрение программных комплексов на производствах.,От 1 года до 3 лет,Полная занятость,https://hh.ru/vacancy/83280896,Programmer,"Инженер-программист (отдел автоматизации производства, Челябинская область). Образование среднее специальное, высшее. Программирование верхнего или нижнего уровня. Разработка и внедрение программных комплексов на производствах.",,0
899,Программист 1C,,Караганда,Алып-2008,17-07-2023,Опыт работы от 1 года. Понимание предметной области (розничная торговля) приветствуется. Умение работать с чужим кодом. Знание языка запросов.,"Сопровождение\внедрение проектов по автоматизации работы супермаркета. Интеграция 1С с внешними системами и сервисами. Разработка нового функционала, добавление сторонних...",От 1 года до 3 лет,Полная занятость,https://hh.ru/vacancy/69811769,Programmer,"Программист 1C. Опыт работы от 1 года. Понимание предметной области (розничная торговля) приветствуется. Умение работать с чужим кодом. Знание языка запросов. Сопровождение\внедрение проектов по автоматизации работы супермаркета. Интеграция 1С с внешними системами и сервисами. Разработка нового функционала, добавление сторонних...",1c,1
900,Middle Wordpress разработчик,500 - 700 USD,Астана,SM Lab,17-07-2023,4. Реализуйте возможность добавления объектов в избранное и просмотра их в специальной вкладке на сайте. 7. Весь код должен быть...,"Разработка сайтов на Wordpress с использованием дизайна из Figma. Внедрение плагинов, например, Deepl. Взаимодействие с командой (проектный менеджмент, дизайн и...",От 3 до 6 лет,Полная занятость,https://hh.ru/vacancy/83538340,Programmer,"Middle Wordpress разработчик. 4. Реализуйте возможность добавления объектов в избранное и просмотра их в специальной вкладке на сайте. 7. Весь код должен быть... Разработка сайтов на Wordpress с использованием дизайна из Figma. Внедрение плагинов, например, Deepl. Взаимодействие с командой (проектный менеджмент, дизайн и...",figma,1
901,"Разработчик C# (Middle, Senior)",,Алматы,Sulpak,22-07-2023,"Понимание, что такое DI и главное - зачем он нужен. Умение писать чистый код. Знать, как написать код для того, чтобы...","Разработка новых бекендсервисов, поддержка существующих. Совместно с командой обновление текущих старых проектов (легаси - .net 4, wcf + WinForms) через создание...",От 1 года до 3 лет,Полная занятость,https://hh.ru/vacancy/79074364,Programmer,"Разработчик C# (Middle, Senior). Понимание, что такое DI и главное - зачем он нужен. Умение писать чистый код. Знать, как написать код для того, чтобы... Разработка новых бекендсервисов, поддержка существующих. Совместно с командой обновление текущих старых проектов (легаси - .net 4, wcf + WinForms) через создание...",".net, c#",2
902,Business development specialist,,Алматы,Swaps.app,24-07-2023,"3+ years of experience in business development, preferably in the crypto or blockchain industry. Strong knowledge of the cryptocurrency...","Possession of all products offered by the company. Creating a potential customer base, constantly updating. Acquisition of new customers through...",От 3 до 6 лет,Полная занятость,https://hh.ru/vacancy/82818601,Programmer,"Business development specialist. 3+ years of experience in business development, preferably in the crypto or blockchain industry. Strong knowledge of the cryptocurrency... Possession of all products offered by the company. Creating a potential customer base, constantly updating. Acquisition of new customers through...",,0
903,Senior/Middle Java разработчик,,Алматы,Home Credit Bank,10-07-2023,Опыт работы c Java от 2 лет в качестве Java backend или full-stack разработчика. Опыт работы с СУБД (Oracle).,Участие в поддержке и развитии компонентов банковской core системы по кредитованию физических лиц (именно в части процесса одобрения).,От 3 до 6 лет,Полная занятость,https://hh.ru/vacancy/83217341,Programmer,Senior/Middle Java разработчик. Опыт работы c Java от 2 лет в качестве Java backend или full-stack разработчика. Опыт работы с СУБД (Oracle). Участие в поддержке и развитии компонентов банковской core системы по кредитованию физических лиц (именно в части процесса одобрения).,"java, oracle",2
904,Разработчик битрикс (bitrix framework),1300000 - 1300000 KZT,Алматы,Лаборатория цифрового маркетинга,15-07-2023,Успешный опыт разработки в bitrix framework от одного года. Наличие сданных тестов и экзаменов приветствуется. Наши преимущества:,"Автоматизация бизнес-процессов с помощью штатных и кастомных активити, в том числе с помощью написания php-кода в Битрикс24...",От 1 года до 3 лет,Полная занятость,https://hh.ru/vacancy/83463603,Programmer,"Разработчик битрикс (bitrix framework). Успешный опыт разработки в bitrix framework от одного года. Наличие сданных тестов и экзаменов приветствуется. Наши преимущества: Автоматизация бизнес-процессов с помощью штатных и кастомных активити, в том числе с помощью написания php-кода в Битрикс24...",php,1
905,Разработчик C#.NET,,Астана,Business and Technology Services,29-06-2023,"ASP.NET Core 6, EF Core 6. БД: MS SQL 2019. Языки: C#, T-SQL. Jira, Gitlab. Успешный релевантный опыт.",Agile-разработка ИТ-системы согласно ТЗ в команде «под ключ»: Создание кода методом ППП (псевдокод). Проектирование БД. Применение паттернов проектирования...,От 3 до 6 лет,Полная занятость,https://hh.ru/vacancy/82759196,Programmer,"Разработчик C#.NET. ASP.NET Core 6, EF Core 6. БД: MS SQL 2019. Языки: C#, T-SQL. Jira, Gitlab. Успешный релевантный опыт. Agile-разработка ИТ-системы согласно ТЗ в команде «под ключ»: Создание кода методом ППП (псевдокод). Проектирование БД. Применение паттернов проектирования...",".net, agile, c#, gitlab, jira, mssql, sql",7
906,Программист-Разработчик 1С,,Алматы,Моторная компания «Астана-Моторс»,18-07-2023,Опыт работы разработки в 1С от 3 лет. Умение читать и дорабатывать чужой код. Знание типовой конфигурации (обычные и...,Поддержка и развитие существующих информационных систем на платформе 1С: Предприятие 8.* (самописные конфигурации). Разработка конфигураций на платформе 1С...,От 1 года до 3 лет,Полная занятость,https://hh.ru/vacancy/83386055,Programmer,Программист-Разработчик 1С. Опыт работы разработки в 1С от 3 лет. Умение читать и дорабатывать чужой код. Знание типовой конфигурации (обычные и... Поддержка и развитие существующих информационных систем на платформе 1С: Предприятие 8.* (самописные конфигурации). Разработка конфигураций на платформе 1С...,1c,1
907,Старший программист 1С,,Астана,"МЕЧТА, ТМ (Мечта Маркет, ТОО)",14-07-2023,Знание архитектуры 1С и типовых решений. Знание БСП. Знание РИБ и особенностей использования. Умение читать запросы SQL.,"Ищем старшего программиста 1С.Разработка ведется по методологии Аgile, есть описанные стандарты разработки, по выпуску кода и тестирования. Проводим автоматизацию, каждый...",От 3 до 6 лет,Полная занятость,https://hh.ru/vacancy/67655908,Programmer,"Старший программист 1С. Знание архитектуры 1С и типовых решений. Знание БСП. Знание РИБ и особенностей использования. Умение читать запросы SQL. Ищем старшего программиста 1С.Разработка ведется по методологии Аgile, есть описанные стандарты разработки, по выпуску кода и тестирования. Проводим автоматизацию, каждый...","1c, sql",2
908,Программист-разработчик 1С,,Алматы,Almatytrade,01-07-2023,"Постоянное повышение квалификации и уровня знаний. Обязательно: Опыт во внедрении проектов BI, ERP, EAM и других систем. Умение программировать на...","Участие в проектах внедрения программных продуктов 1С в качестве программиста, предполагается работа с: Требования: Конфигурации 1С:УТП, 1...",От 3 до 6 лет,Полная занятость,https://hh.ru/vacancy/81529237,Programmer,"Программист-разработчик 1С. Постоянное повышение квалификации и уровня знаний. Обязательно: Опыт во внедрении проектов BI, ERP, EAM и других систем. Умение программировать на... Участие в проектах внедрения программных продуктов 1С в качестве программиста, предполагается работа с: Требования: Конфигурации 1С:УТП, 1...","1c, erp",2
909,Junior SAP Cloud разработчик со знанием немецкого языка (Германия),,Алматы,Transparent Hiring,26-06-2023,"Abschluss im Bereich Informatik oder vergleichbare Ausbildung. Kenntnisse und Erfahrung im Umgang mit JavaScript, NodeJS, GIT. Erste Erfahrungen mit dem...",Entwicklung von innovativen Logistiksoftwarelösungen für Cloud-Umgebungen mit Hilfe von fortschrittlichen SAP-Technologien. Unterstützung bei der Weiterentwicklung unserer Cloud Software...,От 1 года до 3 лет,Полная занятость,https://hh.ru/vacancy/82481013,Programmer,"Junior SAP Cloud разработчик со знанием немецкого языка (Германия). Abschluss im Bereich Informatik oder vergleichbare Ausbildung. Kenntnisse und Erfahrung im Umgang mit JavaScript, NodeJS, GIT. Erste Erfahrungen mit dem... Entwicklung von innovativen Logistiksoftwarelösungen für Cloud-Umgebungen mit Hilfe von fortschrittlichen SAP-Technologien. Unterstützung bei der Weiterentwicklung unserer Cloud Software...","git, javascript, node.js, sap",4
910,Senior Vue.js Frontend Developer со знанием английского языка (Германия),,Алматы,Transparent Hiring,30-06-2023,"Strong expertise in ECMAScript, Vue.js, Jest, Webpack, REST APIs, CSS Modules, and either Sass or Less. Experience in developing modular...",International teams with people from 20+ different countries. We follow agile methodologies and continuously ship quality code to production.,От 3 до 6 лет,Полная занятость,https://hh.ru/vacancy/82841423,Programmer,"Senior Vue.js Frontend Developer со знанием английского языка (Германия). Strong expertise in ECMAScript, Vue.js, Jest, Webpack, REST APIs, CSS Modules, and either Sass or Less. Experience in developing modular... International teams with people from 20+ different countries. We follow agile methodologies and continuously ship quality code to production.","agile, css, javascript, sass, vue.js",5
911,Разработчик 1С,,Алматы,TOIMART,21-07-2023,"Опыт работы с конфигурациями 1с Бухгалтерия, УТ, УД, ЗУП, ЭДО, Торговый дом Астор. - Опыт работы с интеграционным слоем.",Исправление ошибок в существующих конфигурациях на базе платформы 1С 8.3. - Сопровождение существующих типовых и нетиповых конфигураций. -,Более 6 лет,Полная занятость,https://hh.ru/vacancy/80350677,Programmer,"Разработчик 1С. Опыт работы с конфигурациями 1с Бухгалтерия, УТ, УД, ЗУП, ЭДО, Торговый дом Астор. - Опыт работы с интеграционным слоем. Исправление ошибок в существующих конфигурациях на базе платформы 1С 8.3. - Сопровождение существующих типовых и нетиповых конфигураций. -","1c, 1c accounting, 1c zup",3
912,Сеньор - Программист 1С,,Алматы,CBC-GROUP (Группа компаний СВС),24-07-2023,"Опыт работы не менее 7 лет на аналогичной должности. Обязательное знание конфигураций: «1С: Бухгалтерия для Казахстана 2.0», «1...","Разработка по плану функционального и технологического развития 1С. Коммуникация с «Тимлидом сектора развития 1С», «Начальником отдела разработок 1...",Более 6 лет,Полная занятость,https://hh.ru/vacancy/82898038,Programmer,"Сеньор - Программист 1С. Опыт работы не менее 7 лет на аналогичной должности. Обязательное знание конфигураций: «1С: Бухгалтерия для Казахстана 2.0», «1... Разработка по плану функционального и технологического развития 1С. Коммуникация с «Тимлидом сектора развития 1С», «Начальником отдела разработок 1...",1c,1
913,Разработчик 1С,,Астана,BI-Development (ТМ BI GROUP),26-06-2023,"Продвинутые навыки программирования на платформе 1С:Предприятие 8.*. Опыт работы с СКД, разработки отчетов и обработок. Опыт поддержки и...","Разработка новых объектов конфигурации, подсистем, внешних и встроенных печатных форм, отчеты и обработки. Доработка и расширение функционала во всех разделах.",От 1 года до 3 лет,Полная занятость,https://hh.ru/vacancy/82442338,Programmer,"Разработчик 1С. Продвинутые навыки программирования на платформе 1С:Предприятие 8.*. Опыт работы с СКД, разработки отчетов и обработок. Опыт поддержки и... Разработка новых объектов конфигурации, подсистем, внешних и встроенных печатных форм, отчеты и обработки. Доработка и расширение функционала во всех разделах.","1c, 1c skd",2
914,Senior PHP-Developer (GameDev),,Астана,Playneta,13-07-2023,"Опыт использования PHP в продакшене от 5 лет. PHP7. Опыт работы с любым MVC-фреймворком (Symfony, Laravel, Yii2...",Разработку новых игровых механик и гипотез. Доработку функционала. Исправление багов. Участие в оценке задач и проектировании технических решений.,Более 6 лет,Полная занятость,https://hh.ru/vacancy/78095535,Programmer,"Senior PHP-Developer (GameDev). Опыт использования PHP в продакшене от 5 лет. PHP7. Опыт работы с любым MVC-фреймворком (Symfony, Laravel, Yii2... Разработку новых игровых механик и гипотез. Доработку функционала. Исправление багов. Участие в оценке задач и проектировании технических решений.","laravel, php, symfony",3
915,Middle PHP (laravel) developer (fullstack),450000 - 750000 KZT,Астана,ФАВОРИТ,12-07-2023,"Хорошие знания фронта. PostgreSql. Laravel. JS, Vue.js Frontend. Знание базовых UI/UX. Опыт в создании приложении на ios, android.","Внимание! Сайт уже работает, также приложения. Нужно сопровождение, а также при необходимости добавление нового функционала. -написание api. -добавление нового функционала...",От 3 до 6 лет,Частичная занятость,https://hh.ru/vacancy/81797851,Programmer,"Middle PHP (laravel) developer (fullstack). Хорошие знания фронта. PostgreSql. Laravel. JS, Vue.js Frontend. Знание базовых UI/UX. Опыт в создании приложении на ios, android. Внимание! Сайт уже работает, также приложения. Нужно сопровождение, а также при необходимости добавление нового функционала. -написание api. -добавление нового функционала...","android, ios, javascript, laravel, php, postgresql, ui/ux, vue.js",8
916,Веб разработчик Fullstack PHP,40000 RUR,Алматы,Куликов Александр Вячеславович,12-07-2023,Технически талантливого и креативного веб-разработчика с опытом работы на разных проектах. Вы должны быть способны создавать впечатляющие и функциональные...,Разработка и техническая поддержка веб-сайтов различной сложности. - Работа над улучшением и оптимизацией существующего кода. - Сотрудничество с командой над различными...,От 1 года до 3 лет,Полная занятость,https://hh.ru/vacancy/83312819,Programmer,Веб разработчик Fullstack PHP. Технически талантливого и креативного веб-разработчика с опытом работы на разных проектах. Вы должны быть способны создавать впечатляющие и функциональные... Разработка и техническая поддержка веб-сайтов различной сложности. - Работа над улучшением и оптимизацией существующего кода. - Сотрудничество с командой над различными...,"php, technical support",2
917,Java-разработчик,,Астана,Тинькофф,23-07-2023,"Опыт разработки на Java от 3-ех лет. Опыт разработки на Spring Framework, Spring Boot. Знание SQL и одной из...","Тинькофф Инвестиции. Мы — лидер среди брокеров по количеству активных клиентов. Делаем инвестиции удобными, технологичными и понятными. Тинькофф Бизнес.",От 3 до 6 лет,Полная занятость,https://hh.ru/vacancy/82230596,Programmer,"Java-разработчик. Опыт разработки на Java от 3-ех лет. Опыт разработки на Spring Framework, Spring Boot. Знание SQL и одной из... Тинькофф Инвестиции. Мы — лидер среди брокеров по количеству активных клиентов. Делаем инвестиции удобными, технологичными и понятными. Тинькофф Бизнес.","java, spring, sql",3
918,Программист 1С со знаниями бухгалтерского учета,,Алматы,Eurasian Machinery (Евразиан Машинери),26-06-2023,"Знание основ бухгалтерского учета. Опыт работы с 1С. Умение читать и понимать чужой код, работать самостоятельно.",Автоматизация процессов в конфигурации 1С ERP. Выявление проблем/процессов требующих автоматизации и дальнейшее исполнение. Доработка модулей существующих конфигураций.,От 1 года до 3 лет,Полная занятость,https://hh.ru/vacancy/82437159,Programmer,"Программист 1С со знаниями бухгалтерского учета. Знание основ бухгалтерского учета. Опыт работы с 1С. Умение читать и понимать чужой код, работать самостоятельно. Автоматизация процессов в конфигурации 1С ERP. Выявление проблем/процессов требующих автоматизации и дальнейшее исполнение. Доработка модулей существующих конфигураций.","1c, erp",2
919,Product Manager (Mobile Development),,Астана,KIVORK,19-07-2023,Experience in Product Management 5+ years. Required experience in mobile product development from scratch to market launch.,Effectively manage product backlog to achieve higher metrics. Conduct team planning and reach the development goals. Identify and forecast the...,От 3 до 6 лет,Полная занятость,https://hh.ru/vacancy/83375054,Programmer,Product Manager (Mobile Development). Experience in Product Management 5+ years. Required experience in mobile product development from scratch to market launch. Effectively manage product backlog to achieve higher metrics. Conduct team planning and reach the development goals. Identify and forecast the...,,0
920,Программист 1C,,Степногорск,Казахалтын Тechnology,11-07-2023,Образование - высшее профессиональное (инженерно-техническое в области информационных технологий). Стаж работы – не менее 5 лет по профилю. Сертификаты по платформе...,"Обеспечение руководителей и специалистов финансового блока, информационной базой для экономического планирования, учета, анализа и контроля производственной деятельности Предприятия.",Более 6 лет,Полная занятость,https://hh.ru/vacancy/83279759,Programmer,"Программист 1C. Образование - высшее профессиональное (инженерно-техническое в области информационных технологий). Стаж работы – не менее 5 лет по профилю. Сертификаты по платформе... Обеспечение руководителей и специалистов финансового блока, информационной базой для экономического планирования, учета, анализа и контроля производственной деятельности Предприятия.",1c,1
921,WordPress Developer (Middle/Senior),2000 - 4000 USD,Астана,OGD Solutions,23-07-2023,Strong understanding of PHP back-end development. OOP and PHP Classes. Experienced in HTML5 / CSS / JS (jQuery) — at least...,Legal agreements to ensure your security.,От 3 до 6 лет,Полная занятость,https://hh.ru/vacancy/82738181,Programmer,WordPress Developer (Middle/Senior). Strong understanding of PHP back-end development. OOP and PHP Classes. Experienced in HTML5 / CSS / JS (jQuery) — at least... Legal agreements to ensure your security.,"css, html, javascript, jquery, php",5
922,Программист 1С,,Алматы,Complex-Bar KZ (Комплекс-Бар Кей Зет),20-07-2023,"Знание типового функционала торговых конфигураций УТ (УНФ, КА, ERP) для Казахстана. Знание типового функционала конфигурации 1С:Бухгалтерия для Казахстана.","Разработка в 1С:УТ редакция 3, 1С:БП редакция 3 в Республике Казахстан.",От 3 до 6 лет,Полная занятость,https://hh.ru/vacancy/83726119,Programmer,"Программист 1С. Знание типового функционала торговых конфигураций УТ (УНФ, КА, ERP) для Казахстана. Знание типового функционала конфигурации 1С:Бухгалтерия для Казахстана. Разработка в 1С:УТ редакция 3, 1С:БП редакция 3 в Республике Казахстан.","1c, 1c unf, erp",3
923,Product Manager (Mobile Development),,Атырау,KIVORK,19-07-2023,Experience in Product Management 5+ years. Required experience in mobile product development from scratch to market launch.,Effectively manage product backlog to achieve higher metrics. Conduct team planning and reach the development goals. Identify and forecast the...,От 3 до 6 лет,Полная занятость,https://hh.ru/vacancy/83375053,Programmer,Product Manager (Mobile Development). Experience in Product Management 5+ years. Required experience in mobile product development from scratch to market launch. Effectively manage product backlog to achieve higher metrics. Conduct team planning and reach the development goals. Identify and forecast the...,,0
924,"Разработчик мобильного приложения на IOS (middle, senior)",,Астана,"ALSECO, АО",27-06-2023,"Знание ООП и структуры данных, MVVM, MV. Знание разработки на IOS – Swift. Знание kotlin/flutter/react native. Проектирование, разработка, тестирование...",Разрабатывать мобильные приложения. Сопровождать и модернизировать уже существующие разработки. Принимать участие в совершенствовании процессов разработки/сопровождения программного обеспечения.,От 3 до 6 лет,Полная занятость,https://hh.ru/vacancy/82019531,Programmer,"Разработчик мобильного приложения на IOS (middle, senior). Знание ООП и структуры данных, MVVM, MV. Знание разработки на IOS – Swift. Знание kotlin/flutter/react native. Проектирование, разработка, тестирование... Разрабатывать мобильные приложения. Сопровождать и модернизировать уже существующие разработки. Принимать участие в совершенствовании процессов разработки/сопровождения программного обеспечения.","flutter, ios, kotlin, react, react native, swift",6
925,IOS-Android разработчик,,Астана,АДмастерс,29-06-2023,Новые знания и сильное окружение. Не менее 3 лет профессионального опыта в разработке мобильных приложений. Уверенное знание разработки под iOS...,Разрабатывать и поддерживать функционал продукта. Вместе с командой развивать архитектуру проекта. Автоматизировать разработку и тестирование.,От 3 до 6 лет,Полная занятость,https://hh.ru/vacancy/82778708,Programmer,IOS-Android разработчик. Новые знания и сильное окружение. Не менее 3 лет профессионального опыта в разработке мобильных приложений. Уверенное знание разработки под iOS... Разрабатывать и поддерживать функционал продукта. Вместе с командой развивать архитектуру проекта. Автоматизировать разработку и тестирование.,"android, ios",2
926,PHP разработчик (Работа с Б24 и БУС) Офлайн формат работы,800000 - 1200000 KZT,Алматы,Алси,19-07-2023,"Высшее IT образование. Знание комп. программ и навыки: MS Office, OpenVPN, PHP Storm (или аналог). Профессиональные знания и навыки: MySQL...","Разработка модулей для Bitrix24 и БУС, фикс багов, доработка имеющихся модулей.",От 3 до 6 лет,Полная занятость,https://hh.ru/vacancy/81098126,Programmer,"PHP разработчик (Работа с Б24 и БУС) Офлайн формат работы. Высшее IT образование. Знание комп. программ и навыки: MS Office, OpenVPN, PHP Storm (или аналог). Профессиональные знания и навыки: MySQL... Разработка модулей для Bitrix24 и БУС, фикс багов, доработка имеющихся модулей.","microsoft office, mysql, php",3
927,Lead developer (“Solution Architect”) on Adobe AEM solutions,,Алматы,ЧК ITS PARTNER LTD.,17-07-2023,"Experience with eCommerce lifecycle. Advanced knowledge of AEM, JavaScript, HTML, CSS, Apache Felix, Apache Sling, Jackrabbit. Understanding of modern UI...","Design, develop and test AEM software. Gathering enterprise content management requirements. Analysis and planning as well as configuration of AEM.",От 3 до 6 лет,Полная занятость,https://hh.ru/vacancy/83566928,Programmer,"Lead developer (“Solution Architect”) on Adobe AEM solutions. Experience with eCommerce lifecycle. Advanced knowledge of AEM, JavaScript, HTML, CSS, Apache Felix, Apache Sling, Jackrabbit. Understanding of modern UI... Design, develop and test AEM software. Gathering enterprise content management requirements. Analysis and planning as well as configuration of AEM.","apache, css, html, javascript",4
928,Product Manager (Mobile Development),,Алматы,KIVORK,19-07-2023,Experience in Product Management 5+ years. Required experience in mobile product development from scratch to market launch.,Effectively manage product backlog to achieve higher metrics. Conduct team planning and reach the development goals. Identify and forecast the...,От 3 до 6 лет,Полная занятость,https://hh.ru/vacancy/83375052,Programmer,Product Manager (Mobile Development). Experience in Product Management 5+ years. Required experience in mobile product development from scratch to market launch. Effectively manage product backlog to achieve higher metrics. Conduct team planning and reach the development goals. Identify and forecast the...,,0
929,"Senior/Lead PHP разработчик (PHP, Laravel, AWS)",2300 - 3500 USD,Алматы,2V Modules,13-07-2023,"Знание других языков программирования. Знания front-end фреймворков (React/Vue). Навыки DevOps, опыт с AWS. Разговорный английский.","Ведущая роль в проектировании и разработке проектов на базе Laravel. Вы будете ответственны за архитектуру проектов, разрабатывать, проводить code review...",Более 6 лет,Полная занятость,https://hh.ru/vacancy/83409725,Programmer,"Senior/Lead PHP разработчик (PHP, Laravel, AWS). Знание других языков программирования. Знания front-end фреймворков (React/Vue). Навыки DevOps, опыт с AWS. Разговорный английский. Ведущая роль в проектировании и разработке проектов на базе Laravel. Вы будете ответственны за архитектуру проектов, разрабатывать, проводить code review...","aws, laravel, php, react, vue.js",5
930,Backend Developer (PHP),2100 - 4000 USD,Алматы,Перфект Системс,22-07-2023,Постоянное самообучение. Быть внимательным к деталям. Проявлять активную позицию в развитие проекта и компании. Свободно владеть русским языком письменно и...,Разработка ПО - web приложения в соответствии с техническим заданием. Проектирование. Написание кода. Пусконаладочные работы. Участие в командных мероприятиях по сбору...,От 3 до 6 лет,Полная занятость,https://hh.ru/vacancy/78366454,Programmer,Backend Developer (PHP). Постоянное самообучение. Быть внимательным к деталям. Проявлять активную позицию в развитие проекта и компании. Свободно владеть русским языком письменно и... Разработка ПО - web приложения в соответствии с техническим заданием. Проектирование. Написание кода. Пусконаладочные работы. Участие в командных мероприятиях по сбору...,php,1
931,Angular Developer (Middle/Senior),2000 - 4000 USD,Астана,OGD Solutions,23-07-2023,"4+ years experience in front-end development. 3+ year experience with Angular, Typescript and RxJS. Knowledge of: JavaScript...",CI/CD tools; High-load interfaces.,От 3 до 6 лет,Полная занятость,https://hh.ru/vacancy/82737638,Programmer,"Angular Developer (Middle/Senior). 4+ years experience in front-end development. 3+ year experience with Angular, Typescript and RxJS. Knowledge of: JavaScript... CI/CD tools; High-load interfaces.","angular, ci/cd, javascript, typescript",4
932,Senior Java-разработчик,,Астана,Тинькофф,10-07-2023,Опыт разработки на Java от 3 лет. Опыт коммерческой разработки на Java 11+ или Kotlin. Опыт коммерческой разработки с...,"Тинькофф Инвестиции. Мы — лидер среди брокеров по количеству активных клиентов. Делаем инвестиции удобными, технологичными и понятными. Тинькофф Бизнес.",От 3 до 6 лет,Полная занятость,https://hh.ru/vacancy/83227814,Programmer,"Senior Java-разработчик. Опыт разработки на Java от 3 лет. Опыт коммерческой разработки на Java 11+ или Kotlin. Опыт коммерческой разработки с... Тинькофф Инвестиции. Мы — лидер среди брокеров по количеству активных клиентов. Делаем инвестиции удобными, технологичными и понятными. Тинькофф Бизнес.","java, kotlin",2
933,Front-end разработчик (Angular),,Астана,ProPeople Global,10-07-2023,"Опыт работы с системой контроля версий Git. Опыт работы с JavaScript, HTML5 и CSS3. Отличные знания Angular.","Разработка и поддержка веб-приложений на Angular, оптимизация и рефакторинг ранее разработанного функционала. Работа в команде разработчиков и тесное взаимодействие...",От 3 до 6 лет,Полная занятость,https://hh.ru/vacancy/83189296,Programmer,"Front-end разработчик (Angular). Опыт работы с системой контроля версий Git. Опыт работы с JavaScript, HTML5 и CSS3. Отличные знания Angular. Разработка и поддержка веб-приложений на Angular, оптимизация и рефакторинг ранее разработанного функционала. Работа в команде разработчиков и тесное взаимодействие...","angular, css, git, html, javascript",5
934,Sales Developer (Supervisor),,Алматы,Coca-Cola İçecek Kazakhstan  ( ТОО СП «Кока-Кола Алматы Боттлерс» ),04-07-2023,"Higher education. Experience - 2 years in sales (FMCG), not less than 1 year on supervisor position. Negotiation skills, ability to...","Plan and implement promotions, activities and tailormade programs in line with annual plan via coordinating all these activities for local...",От 3 до 6 лет,Полная занятость,https://hh.ru/vacancy/81527164,Programmer,"Sales Developer (Supervisor). Higher education. Experience - 2 years in sales (FMCG), not less than 1 year on supervisor position. Negotiation skills, ability to... Plan and implement promotions, activities and tailormade programs in line with annual plan via coordinating all these activities for local...",,0
935,Старший программист 1С,,Алматы,"АКИГ, Группа Компаний",21-07-2023,"Знание общей структуры и функционального предназначения типовых конфигураций ""1С:Бухгалтерия 3.0"", ""1С:Управление Торговлей 11"", «1С...",1С:Документооборот. 1С:Управление Торговлей. 1С:Комплексная Автоматизация. 1С:ЗУП. 1С:Бухгалтерия. Участие в проектах...,От 1 года до 3 лет,Полная занятость,https://hh.ru/vacancy/83086620,Programmer,"Старший программист 1С. Знание общей структуры и функционального предназначения типовых конфигураций ""1С:Бухгалтерия 3.0"", ""1С:Управление Торговлей 11"", «1С... 1С:Документооборот. 1С:Управление Торговлей. 1С:Комплексная Автоматизация. 1С:ЗУП. 1С:Бухгалтерия. Участие в проектах...","1c, 1c ut, 1c zup",3
936,Разработчик 1С,,Алматы,Grand era,23-07-2023,Высшее образование. Опыт разработки на платформе 1С 8 не менее 3 лет. Опыт работы с типовыми конфигурациями БП и...,"Доработка, настройка, поддержка, обновление конфигураций 1С 8.3 (БУХ КОРП 3.1, ЗУП 3.0, ДО, УНФ).",От 3 до 6 лет,Полная занятость,https://hh.ru/vacancy/83432443,Programmer,"Разработчик 1С. Высшее образование. Опыт разработки на платформе 1С 8 не менее 3 лет. Опыт работы с типовыми конфигурациями БП и... Доработка, настройка, поддержка, обновление конфигураций 1С 8.3 (БУХ КОРП 3.1, ЗУП 3.0, ДО, УНФ).","1c, 1c unf, 1c zup",3
937,Middle/Senior IOS разработчик,,Алматы,Тинькофф,26-06-2023,Занимались iOS-разработкой больше 2 лет. Знаете Swift и Xсode. Умеете проектировать клиент-серверное взаимодействие. Создавали кастомные UI-компоненты.,Разрабатывать и поддерживать функционал продукта. Вместе с командой развивать архитектуру проекта. Автоматизировать разработку и тестирование. Проводить Code Review.,От 3 до 6 лет,Полная занятость,https://hh.ru/vacancy/77684022,Programmer,Middle/Senior IOS разработчик. Занимались iOS-разработкой больше 2 лет. Знаете Swift и Xсode. Умеете проектировать клиент-серверное взаимодействие. Создавали кастомные UI-компоненты. Разрабатывать и поддерживать функционал продукта. Вместе с командой развивать архитектуру проекта. Автоматизировать разработку и тестирование. Проводить Code Review.,"ios, swift",2
938,Frontend-разработчик (Angular),,Алматы,Тинькофф,23-07-2023,"Уверенное знание основ javascript. Опыт работы с angular. Опыт работы в agile команде. Понимание работы веб-приложений (http протокол, rest...",Разработка SPA приложений для проектов Tinkoff.ru. Участие в командной разработке. Совершенствование технических инструментов. Внедрение новых технологий и практик.,От 3 до 6 лет,Полная занятость,https://hh.ru/vacancy/82470382,Programmer,"Frontend-разработчик (Angular). Уверенное знание основ javascript. Опыт работы с angular. Опыт работы в agile команде. Понимание работы веб-приложений (http протокол, rest... Разработка SPA приложений для проектов Tinkoff.ru. Участие в командной разработке. Совершенствование технических инструментов. Внедрение новых технологий и практик.","agile, angular, javascript",3
939,Руководитель отдела программистов 1С,,Алматы,Первый БИТ,10-07-2023,"Опыт успешных внедрений продуктов 1С. Знание на профессиональном уровне одной или нескольких конфигураций 1С, а также одного или...","Организация работ по внедрению, поддержке и доработке различных конфигураций 1С под нужды клиентов, контроль соблюдения сроков и качества работы.",От 3 до 6 лет,Полная занятость,https://hh.ru/vacancy/80881599,Programmer,"Руководитель отдела программистов 1С. Опыт успешных внедрений продуктов 1С. Знание на профессиональном уровне одной или нескольких конфигураций 1С, а также одного или... Организация работ по внедрению, поддержке и доработке различных конфигураций 1С под нужды клиентов, контроль соблюдения сроков и качества работы.",1c,1
940,Business Development Manager,,Алматы,НЕТПИК,24-07-2023,У тебя есть опыт продаж B2B от 3-х лет. У тебя есть опыт продаж ИТ-услуг и...,"Исходящие контакты и построение отношений с потенциальными клиентами по таргет-листу. Построение крупных партнерств: телеком-операторы, порталы (агрегаторы) и т...",От 3 до 6 лет,Полная занятость,https://hh.ru/vacancy/82527949,Programmer,"Business Development Manager. У тебя есть опыт продаж B2B от 3-х лет. У тебя есть опыт продаж ИТ-услуг и... Исходящие контакты и построение отношений с потенциальными клиентами по таргет-листу. Построение крупных партнерств: телеком-операторы, порталы (агрегаторы) и т...",,0
941,MIddle Flutter разработчик,,Алматы,Magnum E-commerce Kazakhstan,24-07-2023,"Опыт работы с Flutter 1-2 года. Опыт мобильной разработки, желательно на Android, от 2 лет. Опыт работы с технологией...",Разработка мобильных приложений на Flutter для iOS и Android. Верстка мобильных приложений на основе дизайна в приложении Figma.,От 1 года до 3 лет,Полная занятость,https://hh.ru/vacancy/82494659,Programmer,"MIddle Flutter разработчик. Опыт работы с Flutter 1-2 года. Опыт мобильной разработки, желательно на Android, от 2 лет. Опыт работы с технологией... Разработка мобильных приложений на Flutter для iOS и Android. Верстка мобильных приложений на основе дизайна в приложении Figma.","android, figma, flutter, ios",4
942,Fullstack Бағдарламашы (программист оқытушы),250000 - 350000 KZT,Алматы,Ehlel & Amjilt international company (Эхлэл & Амжилт ),23-07-2023,"Оқу орталығына Full Stack бағдарламашы мұғалімдерді шақырамыз. Міндеттері: HTML,CSS, JavaScript, ​​​​​​​React, React Native, Next.js, ​​​​​​​​​​​​​​Node.js, MongoDB, MySQL, Python бағдарламалау...",Команда мүшелерімен жақсы қарым-қатынаста болу. ҚР ЕК сәйкес ресми жұмысқа орналастыру.,От 1 года до 3 лет,Полная занятость,https://hh.ru/vacancy/82385518,Programmer,"Fullstack Бағдарламашы (программист оқытушы). Оқу орталығына Full Stack бағдарламашы мұғалімдерді шақырамыз. Міндеттері: HTML,CSS, JavaScript, ​​​​​​​React, React Native, Next.js, ​​​​​​​​​​​​​​Node.js, MongoDB, MySQL, Python бағдарламалау... Команда мүшелерімен жақсы қарым-қатынаста болу. ҚР ЕК сәйкес ресми жұмысқа орналастыру.","css, html, javascript, mongodb, mysql, next.js, node.js, python, react, react native",10
943,Руководитель отдела программистов / Проджект менеджер,200000 - 300000 KZT,Алматы,Oktrening,23-07-2023,"Мы ищем проджект менеджера в отдел разработки с опытом взаимодействия/управления коллегами, кодить не придётся. Поверхностное понимание работы телефонии: Asterisk...","У нас имеется неисчерпаемый источник идей по развитию и продвижению проекта, рефакторингу, решению проблем производительности, поэтому осуществляем поиски сотрудника на...",От 1 года до 3 лет,Полная занятость,https://hh.ru/vacancy/83574307,Programmer,"Руководитель отдела программистов / Проджект менеджер. Мы ищем проджект менеджера в отдел разработки с опытом взаимодействия/управления коллегами, кодить не придётся. Поверхностное понимание работы телефонии: Asterisk... У нас имеется неисчерпаемый источник идей по развитию и продвижению проекта, рефакторингу, решению проблем производительности, поэтому осуществляем поиски сотрудника на...",,0
944,Middle Engine Programmer,,Астана,G5EN KAZ,18-07-2023,"Опыт коммерческого программирования на С++ от 2-х лет. Опыт проектирования систем. Продвинутые знания современного C++ (C++17, C++20).","Работать с различными подсистемами движка, реализовывать все необходимые алгоритмы, отвечающие за визуализацию, звуковые эффекты и т.д. Разрабатывать необходимый для...",От 1 года до 3 лет,Полная занятость,https://hh.ru/vacancy/83643652,Programmer,"Middle Engine Programmer. Опыт коммерческого программирования на С++ от 2-х лет. Опыт проектирования систем. Продвинутые знания современного C++ (C++17, C++20). Работать с различными подсистемами движка, реализовывать все необходимые алгоритмы, отвечающие за визуализацию, звуковые эффекты и т.д. Разрабатывать необходимый для...",c++,1
945,Integration Developer,,Алматы,Prime Source,13-07-2023,"Bachelor’s degree in MIS, Computer Science, IT or related field or an MBA. Strong oral and written communication skills.","Plans, designs, builds, tests and maintains the integrations and web services between enterprise systems. Actively participate in project vision design...",От 3 до 6 лет,Полная занятость,https://hh.ru/vacancy/83366724,Programmer,"Integration Developer. Bachelor’s degree in MIS, Computer Science, IT or related field or an MBA. Strong oral and written communication skills. Plans, designs, builds, tests and maintains the integrations and web services between enterprise systems. Actively participate in project vision design...",,0
946,Старший инженер-программист/Senior software engineer (Python/Full stack),400000 RUR,Астана,Топассистент,04-07-2023,"более 10 лет коммерческого опыта работы в командной среде. - глубокие знания Python 3. - умение создавать чистый, структурированный код с понятными...","разработка и улучшение приложения pSeven Enterprise с использованием Python 3.5+, Django, Tornado, Asyncio, Multiprocessing, GraphQL и других технологий. -",Более 6 лет,Полная занятость,https://hh.ru/vacancy/82963122,Programmer,"Старший инженер-программист/Senior software engineer (Python/Full stack). более 10 лет коммерческого опыта работы в командной среде. - глубокие знания Python 3. - умение создавать чистый, структурированный код с понятными... разработка и улучшение приложения pSeven Enterprise с использованием Python 3.5+, Django, Tornado, Asyncio, Multiprocessing, GraphQL и других технологий. -","django, graphql, python",3
947,Senior Backend Developer (PHP),5000 USD,Алматы,Перфект Системс,22-07-2023,Постоянное самообучение. Быть внимательным к деталям. Проявлять активную позицию в развитие проекта и компании. Опыт работы в Software Development от...,Разработка ПО - web приложения в соответствии с техническим заданием. Проектирование. Написание кода. Пусконаладочные работы. Участие в командных мероприятиях по сбору...,Более 6 лет,Полная занятость,https://hh.ru/vacancy/81111069,Programmer,Senior Backend Developer (PHP). Постоянное самообучение. Быть внимательным к деталям. Проявлять активную позицию в развитие проекта и компании. Опыт работы в Software Development от... Разработка ПО - web приложения в соответствии с техническим заданием. Проектирование. Написание кода. Пусконаладочные работы. Участие в командных мероприятиях по сбору...,php,1
948,Middle Engine Programmer,,Алматы,G5EN KAZ,18-07-2023,"Опыт коммерческого программирования на С++ от 2-х лет. Опыт проектирования систем. Продвинутые знания современного C++ (C++17, C++20).","Работать с различными подсистемами движка, реализовывать все необходимые алгоритмы, отвечающие за визуализацию, звуковые эффекты и т.д. Разрабатывать необходимый для...",От 1 года до 3 лет,Полная занятость,https://hh.ru/vacancy/83643651,Programmer,"Middle Engine Programmer. Опыт коммерческого программирования на С++ от 2-х лет. Опыт проектирования систем. Продвинутые знания современного C++ (C++17, C++20). Работать с различными подсистемами движка, реализовывать все необходимые алгоритмы, отвечающие за визуализацию, звуковые эффекты и т.д. Разрабатывать необходимый для...",c++,1
949,Middle+ Android разработчик Департамента развития корпоративных систем,,Алматы,"Bank RBK, АО",27-06-2023,Опыт работы в разработке мобильных приложений на Android от 2 до 5 лет. Отличное знание языка Kotlin. Понимание принципов разработки...,"Разработка и поддержка Android-приложения для онлайн-банкинга. Написание чистого, поддерживаемого и эффективного кода на языке Kotlin. Интеграция Android-приложения...",От 3 до 6 лет,Полная занятость,https://hh.ru/vacancy/82549402,Programmer,"Middle+ Android разработчик Департамента развития корпоративных систем. Опыт работы в разработке мобильных приложений на Android от 2 до 5 лет. Отличное знание языка Kotlin. Понимание принципов разработки... Разработка и поддержка Android-приложения для онлайн-банкинга. Написание чистого, поддерживаемого и эффективного кода на языке Kotlin. Интеграция Android-приложения...","android, kotlin",2
950,Full-stack Laravel & Vue developer (Middle/Senior),2000 - 4000 USD,Астана,OGD Solutions,23-07-2023,"At least 3 years of commercial experience as a Full-stack Laravel & Vue developer. Understanding of code versioning, Git, or...","Excellent knowledge with Eloquent ORM — Relationships, Accessors & Mutators, etc. Experience with Docker, Laravel Broadcasting, Rate limiting, Swagger documentation.",От 3 до 6 лет,Полная занятость,https://hh.ru/vacancy/82738484,Programmer,"Full-stack Laravel & Vue developer (Middle/Senior). At least 3 years of commercial experience as a Full-stack Laravel & Vue developer. Understanding of code versioning, Git, or... Excellent knowledge with Eloquent ORM — Relationships, Accessors & Mutators, etc. Experience with Docker, Laravel Broadcasting, Rate limiting, Swagger documentation.","docker, git, laravel, vue.js",4
951,Middle Application Developer (Full stack),,Алматы,СЖС Казахстан ЛТД,18-07-2023,"Образование: высшее техническое. Знание языка: английский технический, чтение и перевод. Самостоятельность и высокий уровень самоорганизации и ответственности. Готовность и умение...","Разработка нового и поддержка существующего функционала. Анализ требований к программному обеспечению, рефакторинг, внедрение лучших практик. Участие в проектировании архитектуры ПО.",От 1 года до 3 лет,Полная занятость,https://hh.ru/vacancy/80734398,Programmer,"Middle Application Developer (Full stack). Образование: высшее техническое. Знание языка: английский технический, чтение и перевод. Самостоятельность и высокий уровень самоорганизации и ответственности. Готовность и умение... Разработка нового и поддержка существующего функционала. Анализ требований к программному обеспечению, рефакторинг, внедрение лучших практик. Участие в проектировании архитектуры ПО.",,0
952,Программист С++ (скелетная анимация),,Алматы,Eagle Dynamics,13-07-2023,"Уверенное знание современного С++ (Windows, компилятор MSVC). Умение разбираться в коде и его отлаживать. Уверенное владение отладчиком (MS Visual Studio).","Разработка системы анимирования игровых юнитов на графическом движке собственной разработки. Работа с анимациями (смешивание анимаций, blendspaces, locomotion, аддитивная анимация частей...",От 3 до 6 лет,Полная занятость,https://hh.ru/vacancy/80616960,Programmer,"Программист С++ (скелетная анимация). Уверенное знание современного С++ (Windows, компилятор MSVC). Умение разбираться в коде и его отлаживать. Уверенное владение отладчиком (MS Visual Studio). Разработка системы анимирования игровых юнитов на графическом движке собственной разработки. Работа с анимациями (смешивание анимаций, blendspaces, locomotion, аддитивная анимация частей...",,0
953,Full-stack / Node.js разработчик,100000 RUR,Астана,Ртк Холдинг,23-07-2023,"Опыт работы в качестве node.js, TS разработчика. Уверенное владение базовыми веб-технологиями, такими как HTML, CSS и JavaScript.",Разработка и поддержка веб-приложения на node.js. Оптимизация производительности и масштабируемости веб-приложений. Участие в разработке и внедрении API.,От 3 до 6 лет,Полная занятость,https://hh.ru/vacancy/82723166,Programmer,"Full-stack / Node.js разработчик. Опыт работы в качестве node.js, TS разработчика. Уверенное владение базовыми веб-технологиями, такими как HTML, CSS и JavaScript. Разработка и поддержка веб-приложения на node.js. Оптимизация производительности и масштабируемости веб-приложений. Участие в разработке и внедрении API.","css, html, javascript, node.js",4
954,Программист 1C,,Астана,Alias-Soft,11-07-2023,"Знание механизмов платформы 8.3. Опыт интеграции 1С со сторонними приложениями (через обмен файлами, веб-сервисы, http-запросы и...","Программирование на платформе 1С версии 8.2, 8.3 всех объектов конфигурации 1С (справочники, документы, отчет), Бухгалтерия для...",От 1 года до 3 лет,Полная занятость,https://hh.ru/vacancy/83288588,Programmer,"Программист 1C. Знание механизмов платформы 8.3. Опыт интеграции 1С со сторонними приложениями (через обмен файлами, веб-сервисы, http-запросы и... Программирование на платформе 1С версии 8.2, 8.3 всех объектов конфигурации 1С (справочники, документы, отчет), Бухгалтерия для...",1c,1
955,WHMSC Developer,,Алматы,RapidSeedbox,22-07-2023,Required experience: more than 6 years. → Excellence in everything we do (We go above and beyond!). → Continuously push the limits...,We are on a mission to provide more online anonymity to people worldwide. Join us on the journey! ︎ SaaS Company. ︎,Более 6 лет,Полная занятость,https://hh.ru/vacancy/83703346,Programmer,WHMSC Developer. Required experience: more than 6 years. → Excellence in everything we do (We go above and beyond!). → Continuously push the limits... We are on a mission to provide more online anonymity to people worldwide. Join us on the journey! ︎ SaaS Company. ︎,go,1
956,QA инженер,,Алматы,Jusan Invest,10-07-2023,"Опыт работы от 3-х лет. Навыки: selenium, sql, Jira, git, postman.","Рецензирование спецификаций и технических заданий. Разработка и актуализация тестовой документации: планов тестирования, тестовых вариантов, чек-листов, и др.",От 3 до 6 лет,Полная занятость,https://hh.ru/vacancy/83194633,QA Engineer,"QA инженер. Опыт работы от 3-х лет. Навыки: selenium, sql, Jira, git, postman. Рецензирование спецификаций и технических заданий. Разработка и актуализация тестовой документации: планов тестирования, тестовых вариантов, чек-листов, и др.","git, jira, postman, selenium, sql",5
957,QA Engineer (Console),,Алматы,Gaijin Games,21-07-2023,"коммерческий опыт работы в мануальном тестировании от 1 года. — опыт тестирования игровых проектов на консолях (PS, Xbox). — опыт работы с...","Gaijin разрабатывает онлайн-игры класса AAA для ПК, консолей и мобильных платформ, включая популярные MMO «War Thunder», «Enlisted» и другие...",Нет опыта,Полная занятость,https://hh.ru/vacancy/83646317,QA Engineer,"QA Engineer (Console). коммерческий опыт работы в мануальном тестировании от 1 года. — опыт тестирования игровых проектов на консолях (PS, Xbox). — опыт работы с... Gaijin разрабатывает онлайн-игры класса AAA для ПК, консолей и мобильных платформ, включая популярные MMO «War Thunder», «Enlisted» и другие...",,0
958,QA Engineer (Console),,Астана,Gaijin Games,21-07-2023,"коммерческий опыт работы в мануальном тестировании от 1 года. — опыт тестирования игровых проектов на консолях (PS, Xbox). — опыт работы с...","Gaijin разрабатывает онлайн-игры класса AAA для ПК, консолей и мобильных платформ, включая популярные MMO «War Thunder», «Enlisted» и другие...",Нет опыта,Полная занятость,https://hh.ru/vacancy/83646318,QA Engineer,"QA Engineer (Console). коммерческий опыт работы в мануальном тестировании от 1 года. — опыт тестирования игровых проектов на консолях (PS, Xbox). — опыт работы с... Gaijin разрабатывает онлайн-игры класса AAA для ПК, консолей и мобильных платформ, включая популярные MMO «War Thunder», «Enlisted» и другие...",,0
959,QA-инженер,200000 - 400000 KZT,Алматы,NiDGE,21-07-2023,"Опыт работы с СУБД (любой, например Postgre SQL). Знание SQL на уровне написания среднего уровня запросов (способность получить любые сведения...","Критическое и аналитическое осмысление сценариев и тестовых примеров, экспериментирование, чтобы найти те, которые лучше всего подходят для имеющегося продукта, следует...",От 1 года до 3 лет,Полная занятость,https://hh.ru/vacancy/83803411,QA Engineer,"QA-инженер. Опыт работы с СУБД (любой, например Postgre SQL). Знание SQL на уровне написания среднего уровня запросов (способность получить любые сведения... Критическое и аналитическое осмысление сценариев и тестовых примеров, экспериментирование, чтобы найти те, которые лучше всего подходят для имеющегося продукта, следует...","postgresql, sql",2
960,QA Engineer,,Алматы,ДОЧЕРНЯЯ ОРГАНИЗАЦИЯ НАРОДНОГО БАНКА КАЗАХСТАНА HALYK FINSERVICE,04-07-2023,"Опыт работы в области автоматизации тестирования программного обеспечения: от одного года, знание библиотек Selenium, Pytest, фреймворка Appium. Знание методологий тестирования.","Способность анализировать требования к программному обеспечению, создавать. Тестовые случаи и проводить тестирование с целью обнаружения дефектов и ошибок.",От 1 года до 3 лет,Полная занятость,https://hh.ru/vacancy/82945596,QA Engineer,"QA Engineer. Опыт работы в области автоматизации тестирования программного обеспечения: от одного года, знание библиотек Selenium, Pytest, фреймворка Appium. Знание методологий тестирования. Способность анализировать требования к программному обеспечению, создавать. Тестовые случаи и проводить тестирование с целью обнаружения дефектов и ошибок.","pytest, selenium",2
961,QA engineer,,Астана,ProPeople Global,21-07-2023,"Понимание микросервисной архитектуры. Знание и применение на практике, основ и принципов проведения тестирования веб-приложений. Знание популярных веб-технологий и...","Подготовка протоколов тестирования, актуализация тестовой документации, чек листов. Автоматизация процесса обеспечения качества на проекте. Участие на всех этапах разработки ПО...",От 3 до 6 лет,Полная занятость,https://hh.ru/vacancy/83791091,QA Engineer,"QA engineer. Понимание микросервисной архитектуры. Знание и применение на практике, основ и принципов проведения тестирования веб-приложений. Знание популярных веб-технологий и... Подготовка протоколов тестирования, актуализация тестовой документации, чек листов. Автоматизация процесса обеспечения качества на проекте. Участие на всех этапах разработки ПО...",,0
962,QA Engineer (Junior),,Алматы,Gaijin Games,21-07-2023,"опыт тестирования игровых проектов. — знание систем баг-трекинга (Bugzilla, Jira, Mantis, Redmine). — понимание инструментов, методов и средств тестирования. —","Gaijin разрабатывает онлайн-игры класса AAA для ПК, консолей и мобильных платформ, включая популярные MMO «War Thunder», «Enlisted» и другие...",От 1 года до 3 лет,Полная занятость,https://hh.ru/vacancy/81434082,QA Engineer,"QA Engineer (Junior). опыт тестирования игровых проектов. — знание систем баг-трекинга (Bugzilla, Jira, Mantis, Redmine). — понимание инструментов, методов и средств тестирования. — Gaijin разрабатывает онлайн-игры класса AAA для ПК, консолей и мобильных платформ, включая популярные MMO «War Thunder», «Enlisted» и другие...",jira,1
963,Junior QA Engineer,,Астана,G5EN KAZ,11-07-2023,,Charitable activities: you can initiate your own project with the company's support or participate in G5 Charity events.,Нет опыта,Полная занятость,https://hh.ru/vacancy/83305661,QA Engineer,Junior QA Engineer.  Charitable activities: you can initiate your own project with the company's support or participate in G5 Charity events.,,0
964,Тестировщик / QA Инженер,,Алматы,Home Credit Bank,10-07-2023,Имеешь опыт работы в должности QA инженера . Имеешь знание баз данных и языка запросов SQL. Понимаешь принципов работы систем управления...,"Составление тест-кейсов и тест сценариев. Проведение модульного, интеграционного, нагрузочного, регрессионного тестирования. Автоматизация тестирования. Внесение предложений по улучшению методологии и...",От 1 года до 3 лет,Полная занятость,https://hh.ru/vacancy/83217231,QA Engineer,"Тестировщик / QA Инженер. Имеешь опыт работы в должности QA инженера . Имеешь знание баз данных и языка запросов SQL. Понимаешь принципов работы систем управления... Составление тест-кейсов и тест сценариев. Проведение модульного, интеграционного, нагрузочного, регрессионного тестирования. Автоматизация тестирования. Внесение предложений по улучшению методологии и...","automation testing, sql",2
965,QA engineer,,Алматы,Банк ЦентрКредит,14-07-2023,"Опыт в менторстве будет плюсом. Опыт работы в качестве QA инженера , специалиста по тестированию . Структурированное мышление и высокий уровень организованности.",Функциональное тестирование web и мобильного приложения. Контроль качества разрабатываемых продуктов. Участие в процессе обеспечения регулярной поставки релизов и продуктов в...,От 1 года до 3 лет,Полная занятость,https://hh.ru/vacancy/83446445,QA Engineer,"QA engineer. Опыт в менторстве будет плюсом. Опыт работы в качестве QA инженера , специалиста по тестированию . Структурированное мышление и высокий уровень организованности. Функциональное тестирование web и мобильного приложения. Контроль качества разрабатываемых продуктов. Участие в процессе обеспечения регулярной поставки релизов и продуктов в...",,0
966,QA Engineer,,Алматы,MyCar Group,11-07-2023,"Аналогичный опыт работы от 2-х лет. Знание Scrum, Agile, Kanban. Умение читать Логи, Sentry. Знание Python.","Взаимодействие с командой проекта: разработчиками, QA, менеджерами, дизайнерами, аналитиками и службой поддержки. Локализация и анализ ошибок в коде и документации.",От 1 года до 3 лет,Полная занятость,https://hh.ru/vacancy/83289877,QA Engineer,"QA Engineer. Аналогичный опыт работы от 2-х лет. Знание Scrum, Agile, Kanban. Умение читать Логи, Sentry. Знание Python. Взаимодействие с командой проекта: разработчиками, QA, менеджерами, дизайнерами, аналитиками и службой поддержки. Локализация и анализ ошибок в коде и документации.","agile, kanban, python, scrum",4
967,Инженер по тестированию ПО (QA),,Астана,Холдинг Самгау,12-07-2023,"Слаженная и ответственная команда разработки, имеющая за плечами опыт запуска десятков продуктов. Активно растущие проекты и амбициозные планы их развития.","Множество выстроенных процессов - работаем по спринтам, задачи ведём в JIRA, код храним в GitLab, документацию - в Confluence. Пространство для роста...",От 3 до 6 лет,Полная занятость,https://hh.ru/vacancy/83335288,QA Engineer,"Инженер по тестированию ПО (QA). Слаженная и ответственная команда разработки, имеющая за плечами опыт запуска десятков продуктов. Активно растущие проекты и амбициозные планы их развития. Множество выстроенных процессов - работаем по спринтам, задачи ведём в JIRA, код храним в GitLab, документацию - в Confluence. Пространство для роста...","confluence, gitlab, jira",3
968,Middle QA Engineer (manual),,Алматы,Мобайл Телеком-Сервис (Объединенная Компания Tele2/ALTEL),10-07-2023,"Высшее образование. Знание техник тест-дизайна, опыт разработки тестовой документации. Анализ спецификаций. Опыт работы с системами контроля версий - git, gitlab.","Сопровождение релизов : Поддержка работоспособности существующих процессов . Разработка тестовой документации, нужной на проекте (в том числе разработка приемочных критериев).",От 1 года до 3 лет,Полная занятость,https://hh.ru/vacancy/83188083,QA Engineer,"Middle QA Engineer (manual). Высшее образование. Знание техник тест-дизайна, опыт разработки тестовой документации. Анализ спецификаций. Опыт работы с системами контроля версий - git, gitlab. Сопровождение релизов : Поддержка работоспособности существующих процессов . Разработка тестовой документации, нужной на проекте (в том числе разработка приемочных критериев).","git, gitlab",2
969,QA Engineer / Тестировщик ПО,,Алматы,Аврора Холдинг,05-07-2023,Опыт ручного тестирования web-приложений. Понимание принципов тестирования и процессов разработки web-приложения. Умение пользоваться инструментом для работы с REST...,"Ручным функциональным тестированием web-приложений. Обеспечивать качество продукта на всех стадиях его разработки. Составлять тестовою документацию: чек-листы, тест-кейсы...",От 1 года до 3 лет,Полная занятость,https://hh.ru/vacancy/77943256,QA Engineer,"QA Engineer / Тестировщик ПО. Опыт ручного тестирования web-приложений. Понимание принципов тестирования и процессов разработки web-приложения. Умение пользоваться инструментом для работы с REST... Ручным функциональным тестированием web-приложений. Обеспечивать качество продукта на всех стадиях его разработки. Составлять тестовою документацию: чек-листы, тест-кейсы...",manual testing,1
970,QA инженер (Тестировщик),,Астана,ЧУ «Центр информационных технологий и сервиса NIS»,01-07-2023,Опыт нагрузочного тестирования. Опыт тестирования мобильных приложений. Опыт работы тестировщиком в Agile командах. Знание Linux. Знание современных frontend технологий.,"Участие в тестировании и повышении качества продукта. Функциональное ручное и автоматическое тестирование Backend и Frontend. Обнаружение, документирование и отслеживание багов.",От 1 года до 3 лет,Полная занятость,https://hh.ru/vacancy/82869633,QA Engineer,"QA инженер (Тестировщик). Опыт нагрузочного тестирования. Опыт тестирования мобильных приложений. Опыт работы тестировщиком в Agile командах. Знание Linux. Знание современных frontend технологий. Участие в тестировании и повышении качества продукта. Функциональное ручное и автоматическое тестирование Backend и Frontend. Обнаружение, документирование и отслеживание багов.","agile, linux",2
971,Senior QA engineer,,Петропавловск,Setronica,19-07-2023,"Опыт работы по написанию тест-кейсов. Навыки в смоук-тестировании. Умение работать с репозиторием. Понимание, какие тест-кейсы можно автоматизировать...","Взаимодействовать с командой тестировщиков Заказчика. Разбираться в новых фичах, видеть возможные рисковые тест-кейсы с негативными сценариями. Лидить команду тестеровщиков.",Более 6 лет,Полная занятость,https://hh.ru/vacancy/83661013,QA Engineer,"Senior QA engineer. Опыт работы по написанию тест-кейсов. Навыки в смоук-тестировании. Умение работать с репозиторием. Понимание, какие тест-кейсы можно автоматизировать... Взаимодействовать с командой тестировщиков Заказчика. Разбираться в новых фичах, видеть возможные рисковые тест-кейсы с негативными сценариями. Лидить команду тестеровщиков.",,0
972,QA engineer (тестировщик),200000 - 800000 KZT,Астана,Вайпоинг,23-07-2023,"опыт от 2-х лет тестирования backend api, frontend и мобильной разработки. - своевременное выявление багов и недочетов в работе системы. -","IT компания Wipon находится в поисках тестировщиков . - составление плана (чек листы, тест кейсы), участие в стратегии тестирования.",От 1 года до 3 лет,Полная занятость,https://hh.ru/vacancy/82450311,QA Engineer,"QA engineer (тестировщик). опыт от 2-х лет тестирования backend api, frontend и мобильной разработки. - своевременное выявление багов и недочетов в работе системы. - IT компания Wipon находится в поисках тестировщиков . - составление плана (чек листы, тест кейсы), участие в стратегии тестирования.",,0
973,Middle QA Engineer (Manual),550000 - 700000 KZT,Алматы,Citadel.one”,22-07-2023,"Навыки, которыми должен обладать кандидат: — Опыт работы в тестировании веб/мобильных приложений от 1,5 года. — Средний уровень разговорного и...",Проверка требований к продукту. Оценка рисков. Планирование идей по улучшению качества продукта. Планирование тестирования. Анализ результатов тестирования.,От 1 года до 3 лет,Полная занятость,https://hh.ru/vacancy/82627959,QA Engineer,"Middle QA Engineer (Manual). Навыки, которыми должен обладать кандидат: — Опыт работы в тестировании веб/мобильных приложений от 1,5 года. — Средний уровень разговорного и... Проверка требований к продукту. Оценка рисков. Планирование идей по улучшению качества продукта. Планирование тестирования. Анализ результатов тестирования.",,0
974,QA Engineer (middle/middle+),2000 USD,Астана,Ecom Market,21-07-2023,"Flexible schedule. Опыт работы в Linux подобных системах. Понимание HTTP, работа с dev tools, API. Английский от B1.",Paid vacation; 28 calendar days. Проводить ручное функциональное тестирование web-приложений и расширений для хрома. Заниматься автоматизацией тестирования. Прохождение чеклистов.,От 3 до 6 лет,Полная занятость,https://hh.ru/vacancy/83359954,QA Engineer,"QA Engineer (middle/middle+). Flexible schedule. Опыт работы в Linux подобных системах. Понимание HTTP, работа с dev tools, API. Английский от B1. Paid vacation; 28 calendar days. Проводить ручное функциональное тестирование web-приложений и расширений для хрома. Заниматься автоматизацией тестирования. Прохождение чеклистов.",linux,1
975,QA Engineer / Тестировщик ПО,,Алматы,QALANKZ,21-07-2023,"Опыт работы в автоматизации web, mobile приложений. Теоретические и практические знания по автоматизации тестирования программных продуктов. Понимание принципов работы существующего...","Выполнять ручное и автоматизированное тестирование бэкэнда, фронтенда. Составлять тестовую документацию: чек-листы, тест-кейсы, баг-репорты. Участвовать в планировании новой...",От 1 года до 3 лет,Полная занятость,https://hh.ru/vacancy/82546481,QA Engineer,"QA Engineer / Тестировщик ПО. Опыт работы в автоматизации web, mobile приложений. Теоретические и практические знания по автоматизации тестирования программных продуктов. Понимание принципов работы существующего... Выполнять ручное и автоматизированное тестирование бэкэнда, фронтенда. Составлять тестовую документацию: чек-листы, тест-кейсы, баг-репорты. Участвовать в планировании новой...",automation testing,1
976,QA инженер (Strong Junior/ Pre-middle),,Алматы,"Евразийский банк, АО",27-06-2023,"Высшее техническое образование: Опыт работы - не менее 2-х лет. Практический опыт проведения тестирований АБИС (модульное, функциональное, регрессионное, нагрузочное и...",Составление плана тестирования. Разработка тестовых артефактов. Проведение мануального тестирования АБИС. Работа с БД Oracle (на уровне опытного пользователя).,От 1 года до 3 лет,Полная занятость,https://hh.ru/vacancy/82531089,QA Engineer,"QA инженер (Strong Junior/ Pre-middle). Высшее техническое образование: Опыт работы - не менее 2-х лет. Практический опыт проведения тестирований АБИС (модульное, функциональное, регрессионное, нагрузочное и... Составление плана тестирования. Разработка тестовых артефактов. Проведение мануального тестирования АБИС. Работа с БД Oracle (на уровне опытного пользователя).",oracle,1
977,QA Engineer,,Караганда,Interspark Kz,21-07-2023,"Bachelor's degree in Computer Science, Engineering or related field. 1-2 years of experience as a Quality Assurance Engineer...",Develop and execute test plans to ensure that all objectives are met. Implement and monitor test scripts to assess functionality...,От 1 года до 3 лет,Полная занятость,https://hh.ru/vacancy/82529616,QA Engineer,"QA Engineer. Bachelor's degree in Computer Science, Engineering or related field. 1-2 years of experience as a Quality Assurance Engineer... Develop and execute test plans to ensure that all objectives are met. Implement and monitor test scripts to assess functionality...",,0
978,QA инженер,,Алматы,«ФИНАНСОВЫЙ ХОЛДИНГ «РЕСПУБЛИКА»,05-07-2023,"Знание теории тестирования и видов тестирования (функциональное, регрессионное, smoke, интеграционное). Умение составлять и вести тестовую документацию и тестовые артефакты (чек...","Обнаруживать, документировать и отслеживать баги. Писать тест-кейсы, составлять тест-планы и чек листы. Обеспечивать оптимальное тестовое покрытие.",От 1 года до 3 лет,Полная занятость,https://hh.ru/vacancy/83030966,QA Engineer,"QA инженер. Знание теории тестирования и видов тестирования (функциональное, регрессионное, smoke, интеграционное). Умение составлять и вести тестовую документацию и тестовые артефакты (чек... Обнаруживать, документировать и отслеживать баги. Писать тест-кейсы, составлять тест-планы и чек листы. Обеспечивать оптимальное тестовое покрытие.",,0
979,QA Engineer (тестировщик ПО),,Астана,"ALSECO, АО",27-06-2023,3+ лет опыта работы QA инженером . Отличное знание Postman. Опыт разработки и обслуживания автоматизированных тестов. Опыт работы с различными...,Разработка стратегии тестирования проектов в компании. Проведение нагрузочного тестирования на Jmeter и др программных приложениях. Автоматизация тестирования web-приложений и...,От 3 до 6 лет,Полная занятость,https://hh.ru/vacancy/81574573,QA Engineer,QA Engineer (тестировщик ПО). 3+ лет опыта работы QA инженером . Отличное знание Postman. Опыт разработки и обслуживания автоматизированных тестов. Опыт работы с различными... Разработка стратегии тестирования проектов в компании. Проведение нагрузочного тестирования на Jmeter и др программных приложениях. Автоматизация тестирования web-приложений и...,"automation testing, postman",2
980,QA инженер автотест,,Алматы,Prime Source,27-06-2023,,Работа над проектом мобильного приложения для физических лиц. Требования: Разработка и проверка автотестов на удаленном сервере (операционная система Linux).,От 1 года до 3 лет,Проектная работа,https://hh.ru/vacancy/81829585,QA Engineer,QA инженер автотест.  Работа над проектом мобильного приложения для физических лиц. Требования: Разработка и проверка автотестов на удаленном сервере (операционная система Linux).,linux,1
981,Q/A engineer,,Алматы,AVIATA.KZ,21-07-2023,"Хорошее знание теории тестирования и применение ее на практике. Использование снифферов траффика Proxyman / Fiddler. Опыт работы с автотестами, написание и...","Ручное тестирование ios, android, frontend. Ручное тестирование backend (api интеграции, работа endpoint-ов, запросы). Плюсом будет работа с интеграционными тестами...",От 1 года до 3 лет,Полная занятость,https://hh.ru/vacancy/82235310,QA Engineer,"Q/A engineer. Хорошее знание теории тестирования и применение ее на практике. Использование снифферов траффика Proxyman / Fiddler. Опыт работы с автотестами, написание и... Ручное тестирование ios, android, frontend. Ручное тестирование backend (api интеграции, работа endpoint-ов, запросы). Плюсом будет работа с интеграционными тестами...","android, ios, manual testing",3
982,QA Automation engineer,,Алматы,Минт Паблишинг,12-07-2023,Опыт авто-тестирования от 1 года. Опыт авто-тестирования мобильных приложений (Android и/или IOS). Умение работать в команде.,"Автоматическое тестирование Android и IOS приложений. Тестирование серого и белого ящика. Организация чек-листов, пайплайнов и кейсов для тестирования.",От 1 года до 3 лет,Полная занятость,https://hh.ru/vacancy/83360803,QA Engineer,"QA Automation engineer. Опыт авто-тестирования от 1 года. Опыт авто-тестирования мобильных приложений (Android и/или IOS). Умение работать в команде. Автоматическое тестирование Android и IOS приложений. Тестирование серого и белого ящика. Организация чек-листов, пайплайнов и кейсов для тестирования.","android, ios",2
983,QA инженер,,Алматы,Alina Group,19-07-2023,Опыт работы QA engineering / software engineering не менее 3 лет. Модульное тестирование / Интеграционное тестирование. Программы для тестирования. Знание методов и...,Оценивать и внедрять программное обеспечение для тестирования. Проверять продукты на соответствие установленным требованиям и ожиданиям. Обеспечивать настройку автоматического тестирования.,От 3 до 6 лет,Полная занятость,https://hh.ru/vacancy/77361585,QA Engineer,QA инженер. Опыт работы QA engineering / software engineering не менее 3 лет. Модульное тестирование / Интеграционное тестирование. Программы для тестирования. Знание методов и... Оценивать и внедрять программное обеспечение для тестирования. Проверять продукты на соответствие установленным требованиям и ожиданиям. Обеспечивать настройку автоматического тестирования.,unit testing,1
984,Middle+ QA Automation Engineer,,Астана,BirdsBuild (БёрдсБилд),22-07-2023,Vue 3 (Nuxt 3) + Vite. TypeScript. CSS Module. Ruby 3.0.0. Ruby On Rails 7. PostgreSQL 12+.,"Разработка фреймворков АТ. Создание, поддержка, развитие АТ с применением Playwright ( JavaScript) на основе уже имеющейся тестовой документации. Проведение Smoke, Sanity...",От 3 до 6 лет,Полная занятость,https://hh.ru/vacancy/83131803,QA Engineer,"Middle+ QA Automation Engineer. Vue 3 (Nuxt 3) + Vite. TypeScript. CSS Module. Ruby 3.0.0. Ruby On Rails 7. PostgreSQL 12+. Разработка фреймворков АТ. Создание, поддержка, развитие АТ с применением Playwright ( JavaScript) на основе уже имеющейся тестовой документации. Проведение Smoke, Sanity...","css, javascript, postgresql, ruby, typescript, vue.js",6
985,Middle QA Engineer (Автотесты),,Алматы,Страховая компания Amanat,11-07-2023,Опыт работы тестировщиком Web-приложений. -Навыки автоматизации тестирования (обязательно). -На практике используете методы и технологии тестирования ПО. -Опыт работы с...,,От 1 года до 3 лет,Полная занятость,https://hh.ru/vacancy/81730237,QA Engineer,Middle QA Engineer (Автотесты). Опыт работы тестировщиком Web-приложений. -Навыки автоматизации тестирования (обязательно). -На практике используете методы и технологии тестирования ПО. -Опыт работы с...,,0
986,QA инженер (mobile Android) E-commerce,,Алматы,TECHNODOM Operator (Технодом Оператор),20-07-2023,Знание ОС Android и ее особенностей. Знание языка программирования Java и Kotlin. Умение работать с инструментами для тестирования Android приложений...,"Написание и поддержка автоматизированных тестов на платформе Android. Навыки тестирования, включая создание тестовых случаев, запуск тестов, анализ результатов и документирование...",От 1 года до 3 лет,Полная занятость,https://hh.ru/vacancy/82919392,QA Engineer,"QA инженер (mobile Android) E-commerce. Знание ОС Android и ее особенностей. Знание языка программирования Java и Kotlin. Умение работать с инструментами для тестирования Android приложений... Написание и поддержка автоматизированных тестов на платформе Android. Навыки тестирования, включая создание тестовых случаев, запуск тестов, анализ результатов и документирование...","android, java, kotlin",3
987,Middle QA Engineer (Тестировщик мобильных игр),,Алматы,Playrix,16-07-2023,Опыт работы в тестировании от двух лет на аналогичной позиции. Знания особенностей тестирования мобильных приложений и игр. Понимание основ клиент...,"Различные виды тестирования match-3 проекта с большой и интересной метой на мобильных и десктопных платформах. Анализ ТЗ, создание и...",От 1 года до 3 лет,Полная занятость,https://hh.ru/vacancy/83510534,QA Engineer,"Middle QA Engineer (Тестировщик мобильных игр). Опыт работы в тестировании от двух лет на аналогичной позиции. Знания особенностей тестирования мобильных приложений и игр. Понимание основ клиент... Различные виды тестирования match-3 проекта с большой и интересной метой на мобильных и десктопных платформах. Анализ ТЗ, создание и...",,0
988,QA Intern - Automation testing,,Алматы,a1qa (ООО ITRANSITION),22-07-2023,"Basic knowledge of one of the OOP programming languages (Java, C# and JavaScript are the ones we use the most).",Developing automated tests. Executing tests and analyzing results. Setting up and maintaining the testing environment. Communicating with the project team.,Нет опыта,Полная занятость,https://hh.ru/vacancy/77063457,QA Engineer,"QA Intern - Automation testing. Basic knowledge of one of the OOP programming languages (Java, C# and JavaScript are the ones we use the most). Developing automated tests. Executing tests and analyzing results. Setting up and maintaining the testing environment. Communicating with the project team.","automation testing, c#, java, javascript",4
989,QA Intern - Functional testing,,Алматы,a1qa (ООО ITRANSITION),22-07-2023,Comprehensive understanding of the testing process and the pivotal role of a QA engineer within the software development realm.,Immersing yourself in business logic analysis. Conducting rigorous functional testing of applications. Assessing quality based on meticulous testing results and...,Нет опыта,Стажировка,https://hh.ru/vacancy/77063417,QA Engineer,QA Intern - Functional testing. Comprehensive understanding of the testing process and the pivotal role of a QA engineer within the software development realm. Immersing yourself in business logic analysis. Conducting rigorous functional testing of applications. Assessing quality based on meticulous testing results and...,,0
990,QA инженер (backend),,Астана,Тинькофф,20-07-2023,"Опыт тестирования backend (API (SOAP/REST), базы данных) от 2 лет. Знание одного или нескольких языков программирования (Java, Kotlin, Python...",Самостоятельное проведение функционального и автоматизированного видов тестирования (в том числе анализ и тестирование требований). Работа в продуктовой команде в рамках...,От 3 до 6 лет,Полная занятость,https://hh.ru/vacancy/66739293,QA Engineer,"QA инженер (backend). Опыт тестирования backend (API (SOAP/REST), базы данных) от 2 лет. Знание одного или нескольких языков программирования (Java, Kotlin, Python... Самостоятельное проведение функционального и автоматизированного видов тестирования (в том числе анализ и тестирование требований). Работа в продуктовой команде в рамках...","java, kotlin, python, soap",4
991,QA инженер (backend),,Алматы,Тинькофф,20-07-2023,"Опыт тестирования backend (API (SOAP/REST), базы данных) от 2 лет. Знание одного или нескольких языков программирования (Java, Kotlin, Python...",Самостоятельное проведение функционального и автоматизированного видов тестирования (в том числе анализ и тестирование требований). Работа в продуктовой команде в рамках...,От 3 до 6 лет,Полная занятость,https://hh.ru/vacancy/66702057,QA Engineer,"QA инженер (backend). Опыт тестирования backend (API (SOAP/REST), базы данных) от 2 лет. Знание одного или нескольких языков программирования (Java, Kotlin, Python... Самостоятельное проведение функционального и автоматизированного видов тестирования (в том числе анализ и тестирование требований). Работа в продуктовой команде в рамках...","java, kotlin, python, soap",4
992,Quality Assurance Supervisor,,Алматы,Coca-Cola İçecek Kazakhstan  ( ТОО СП «Кока-Кола Алматы Боттлерс» ),04-07-2023,"University degree in Engineering (preferably, Food/Chemical). Minimum 3 years of experience in QA field. Knowledge of ISO standards, GMP.",Ensuring the Coca-Cola Quality System and product quality at all stages in the chain from material entry to the...,От 3 до 6 лет,Полная занятость,https://hh.ru/vacancy/82989418,QA Engineer,"Quality Assurance Supervisor. University degree in Engineering (preferably, Food/Chemical). Minimum 3 years of experience in QA field. Knowledge of ISO standards, GMP. Ensuring the Coca-Cola Quality System and product quality at all stages in the chain from material entry to the...",,0
993,QA инженер (mobile),,Астана,Тинькофф,20-07-2023,Опыт работы в качестве мобильного тестировщика от 2 лет. Опыт работы с системами контроля версий. Опыт работы с REST API...,Тестирование мобильных приложений на платформах iOS/Android. Работа в продуктовой команде в рамках Agile процессов (в том числе работа с...,От 3 до 6 лет,Полная занятость,https://hh.ru/vacancy/66739126,QA Engineer,QA инженер (mobile). Опыт работы в качестве мобильного тестировщика от 2 лет. Опыт работы с системами контроля версий. Опыт работы с REST API... Тестирование мобильных приложений на платформах iOS/Android. Работа в продуктовой команде в рамках Agile процессов (в том числе работа с...,"agile, android, ios, rest api",4
994,QA инженер (mobile),,Алматы,Тинькофф,20-07-2023,Опыт работы в качестве мобильного тестировщика от 2 лет. Опыт работы с системами контроля версий. Опыт работы с REST API...,Тестирование мобильных приложений на платформах iOS/Android. Работа в продуктовой команде в рамках Agile процессов (в том числе работа с...,От 3 до 6 лет,Полная занятость,https://hh.ru/vacancy/66702184,QA Engineer,QA инженер (mobile). Опыт работы в качестве мобильного тестировщика от 2 лет. Опыт работы с системами контроля версий. Опыт работы с REST API... Тестирование мобильных приложений на платформах iOS/Android. Работа в продуктовой команде в рамках Agile процессов (в том числе работа с...,"agile, android, ios, rest api",4
995,QA Automation Engineer middle (mobile),,Алматы,Лаборатория качества,14-07-2023,Опыт работы в качестве автоматизатора мобильных приложений Android/iOS от 1 года. Автоматизации тестирования (Java 18 + Selenium (Selenide) +...,Автоматизация приложения на платформах iOS и Android. Коммуникации с командой. Подготовка тестовых данных.,От 1 года до 3 лет,Полная занятость,https://hh.ru/vacancy/83453289,QA Engineer,QA Automation Engineer middle (mobile). Опыт работы в качестве автоматизатора мобильных приложений Android/iOS от 1 года. Автоматизации тестирования (Java 18 + Selenium (Selenide) +... Автоматизация приложения на платформах iOS и Android. Коммуникации с командой. Подготовка тестовых данных.,"android, ios, java, selenium",4
996,QA Automation Engineer middle (mobile),,Астана,Лаборатория качества,24-07-2023,Опыт работы в качестве автоматизатора мобильных приложений Android/iOS от 1 года. Автоматизации тестирования (Java 18 + Selenium (Selenide) +...,Автоматизация приложения на платформах iOS и Android. Коммуникации с командой. Подготовка тестовых данных.,От 1 года до 3 лет,Полная занятость,https://hh.ru/vacancy/83453290,QA Engineer,QA Automation Engineer middle (mobile). Опыт работы в качестве автоматизатора мобильных приложений Android/iOS от 1 года. Автоматизации тестирования (Java 18 + Selenium (Selenide) +... Автоматизация приложения на платформах iOS и Android. Коммуникации с командой. Подготовка тестовых данных.,"android, ios, java, selenium",4
997,Software Engineer (Customer Process Management),,Алматы,Kaspi.kz,24-07-2023,"Знание языка запросов SQL. Опыт работы с одной из СУБД: Oracle, MySQL, PostgreSQL, Redis. Опыт работы на любом языке программирования...",Настройка бизнес-процессов с помощью low-code инструмента. Построение и развитие архитектуры информационных систем и БД. Написание оптимизированных запросов SQL.,От 1 года до 3 лет,Полная занятость,https://hh.ru/vacancy/83935853,Software Engineer,"Software Engineer (Customer Process Management). Знание языка запросов SQL. Опыт работы с одной из СУБД: Oracle, MySQL, PostgreSQL, Redis. Опыт работы на любом языке программирования... Настройка бизнес-процессов с помощью low-code инструмента. Построение и развитие архитектуры информационных систем и БД. Написание оптимизированных запросов SQL.","mysql, oracle, postgresql, redis, sql",5
998,Lead Embedded Software Engineer,,Алматы,Муратов Д.М,20-07-2023,"A Master's or Bachelor's in Electrical Engineering , Embedded Systems, Computer Science, or equivalent. At least 3-5+...","Building and leading the embedded software development. Testing and debugging the program of various components like Motor controllers, ECU (Electronic...",От 3 до 6 лет,Полная занятость,https://hh.ru/vacancy/83736746,Software Engineer,"Lead Embedded Software Engineer. A Master's or Bachelor's in Electrical Engineering , Embedded Systems, Computer Science, or equivalent. At least 3-5+... Building and leading the embedded software development. Testing and debugging the program of various components like Motor controllers, ECU (Electronic...",,0
999,Software Engineer,,Алматы,Home Credit Bank,13-07-2023,"IT образование, понимание процесса разработки ПО. Опыт работы QA или IT support инженером в IT от 1 года.",Участие в процессе тестирования и сопровождения систем участвующих в процессе одобрения кредитов: Анализ тестовых и продукционных инцидентов. Функциональное тестирование.,От 1 года до 3 лет,Полная занятость,https://hh.ru/vacancy/83366709,Software Engineer,"Software Engineer. IT образование, понимание процесса разработки ПО. Опыт работы QA или IT support инженером в IT от 1 года. Участие в процессе тестирования и сопровождения систем участвующих в процессе одобрения кредитов: Анализ тестовых и продукционных инцидентов. Функциональное тестирование.",,0
1000,Software инженер Digital Window ( Golang ),,Алматы,"Beeline, ТМ",21-07-2023,"Знание распространенных практик и инструментов разработки программного обеспечения (в рамках своего направления разработки). Опыт работы с Git flow, Gitlab CI.",Разработка приложений и услуг. Структурный дизайн базы данных. Участие в разработке архитектуры приложений и компонентов. Управление процессами развертывания продукта.,От 3 до 6 лет,Полная занятость,https://hh.ru/vacancy/83792085,Software Engineer,"Software инженер Digital Window ( Golang ). Знание распространенных практик и инструментов разработки программного обеспечения (в рамках своего направления разработки). Опыт работы с Git flow, Gitlab CI. Разработка приложений и услуг. Структурный дизайн базы данных. Участие в разработке архитектуры приложений и компонентов. Управление процессами развертывания продукта.","git, gitlab, go",3
1001,Middle Java Software инженер (Проект Golden Number),,Алматы,"Beeline, ТМ",11-07-2023,"Дизайн структуры базы данных. Базовые навыки нормализации и денормализации, когда нужна первая и вторая. Метрики в Prometheus+Grafana. Опыт коммерческой разработки...","Команда проекта Golden Number разрабатывает для наших клиентов функционал на shop.beeline.kz, позволяющий купить (заказать) красивый номер от Beeline (в т...",От 3 до 6 лет,Полная занятость,https://hh.ru/vacancy/83277974,Software Engineer,"Middle Java Software инженер (Проект Golden Number). Дизайн структуры базы данных. Базовые навыки нормализации и денормализации, когда нужна первая и вторая. Метрики в Prometheus+Grafana. Опыт коммерческой разработки... Команда проекта Golden Number разрабатывает для наших клиентов функционал на shop.beeline.kz, позволяющий купить (заказать) красивый номер от Beeline (в т...",java,1
1002,Senior / Lead Data Software Engineer,,Астана,"Epam Kazakhstan (Эпам Казахстан),ТОО",04-07-2023,"Solid experience in Java, Python or Scala. Proficiency in SQL. Understanding of common Big Data problems (splitability, massive parallel processing...","Perform data ingestion processes to include existing data sources in the new platform. Participate in platform engineering , including cloud-based...",От 3 до 6 лет,Полная занятость,https://hh.ru/vacancy/82960984,Software Engineer,"Senior / Lead Data Software Engineer. Solid experience in Java, Python or Scala. Proficiency in SQL. Understanding of common Big Data problems (splitability, massive parallel processing... Perform data ingestion processes to include existing data sources in the new platform. Participate in platform engineering , including cloud-based...","big data, java, python, scala, sql",5
1003,Software support инженер ( Team Leader),,Алматы,"Beeline, ТМ",11-07-2023,"Обеспечение доступности систем отдела не ниже 99,9%. Знание телекоммуникационных стандартов/протоколов, бизнес-процессов, биллинговых и ERP систем и систем...","Обеспечивает доступность систем и их работоспособность на высоком уровне, обеспечивает должный уровень сервиса для клиентов. Тесно взаимодействует со структурами информ...",От 3 до 6 лет,Полная занятость,https://hh.ru/vacancy/83252937,Software Engineer,"Software support инженер ( Team Leader). Обеспечение доступности систем отдела не ниже 99,9%. Знание телекоммуникационных стандартов/протоколов, бизнес-процессов, биллинговых и ERP систем и систем... Обеспечивает доступность систем и их работоспособность на высоком уровне, обеспечивает должный уровень сервиса для клиентов. Тесно взаимодействует со структурами информ...",erp,1
1004,IT Software Engineer (remote),,Астана,iQ-SOLUTIONS,14-07-2023,Minimum 3 years of experience support Enterprise Content Management Platforms in a large organizations. Knowing OpenText ECM is advantageous.,"Perform installations, configurations and testing of application software . Perform application packaging, testing and release management. Maintain security, backup, and redundancy...",От 3 до 6 лет,Полная занятость,https://hh.ru/vacancy/83423904,Software Engineer,"IT Software Engineer (remote). Minimum 3 years of experience support Enterprise Content Management Platforms in a large organizations. Knowing OpenText ECM is advantageous. Perform installations, configurations and testing of application software . Perform application packaging, testing and release management. Maintain security, backup, and redundancy...",,0
1005,Инженер по эксплуатации и обслуживанию программного обеспечения Linux,,Алматы,"Филиал Nuctech Co.,Ltd in the AIFC",17-07-2023,"Уметь работать с Linux и Docker, быть способным развертывать проектное программное обеспечение в Linux, настраивать параметры, связанные с сервером, и...","... программным обеспечением на объекте клиента, а после сбора, обобщения и сортировки отчитывается и дает обратную связь отделу разработки программного обеспечения .",Более 6 лет,Полная занятость,https://hh.ru/vacancy/83518158,Software Engineer,"Инженер по эксплуатации и обслуживанию программного обеспечения Linux. Уметь работать с Linux и Docker, быть способным развертывать проектное программное обеспечение в Linux, настраивать параметры, связанные с сервером, и... ... программным обеспечением на объекте клиента, а после сбора, обобщения и сортировки отчитывается и дает обратную связь отделу разработки программного обеспечения .","docker, linux",2
1006,IT Software Engineer (OpenText Extended ECM),,Алматы,ФЕНИКС ИНТЕРНЕШНЛ РЕСОРСИЗ КАСПИАН,19-07-2023,Minimum 3 years of experience support Enterprise Content Management Platforms in a large organizations. Knowing OpenText Extended ECM is advantageous.,"Well management with EDMS/IED/HROA/HRDT technical and functional scope (Documents, Transmittal, Access Control, Custom reports, Data Integrity).",От 3 до 6 лет,Полная занятость,https://hh.ru/vacancy/83699139,Software Engineer,"IT Software Engineer (OpenText Extended ECM). Minimum 3 years of experience support Enterprise Content Management Platforms in a large organizations. Knowing OpenText Extended ECM is advantageous. Well management with EDMS/IED/HROA/HRDT technical and functional scope (Documents, Transmittal, Access Control, Custom reports, Data Integrity).",,0
1007,Senior EDA Software Engineer,,Алматы,Ventra IT Solutions,29-06-2023,"PhD or MS in Computer Science or Electrical Engineering , a minimum of 2 years of relevant experience. Experience in digital...",High-performance HDL simulation core algorithm development for RTL and gate level functional verification. Verilog parallel simulation algorithm development and...,Более 6 лет,Полная занятость,https://hh.ru/vacancy/82801857,Software Engineer,"Senior EDA Software Engineer. PhD or MS in Computer Science or Electrical Engineering , a minimum of 2 years of relevant experience. Experience in digital... High-performance HDL simulation core algorithm development for RTL and gate level functional verification. Verilog parallel simulation algorithm development and...",,0
1008,Assistant Professor (Software Engineering),,Алматы,KIMEP,22-07-2023,Significant knowledge in Software Development and Engineering . Considerable knowledge in developing academic program curricula. Effective interpersonal and communication skills.,"Initiate, lead, manage development and growth of a new Software Engineering program. Delivery of teaching and learning, including oversight and...",От 3 до 6 лет,Полная занятость,https://hh.ru/vacancy/81658554,Software Engineer,"Assistant Professor (Software Engineering). Significant knowledge in Software Development and Engineering . Considerable knowledge in developing academic program curricula. Effective interpersonal and communication skills. Initiate, lead, manage development and growth of a new Software Engineering program. Delivery of teaching and learning, including oversight and...",,0
1009,Инженер по тестированию (MIDDLE),,Алматы,Комус,21-07-2023,"...ручного тестирования . Знание основ, методологий и видов тестирования программного обеспечения и умение применять имеющиеся знания на практике. Опыт тестирования API...","Проведение процесса тестирования в соответствии с планами, программами и методиками тестирования , а также согласно поставленным задачам. Проведение тестирования сайтов, приложений...",От 3 до 6 лет,Полная занятость,https://hh.ru/vacancy/83799060,Test Engineer,"Инженер по тестированию (MIDDLE). ...ручного тестирования . Знание основ, методологий и видов тестирования программного обеспечения и умение применять имеющиеся знания на практике. Опыт тестирования API... Проведение процесса тестирования в соответствии с планами, программами и методиками тестирования , а также согласно поставленным задачам. Проведение тестирования сайтов, приложений...","api testing, manual testing",2
1010,Специалист по тестированию на проникновение (Pentest),,Алматы,CyberSecurity,04-07-2023,"Теоретический и практический опыт в проведении пентестов. Хорошие знания одного из языков программирования (Python, go, c и тд).","Проведения внешнего тестирования на проникновение (методами Black, White box). Пентест Веб-приложений. Написание кастомных скриптов для тестирования веб-приложений.",От 1 года до 3 лет,Полная занятость,https://hh.ru/vacancy/82996662,Test Engineer,"Специалист по тестированию на проникновение (Pentest). Теоретический и практический опыт в проведении пентестов. Хорошие знания одного из языков программирования (Python, go, c и тд). Проведения внешнего тестирования на проникновение (методами Black, White box). Пентест Веб-приложений. Написание кастомных скриптов для тестирования веб-приложений.","go, python",2
1011,Инженер по тестированию главной страницы Яндекса.,,Алматы,Яндекс,26-06-2023,"Занимались функциональным или UI- тестированием больше 3 лет. Понимаете процессы, методологию и практики тестирования и знаете, как автоматизировать эти процессы.","... тестированием сервиса, отслеживать его качество. Заниматься функциональным тестированием бэкенда сервиса. Проводить регрессионное тестирование в рамках релизного процесса. Оптимизировать процессы тестирования ...",От 3 до 6 лет,Полная занятость,https://hh.ru/vacancy/82461530,Test Engineer,"Инженер по тестированию главной страницы Яндекса.. Занимались функциональным или UI- тестированием больше 3 лет. Понимаете процессы, методологию и практики тестирования и знаете, как автоматизировать эти процессы. ... тестированием сервиса, отслеживать его качество. Заниматься функциональным тестированием бэкенда сервиса. Проводить регрессионное тестирование в рамках релизного процесса. Оптимизировать процессы тестирования ...",,0
1012,Инженер по тестированию backend,,Алматы,Иви,11-07-2023,"Знание теории тестирования ПО. Опыт работы с linux bash (grep, env, pipe). SQL (умеешь писать простые запросы, использовать join и...","Покрывать автотестами новый функционал и беклог автоматизации. Поддерживать, дорабатывать существующие фреймворки тестирования микросервисов и разрабатывать их с нуля.",От 1 года до 3 лет,Полная занятость,https://hh.ru/vacancy/83261166,Test Engineer,"Инженер по тестированию backend. Знание теории тестирования ПО. Опыт работы с linux bash (grep, env, pipe). SQL (умеешь писать простые запросы, использовать join и... Покрывать автотестами новый функционал и беклог автоматизации. Поддерживать, дорабатывать существующие фреймворки тестирования микросервисов и разрабатывать их с нуля.","bash, linux, sql",3
1013,Инженер по тестированию РРЛ,450000 - 500000 KZT,Астана,«FREEDOM TELECOM»,22-07-2023,"Высшее образование (специальность: Радиотехника, электроника, телекоммуникации). Знание теории распространения ЭМ волн. Понимание как вести расчет/бюджет радиолинков. Работа с такими...",Проведение исследований в новых технологиях и решениях РРЛ. Составление тест-планов по тестируемому оборудованию РРЛ. Взаимодействие с отделами планирования проектов...,От 3 до 6 лет,Полная занятость,https://hh.ru/vacancy/82947941,Test Engineer,"Инженер по тестированию РРЛ. Высшее образование (специальность: Радиотехника, электроника, телекоммуникации). Знание теории распространения ЭМ волн. Понимание как вести расчет/бюджет радиолинков. Работа с такими... Проведение исследований в новых технологиях и решениях РРЛ. Составление тест-планов по тестируемому оборудованию РРЛ. Взаимодействие с отделами планирования проектов...",,0
1014,Инженер по тестированию бурового инструмента,,Караганда,Sandvik Mining and Construction Kazakhstan LTD,17-07-2023,"Высшее техническое образование по специальности «Горные машины и оборудование», «Горный инженер », « Инженер -Механик», «Подземная разработка месторождений полезных ископаемых» или работа...","Проведение испытаний бурового инструмента, оформление соответствующей документации по результатам тестирования , передача дальнейшей информации специалистам отдела продаж. Обработка технических рекламаций.",От 3 до 6 лет,Полная занятость,https://hh.ru/vacancy/80926451,Test Engineer,"Инженер по тестированию бурового инструмента. Высшее техническое образование по специальности «Горные машины и оборудование», «Горный инженер », « Инженер -Механик», «Подземная разработка месторождений полезных ископаемых» или работа... Проведение испытаний бурового инструмента, оформление соответствующей документации по результатам тестирования , передача дальнейшей информации специалистам отдела продаж. Обработка технических рекламаций.",,0
1015,Test Engineer (направление сгущение и фильтрации),,Караганда,Метсо Оутотек Казахстан,23-07-2023,Техническое образование. Опыт работы в проведении лабораторных испытаний от 3х лет. Английский - intermediate. Развитые коммуникативные навыки.,Организация и проведение лабораторных испытаний по обезвоживанию (сгущению и фильтрации) на площадках Заказчика на оборудовании компании Метсо. Поддержание лабораторного оборудования...,От 3 до 6 лет,Полная занятость,https://hh.ru/vacancy/82471597,Test Engineer,Test Engineer (направление сгущение и фильтрации). Техническое образование. Опыт работы в проведении лабораторных испытаний от 3х лет. Английский - intermediate. Развитые коммуникативные навыки. Организация и проведение лабораторных испытаний по обезвоживанию (сгущению и фильтрации) на площадках Заказчика на оборудовании компании Метсо. Поддержание лабораторного оборудования...,,0
1016,Инженер по автоматизации тестирования iOS,,Алматы,Иви,11-07-2023,"Опыт работы с Appium или XCUITest. Опыт работы с *nix системами (Linux, MacOS). Знание Swift. Понимание работы клиент-серверных приложений...","Код хранится в Gitlab, CI\CD — Jenkins и Gitlab. Разрабатываем собственные инструменты для тестирования , например, для генерации тестовых данных и...",От 1 года до 3 лет,Полная занятость,https://hh.ru/vacancy/83261114,Test Engineer,"Инженер по автоматизации тестирования iOS. Опыт работы с Appium или XCUITest. Опыт работы с *nix системами (Linux, MacOS). Знание Swift. Понимание работы клиент-серверных приложений... Код хранится в Gitlab, CI\CD — Jenkins и Gitlab. Разрабатываем собственные инструменты для тестирования , например, для генерации тестовых данных и...","gitlab, ios, jenkins, linux, swift",5
1017,Инженер по автоматизации тестирования Android (Kotlin),,Алматы,Иви,11-07-2023,"Знание теории тестирования ПО . Опыт работы UI Automator, Espresso или Appium. Опыт программирования на любом из объектно-ориентированных языков программирования...","Код хранится в Gitlab, CI\CD — Jenkins и Gitlab. Разрабатываем собственные инструменты для тестирования , например, для генерации тестовых данных и...",От 1 года до 3 лет,Полная занятость,https://hh.ru/vacancy/83261184,Test Engineer,"Инженер по автоматизации тестирования Android (Kotlin). Знание теории тестирования ПО . Опыт работы UI Automator, Espresso или Appium. Опыт программирования на любом из объектно-ориентированных языков программирования... Код хранится в Gitlab, CI\CD — Jenkins и Gitlab. Разрабатываем собственные инструменты для тестирования , например, для генерации тестовых данных и...","android, gitlab, jenkins, kotlin",4
